customer_id,age,tenure_months,monthly_charges,contract,internet_service,payment_method,tech_support,paperless_billing,support_calls,churn
C100000,76.0,7,14.14,Two year,None,UPI,Yes,Yes,1,0
C100001,20.0,56,38.51,One year,DSL,Card,No,Yes,1,0
C100002,42.0,48,69.61,Month-to-month,Fiber,UPI,No,Yes,3,0
C100003,39.0,32,24.01,One year,DSL,Bank transfer,No,Yes,1,0
C100004,56.0,32,49.27,Month-to-month,DSL,UPI,No,Yes,2,1
C100005,60.0,62,63.65,One year,Fiber,Card,Yes,Yes,1,0
C100006,22.0,7,33.04,One year,DSL,UPI,Yes,Yes,1,0
C100007,44.0,51,73.49,Month-to-month,Fiber,Cash,No,Yes,2,1
C100008,35.0,15,87.3,Month-to-month,Fiber,,No,No,1,0
C100009,,7,31.72,One year,DSL,UPI,No,No,1,0
C100010,36.0,38,62.64,Month-to-month,Fiber,Card,No,Yes,1,1
C100011,20.0,71,73.98,Two year,Fiber,UPI,No,Yes,1,0
C100012,56.0,53,36.71,One year,None,Bank transfer,No,Yes,1,0
C100013,72.0,55,36.09,One year,DSL,Bank transfer,Yes,No,1,0
C100014,68.0,52,17.72,Month-to-month,None,UPI,No,No,0,0
C100015,26.0,57,23.13,One year,None,Cash,Yes,Yes,3,0
C100016,64.0,37,53.4,Two year,Fiber,UPI,No,No,2,0
C100017,30.0,10,65.08,Month-to-month,Fiber,Cash,No,No,1,1
C100018,26.0,61,55.4,Month-to-month,Fiber,Card,Yes,No,1,0
C100019,50.0,33,17.12,Month-to-month,None,UPI,Yes,No,4,0
C100020,67.0,37,30.9,Month-to-month,DSL,Cash,No,Yes,1,0
C100021,72.0,27,10.0,One year,None,Cash,No,No,1,0
C100022,56.0,14,21.43,Month-to-month,None,,Yes,No,2,0
C100023,43.0,67,74.94,One year,Fiber,Bank transfer,No,No,1,0
C100024,54.0,57,68.45,Month-to-month,Fiber,Bank transfer,No,No,1,0
C100025,36.0,47,57.77,Month-to-month,Fiber,Bank transfer,No,No,3,1
C100026,26.0,29,80.12,Month-to-month,Fiber,Card,No,No,1,0
C100027,42.0,60,35.18,Two year,None,UPI,No,Yes,1,0
C100028,28.0,40,38.2,One year,DSL,Bank transfer,No,Yes,2,0
C100029,23.0,32,32.17,Month-to-month,DSL,UPI,No,No,3,1
C100030,64.0,33,32.27,One year,DSL,Cash,No,No,3,0
C100031,69.0,17,23.47,Month-to-month,None,UPI,No,Yes,2,0
C100032,64.0,7,70.72,Month-to-month,Fiber,Card,Yes,Yes,3,1
C100033,74.0,40,23.48,Month-to-month,None,Card,No,No,1,0
C100034,48.0,64,73.6,Two year,Fiber,Bank transfer,No,Yes,0,0
C100035,59.0,5,29.09,One year,DSL,Card,Yes,Yes,1,1
C100036,30.0,62,13.42,One year,None,Cash,No,No,0,0
C100037,45.0,60,67.76,Month-to-month,Fiber,Card,No,Yes,2,1
C100038,24.0,20,73.74,Month-to-month,Fiber,UPI,Yes,Yes,1,1
C100039,56.0,46,22.52,One year,DSL,Bank transfer,No,No,2,0
C100040,45.0,12,33.17,Month-to-month,DSL,UPI,No,No,2,1
C100041,52.0,55,34.71,Two year,DSL,Bank transfer,No,Yes,1,0
C100042,70.0,51,66.11,One year,Fiber,Card,No,Yes,1,0
C100043,21.0,26,81.22,Month-to-month,Fiber,UPI,Yes,Yes,3,0
C100044,45.0,5,44.86,One year,DSL,UPI,No,No,3,1
C100045,42.0,70,38.32,Two year,DSL,Cash,No,Yes,2,0
C100046,63.0,33,49.16,Month-to-month,DSL,Card,No,Yes,2,0
C100047,58.0,65,77.03,One year,Fiber,UPI,No,No,3,0
C100048,62.0,49,21.07,Two year,None,Bank transfer,Yes,No,1,0
C100049,70.0,57,66.18,Month-to-month,Fiber,Cash,Yes,Yes,3,1
C100050,36.0,55,31.84,Two year,DSL,Bank transfer,No,Yes,3,0
C100051,40.0,15,73.04,Month-to-month,Fiber,Bank transfer,Yes,No,1,1
C100052,39.0,27,17.03,One year,None,UPI,No,Yes,0,0
C100053,,34,57.86,One year,Fiber,UPI,No,No,1,0
C100054,46.0,36,16.95,One year,None,Cash,Yes,Yes,2,0
C100055,64.0,4,28.22,Month-to-month,None,Cash,Yes,Yes,1,1
C100056,33.0,40,49.41,One year,Fiber,Bank transfer,No,Yes,3,0
C100057,75.0,12,31.22,Month-to-month,None,Bank transfer,Yes,Yes,1,0
C100058,47.0,54,39.59,Month-to-month,DSL,Cash,No,No,2,0
C100059,79.0,50,18.12,Month-to-month,None,Card,Yes,No,1,0
C100060,45.0,67,22.3,One year,None,Card,No,No,0,0
C100061,20.0,54,27.69,Month-to-month,None,Cash,No,No,2,1
C100062,34.0,27,70.27,Month-to-month,Fiber,UPI,No,Yes,5,0
C100063,45.0,70,77.59,Two year,Fiber,Card,No,No,2,0
C100064,26.0,30,,Month-to-month,DSL,UPI,Yes,No,0,0
C100065,65.0,24,71.4,Month-to-month,Fiber,UPI,No,Yes,0,1
C100066,39.0,66,61.11,Month-to-month,Fiber,Bank transfer,Yes,No,2,0
C100067,69.0,27,69.22,Month-to-month,Fiber,Bank transfer,Yes,No,2,0
C100068,77.0,6,53.67,One year,Fiber,Card,Yes,Yes,1,0
C100069,23.0,34,38.57,Month-to-month,DSL,UPI,No,Yes,1,1
C100070,35.0,58,31.64,Month-to-month,DSL,Card,No,Yes,1,0
C100071,55.0,14,30.08,Two year,DSL,Cash,Yes,No,1,0
C100072,71.0,34,75.24,Two year,Fiber,Card,No,No,4,0
C100073,73.0,10,59.84,One year,Fiber,UPI,No,No,0,1
C100074,30.0,50,70.9,Two year,Fiber,UPI,Yes,No,1,0
C100075,32.0,35,32.28,Two year,DSL,UPI,Yes,Yes,1,0
C100076,30.0,24,18.56,Month-to-month,None,UPI,Yes,No,3,1
C100077,39.0,17,72.27,One year,Fiber,Bank transfer,Yes,Yes,2,0
C100078,55.0,41,49.59,One year,DSL,UPI,No,No,1,0
C100079,42.0,49,38.19,Month-to-month,DSL,Card,No,Yes,1,0
C100080,63.0,68,80.87,Month-to-month,Fiber,UPI,No,Yes,1,0
C100081,42.0,32,81.16,Month-to-month,Fiber,UPI,No,Yes,2,1
C100082,54.0,12,41.16,One year,DSL,UPI,Yes,Yes,1,0
C100083,52.0,60,20.25,One year,DSL,Bank transfer,No,Yes,2,0
C100084,33.0,46,33.08,One year,DSL,UPI,No,Yes,2,1
C100085,21.0,51,26.27,Month-to-month,DSL,Bank transfer,Yes,No,2,1
C100086,31.0,8,57.91,Month-to-month,DSL,Card,No,No,0,0
C100087,66.0,23,11.97,Month-to-month,None,Bank transfer,Yes,Yes,2,0
C100088,64.0,56,58.02,Month-to-month,Fiber,Card,No,Yes,0,0
C100089,25.0,60,47.84,Two year,Fiber,UPI,No,Yes,2,0
C100090,41.0,32,61.71,Two year,Fiber,UPI,No,No,4,0
C100091,68.0,58,70.98,Two year,Fiber,UPI,No,No,0,0
C100092,68.0,61,43.7,Two year,DSL,Card,No,No,2,0
C100093,,28,26.44,Two year,DSL,Bank transfer,No,Yes,2,0
C100094,66.0,65,44.37,Month-to-month,DSL,UPI,No,Yes,0,0
C100095,66.0,21,69.49,Month-to-month,Fiber,Cash,Yes,No,3,1
C100096,25.0,18,66.12,Month-to-month,Fiber,Bank transfer,No,No,0,1
C100097,40.0,50,71.38,Month-to-month,Fiber,UPI,No,Yes,4,1
C100098,21.0,46,81.34,Month-to-month,Fiber,Bank transfer,No,No,0,1
C100099,58.0,11,20.41,Month-to-month,None,Card,No,Yes,1,1
C100100,,60,26.13,Two year,DSL,UPI,Yes,Yes,2,0
C100101,29.0,15,73.39,Month-to-month,Fiber,UPI,No,Yes,1,0
C100102,39.0,58,73.27,Two year,Fiber,Bank transfer,Yes,No,1,0
C100103,51.0,1,68.48,One year,Fiber,,Yes,No,0,0
C100104,22.0,58,,One year,Fiber,UPI,No,Yes,1,0
C100105,36.0,57,51.69,One year,Fiber,Bank transfer,Yes,Yes,2,0
C100106,31.0,57,37.86,Month-to-month,DSL,UPI,No,Yes,4,0
C100107,18.0,48,76.27,One year,Fiber,,No,Yes,3,1
C100108,59.0,34,10.0,Month-to-month,None,UPI,No,No,1,0
C100109,62.0,51,58.13,Two year,Fiber,Bank transfer,Yes,Yes,0,0
C100110,23.0,20,27.99,Month-to-month,None,Card,Yes,No,1,0
C100111,26.0,57,79.4,Month-to-month,Fiber,UPI,No,No,0,0
C100112,22.0,41,80.88,One year,Fiber,,Yes,Yes,1,0
C100113,76.0,34,64.46,One year,Fiber,Cash,No,No,2,0
C100114,53.0,37,71.61,Month-to-month,Fiber,Card,No,No,1,1
C100115,51.0,41,22.67,One year,None,UPI,Yes,Yes,2,0
C100116,23.0,3,21.34,Month-to-month,DSL,Card,No,Yes,0,0
C100117,18.0,11,71.26,One year,Fiber,Cash,Yes,No,2,0
C100118,75.0,18,71.11,Month-to-month,Fiber,UPI,Yes,No,1,1
C100119,76.0,9,25.96,Month-to-month,None,UPI,No,No,0,1
C100120,51.0,32,65.43,Month-to-month,Fiber,Card,Yes,Yes,3,0
C100121,26.0,49,30.0,Month-to-month,None,UPI,Yes,No,0,0
C100122,19.0,48,20.64,Month-to-month,None,Card,No,No,2,0
C100123,69.0,34,48.68,Month-to-month,DSL,Bank transfer,No,Yes,2,0
C100124,50.0,62,25.97,Month-to-month,None,UPI,No,Yes,2,0
C100125,38.0,41,22.22,Month-to-month,None,UPI,No,Yes,3,1
C100126,18.0,6,25.54,Month-to-month,DSL,Bank transfer,No,No,0,0
C100127,53.0,56,59.44,Month-to-month,Fiber,Card,No,Yes,2,0
C100128,72.0,42,47.81,One year,DSL,Card,No,No,1,0
C100129,,46,77.02,Two year,Fiber,UPI,Yes,Yes,1,0
C100130,63.0,41,32.72,Month-to-month,DSL,Bank transfer,No,No,0,0
C100131,21.0,40,66.67,Two year,Fiber,Card,No,Yes,1,0
C100132,64.0,7,71.78,Month-to-month,Fiber,Bank transfer,Yes,No,3,0
C100133,60.0,41,59.24,Month-to-month,Fiber,UPI,No,Yes,2,0
C100134,70.0,58,31.26,One year,DSL,UPI,No,No,1,0
C100135,27.0,22,74.9,One year,Fiber,UPI,No,No,1,0
C100136,71.0,44,75.97,Two year,Fiber,,Yes,Yes,3,0
C100137,62.0,3,67.06,Month-to-month,Fiber,Card,No,Yes,1,1
C100138,65.0,26,47.8,One year,DSL,Bank transfer,Yes,Yes,4,0
C100139,27.0,32,43.36,Month-to-month,DSL,UPI,No,Yes,2,0
C100140,71.0,71,63.85,Month-to-month,Fiber,,No,No,1,0
C100141,19.0,16,10.0,Month-to-month,None,Cash,No,Yes,2,0
C100142,31.0,20,39.76,Two year,DSL,Card,No,No,5,1
C100143,27.0,30,66.4,Month-to-month,Fiber,UPI,No,Yes,4,1
C100144,32.0,72,29.88,Two year,DSL,UPI,No,No,2,0
C100145,56.0,62,71.78,One year,Fiber,Card,Yes,Yes,2,0
C100146,75.0,3,40.76,One year,DSL,Cash,Yes,No,3,0
C100147,79.0,17,76.34,One year,Fiber,Cash,Yes,Yes,0,0
C100148,24.0,60,70.44,Two year,Fiber,UPI,No,No,1,0
C100149,78.0,5,16.65,Month-to-month,DSL,Cash,Yes,No,3,0
C100150,24.0,62,42.64,Month-to-month,DSL,Card,No,Yes,1,0
C100151,,21,63.55,One year,Fiber,Cash,No,No,0,0
C100152,29.0,67,72.47,Month-to-month,Fiber,Bank transfer,No,Yes,2,0
C100153,69.0,22,,Month-to-month,None,Card,Yes,Yes,0,0
C100154,39.0,32,,Month-to-month,Fiber,UPI,No,Yes,1,1
C100155,72.0,48,36.46,Month-to-month,None,Bank transfer,Yes,No,0,0
C100156,51.0,10,66.32,Month-to-month,Fiber,UPI,Yes,No,1,0
C100157,50.0,41,24.24,Month-to-month,DSL,UPI,No,Yes,2,0
C100158,45.0,37,,Two year,DSL,UPI,No,No,2,0
C100159,32.0,57,72.17,Month-to-month,Fiber,Card,Yes,Yes,1,0
C100160,49.0,72,30.68,Two year,DSL,Card,Yes,Yes,2,0
C100161,58.0,48,11.11,Two year,None,Card,Yes,Yes,2,0
C100162,26.0,30,65.81,Month-to-month,Fiber,Bank transfer,No,Yes,2,0
C100163,26.0,30,73.61,One year,Fiber,UPI,Yes,No,3,0
C100164,44.0,31,69.37,One year,Fiber,UPI,Yes,Yes,1,1
C100165,69.0,59,66.14,One year,Fiber,Card,No,Yes,2,0
C100166,39.0,24,67.14,Month-to-month,Fiber,Card,Yes,Yes,1,0
C100167,43.0,13,33.7,Month-to-month,DSL,Bank transfer,No,No,1,0
C100168,77.0,25,36.78,Month-to-month,DSL,Card,No,No,3,0
C100169,34.0,2,37.25,One year,DSL,Bank transfer,No,Yes,1,0
C100170,40.0,8,21.81,Two year,DSL,UPI,No,No,1,0
C100171,70.0,7,71.33,One year,Fiber,Bank transfer,No,Yes,0,0
C100172,50.0,56,32.1,One year,DSL,UPI,Yes,No,0,0
C100173,24.0,53,26.89,Two year,DSL,Bank transfer,No,Yes,1,0
C100174,31.0,51,17.02,One year,None,Card,Yes,Yes,2,0
C100175,78.0,34,29.25,Month-to-month,None,Cash,No,Yes,1,1
C100176,,52,76.47,Two year,Fiber,Card,Yes,Yes,3,0
C100177,76.0,12,70.78,Month-to-month,Fiber,Card,No,Yes,2,1
C100178,47.0,65,62.82,Month-to-month,Fiber,UPI,Yes,No,2,0
C100179,55.0,37,24.12,Month-to-month,DSL,Card,No,Yes,1,0
C100180,26.0,68,62.47,Two year,Fiber,UPI,No,Yes,2,0
C100181,62.0,11,35.1,Month-to-month,DSL,Bank transfer,Yes,No,0,0
C100182,53.0,36,70.27,Month-to-month,Fiber,Bank transfer,No,No,1,0
C100183,20.0,51,14.79,Month-to-month,None,UPI,Yes,No,1,0
C100184,70.0,36,77.02,Month-to-month,Fiber,Cash,No,Yes,1,1
C100185,45.0,33,23.08,Month-to-month,None,UPI,Yes,No,1,0
C100186,79.0,12,48.79,One year,Fiber,Card,No,No,0,0
C100187,72.0,28,70.87,Two year,Fiber,Bank transfer,No,Yes,0,0
C100188,44.0,18,76.04,Month-to-month,Fiber,Card,No,Yes,2,1
C100189,18.0,22,71.62,Month-to-month,Fiber,Card,No,Yes,1,0
C100190,27.0,50,74.65,Month-to-month,Fiber,Card,No,Yes,0,1
C100191,36.0,46,32.89,Month-to-month,DSL,UPI,No,No,0,0
C100192,36.0,44,69.48,One year,Fiber,UPI,Yes,No,2,0
C100193,39.0,27,34.65,One year,DSL,UPI,No,Yes,0,0
C100194,77.0,70,71.47,One year,Fiber,UPI,Yes,Yes,2,0
C100195,59.0,7,30.37,Month-to-month,DSL,Bank transfer,No,No,3,1
C100196,29.0,25,78.74,One year,Fiber,Cash,Yes,Yes,1,0
C100197,61.0,9,46.38,Month-to-month,DSL,Card,No,Yes,2,1
C100198,21.0,25,30.75,Month-to-month,DSL,Card,No,No,3,0
C100199,22.0,70,60.65,Two year,Fiber,UPI,No,Yes,2,0
C100200,57.0,27,24.24,One year,DSL,Card,Yes,No,1,0
C100201,31.0,66,23.24,Two year,None,UPI,Yes,No,1,0
C100202,45.0,36,74.7,Two year,Fiber,UPI,No,Yes,1,0
C100203,69.0,51,73.27,One year,Fiber,Bank transfer,No,Yes,2,0
C100204,42.0,33,38.96,Two year,DSL,Card,No,No,1,0
C100205,29.0,20,15.45,Month-to-month,None,Bank transfer,No,Yes,2,1
C100206,79.0,56,54.08,Month-to-month,Fiber,,Yes,Yes,1,0
C100207,35.0,70,66.02,Month-to-month,Fiber,Cash,No,Yes,4,1
C100208,58.0,19,48.23,Month-to-month,DSL,UPI,No,No,1,1
C100209,28.0,57,72.12,Month-to-month,Fiber,Bank transfer,Yes,Yes,1,0
C100210,28.0,19,23.4,Month-to-month,None,Bank transfer,No,Yes,0,0
C100211,64.0,52,77.24,One year,Fiber,,Yes,Yes,0,0
C100212,73.0,57,28.28,One year,DSL,UPI,Yes,Yes,2,0
C100213,19.0,33,36.79,One year,DSL,Bank transfer,Yes,No,0,0
C100214,78.0,54,39.1,Month-to-month,DSL,Card,No,No,1,0
C100215,36.0,20,62.54,One year,Fiber,UPI,No,Yes,1,0
C100216,79.0,6,22.91,Month-to-month,None,UPI,Yes,No,1,0
C100217,51.0,7,30.36,Month-to-month,None,Bank transfer,No,No,3,0
C100218,,33,66.79,Month-to-month,Fiber,Card,No,No,1,0
C100219,18.0,65,21.22,Month-to-month,DSL,UPI,No,Yes,2,0
C100220,27.0,10,21.38,Month-to-month,None,Card,Yes,Yes,3,0
C100221,77.0,33,29.75,Two year,DSL,UPI,Yes,No,2,0
C100222,28.0,51,36.45,One year,DSL,Bank transfer,Yes,No,0,0
C100223,71.0,15,63.26,One year,Fiber,UPI,No,No,1,0
C100224,25.0,52,35.49,Month-to-month,DSL,UPI,No,Yes,2,0
C100225,58.0,23,29.82,Two year,None,UPI,Yes,Yes,1,0
C100226,41.0,59,19.78,One year,None,UPI,No,Yes,0,0
C100227,,42,56.81,Month-to-month,Fiber,Bank transfer,Yes,Yes,2,0
C100228,62.0,40,73.01,One year,Fiber,Card,Yes,Yes,3,0
C100229,27.0,13,70.16,Month-to-month,Fiber,Bank transfer,Yes,Yes,1,1
C100230,39.0,34,36.71,Month-to-month,DSL,Bank transfer,Yes,Yes,1,1
C100231,52.0,62,77.79,Month-to-month,Fiber,Cash,Yes,Yes,1,0
C100232,40.0,2,65.8,Month-to-month,Fiber,Card,Yes,No,0,1
C100233,32.0,55,17.7,Month-to-month,None,UPI,No,Yes,1,0
C100234,20.0,36,26.76,Month-to-month,DSL,Card,No,Yes,1,0
C100235,57.0,52,36.55,Month-to-month,DSL,Cash,No,No,0,0
C100236,21.0,48,71.34,Two year,Fiber,Bank transfer,Yes,Yes,2,0
C100237,27.0,32,67.92,Month-to-month,Fiber,UPI,No,Yes,1,0
C100238,32.0,23,75.98,Month-to-month,Fiber,Bank transfer,No,Yes,2,1
C100239,62.0,46,11.71,Month-to-month,None,Card,No,Yes,3,0
C100240,25.0,11,36.02,Two year,DSL,UPI,Yes,Yes,0,0
C100241,38.0,43,74.81,One year,Fiber,Bank transfer,No,Yes,3,0
C100242,22.0,7,30.66,Two year,DSL,Card,Yes,Yes,2,0
C100243,49.0,47,24.01,Month-to-month,DSL,Cash,Yes,Yes,1,0
C100244,29.0,46,56.44,Month-to-month,Fiber,Cash,No,Yes,0,0
C100245,28.0,7,71.24,One year,Fiber,Cash,No,No,3,0
C100246,37.0,55,83.55,Month-to-month,Fiber,Bank transfer,No,Yes,1,0
C100247,33.0,30,65.12,Two year,Fiber,Card,No,Yes,4,1
C100248,21.0,57,73.61,Two year,Fiber,UPI,Yes,Yes,4,0
C100249,45.0,3,10.0,Month-to-month,None,Card,No,No,2,0
C100250,49.0,13,37.99,Two year,DSL,Bank transfer,Yes,Yes,0,0
C100251,46.0,36,26.29,One year,DSL,Card,No,No,6,0
C100252,45.0,14,66.85,Month-to-month,Fiber,Cash,No,Yes,0,1
C100253,79.0,24,70.63,Month-to-month,Fiber,Card,No,No,0,1
C100254,35.0,48,10.0,Month-to-month,None,Card,No,Yes,6,1
C100255,38.0,11,60.17,Two year,DSL,Card,Yes,No,3,0
C100256,49.0,49,65.16,Month-to-month,Fiber,Bank transfer,Yes,Yes,2,0
C100257,23.0,8,24.86,Month-to-month,None,Card,No,Yes,2,1
C100258,79.0,13,81.94,One year,Fiber,Card,Yes,No,2,1
C100259,50.0,43,72.35,Month-to-month,Fiber,Card,Yes,No,2,0
C100260,61.0,58,,Month-to-month,None,UPI,No,No,1,0
C100261,37.0,13,35.82,One year,DSL,Cash,Yes,Yes,4,0
C100262,60.0,22,55.3,Month-to-month,Fiber,UPI,Yes,Yes,1,0
C100263,72.0,67,17.35,Month-to-month,None,Card,Yes,Yes,3,0
C100264,53.0,72,48.42,Month-to-month,DSL,Card,No,No,2,0
C100265,31.0,42,58.71,Month-to-month,Fiber,Card,No,Yes,1,1
C100266,60.0,33,63.41,Month-to-month,Fiber,UPI,No,Yes,1,0
C100267,71.0,25,34.83,One year,None,Card,Yes,Yes,2,0
C100268,61.0,45,18.61,Two year,None,Card,No,No,3,0
C100269,59.0,43,,Month-to-month,None,Card,Yes,Yes,1,0
C100270,46.0,22,38.11,Two year,DSL,UPI,Yes,Yes,1,0
C100271,29.0,2,66.25,One year,Fiber,Bank transfer,No,Yes,2,1
C100272,62.0,11,10.0,One year,None,Card,No,Yes,2,0
C100273,43.0,70,59.12,One year,Fiber,Bank transfer,Yes,Yes,1,0
C100274,32.0,31,86.46,One year,Fiber,UPI,Yes,No,3,1
C100275,48.0,35,37.63,Two year,DSL,Cash,No,Yes,2,0
C100276,19.0,34,31.71,Month-to-month,None,Card,Yes,Yes,1,0
C100277,50.0,57,26.77,Month-to-month,DSL,Bank transfer,Yes,Yes,1,0
C100278,51.0,5,34.56,Month-to-month,DSL,Cash,No,Yes,1,0
C100279,42.0,6,18.65,Month-to-month,None,Cash,No,No,0,0
C100280,61.0,20,15.62,One year,None,Bank transfer,No,Yes,2,0
C100281,54.0,36,21.68,Month-to-month,None,,No,No,3,0
C100282,40.0,49,61.08,Month-to-month,Fiber,Cash,No,Yes,0,0
C100283,,36,44.68,Month-to-month,DSL,Bank transfer,Yes,Yes,5,0
C100284,25.0,32,73.74,Month-to-month,Fiber,Card,No,Yes,2,1
C100285,49.0,68,33.61,One year,DSL,Card,Yes,Yes,1,0
C100286,26.0,12,21.07,One year,None,Cash,No,Yes,1,1
C100287,55.0,42,67.58,Month-to-month,Fiber,Card,No,Yes,2,1
C100288,19.0,40,56.21,Month-to-month,Fiber,Bank transfer,Yes,No,0,0
C100289,71.0,35,27.07,Month-to-month,DSL,UPI,No,Yes,1,0
C100290,19.0,59,68.56,Month-to-month,Fiber,Bank transfer,No,Yes,2,1
C100291,48.0,20,17.18,One year,None,Card,No,Yes,2,0
C100292,59.0,69,75.18,One year,Fiber,Bank transfer,Yes,Yes,1,0
C100293,43.0,24,39.48,Month-to-month,DSL,UPI,Yes,Yes,0,0
C100294,31.0,40,30.52,Month-to-month,DSL,Cash,No,Yes,1,1
C100295,33.0,38,62.34,Two year,Fiber,Card,No,Yes,2,0
C100296,70.0,62,41.04,One year,DSL,Card,No,No,2,0
C100297,26.0,32,21.51,Month-to-month,None,Card,Yes,Yes,0,0
C100298,62.0,21,65.03,Month-to-month,Fiber,Card,No,Yes,2,1
C100299,36.0,2,25.86,Month-to-month,DSL,Cash,Yes,No,1,0
C100300,18.0,27,64.59,Two year,Fiber,Card,Yes,Yes,0,0
C100301,43.0,60,73.14,Month-to-month,Fiber,Card,No,No,2,0
C100302,23.0,1,48.49,Month-to-month,DSL,Bank transfer,No,Yes,0,1
C100303,65.0,65,68.3,Two year,Fiber,Card,No,Yes,2,0
C100304,65.0,40,28.34,One year,DSL,Card,No,Yes,1,0
C100305,31.0,11,87.26,Month-to-month,Fiber,Bank transfer,Yes,No,1,1
C100306,65.0,22,17.02,Month-to-month,None,UPI,No,Yes,0,0
C100307,61.0,40,13.65,Month-to-month,None,Bank transfer,Yes,Yes,0,0
C100308,59.0,23,31.74,One year,DSL,UPI,No,Yes,4,0
C100309,22.0,8,66.34,Month-to-month,Fiber,Card,Yes,Yes,1,1
C100310,25.0,48,45.16,Two year,DSL,UPI,No,Yes,2,1
C100311,27.0,49,56.61,Two year,Fiber,Cash,No,Yes,4,1
C100312,68.0,9,39.76,Month-to-month,DSL,UPI,No,No,6,1
C100313,38.0,21,69.91,One year,Fiber,Bank transfer,Yes,No,3,1
C100314,50.0,18,30.55,Month-to-month,DSL,UPI,No,No,3,1
C100315,47.0,48,17.31,Month-to-month,None,UPI,No,Yes,2,1
C100316,79.0,53,17.99,One year,None,Bank transfer,Yes,Yes,2,0
C100317,29.0,53,35.7,Month-to-month,DSL,Card,No,No,1,0
C100318,66.0,68,66.39,Month-to-month,Fiber,UPI,No,No,1,0
C100319,24.0,56,34.48,Month-to-month,DSL,Card,No,Yes,3,0
C100320,78.0,24,63.78,Month-to-month,Fiber,Bank transfer,No,No,2,0
C100321,53.0,8,52.46,Month-to-month,DSL,UPI,No,Yes,1,0
C100322,34.0,45,43.07,One year,DSL,UPI,No,No,2,0
C100323,43.0,66,73.91,Two year,Fiber,Card,Yes,No,3,0
C100324,63.0,71,66.45,One year,Fiber,Cash,No,No,1,0
C100325,43.0,17,76.57,Two year,Fiber,UPI,No,Yes,2,0
C100326,22.0,18,72.39,Month-to-month,Fiber,Card,No,Yes,0,1
C100327,37.0,3,35.95,Two year,DSL,,No,No,1,0
C100328,74.0,11,30.74,Month-to-month,DSL,UPI,No,No,0,0
C100329,41.0,40,72.2,Month-to-month,Fiber,Card,Yes,Yes,1,1
C100330,48.0,40,83.47,Two year,Fiber,Bank transfer,No,Yes,2,1
C100331,29.0,27,35.65,Month-to-month,DSL,Bank transfer,Yes,Yes,1,0
C100332,19.0,23,67.89,Month-to-month,Fiber,,No,Yes,1,1
C100333,34.0,60,70.79,Month-to-month,Fiber,UPI,No,No,3,0
C100334,71.0,34,70.35,Month-to-month,Fiber,Card,No,No,0,0
C100335,51.0,59,15.62,Month-to-month,None,Card,No,Yes,3,0
C100336,41.0,70,64.07,Month-to-month,Fiber,UPI,No,Yes,1,1
C100337,50.0,23,76.35,Two year,Fiber,Card,No,Yes,2,0
C100338,68.0,15,79.64,Month-to-month,Fiber,Cash,No,Yes,2,1
C100339,74.0,69,53.13,Month-to-month,DSL,UPI,Yes,Yes,0,0
C100340,37.0,46,38.67,Month-to-month,DSL,Card,No,No,2,0
C100341,69.0,21,35.93,Two year,DSL,,Yes,No,1,0
C100342,67.0,45,27.21,Month-to-month,None,UPI,No,Yes,1,0
C100343,18.0,38,27.74,Month-to-month,DSL,Card,No,No,1,0
C100344,73.0,66,75.14,Month-to-month,Fiber,UPI,No,No,0,0
C100345,32.0,19,78.31,One year,Fiber,Cash,No,No,1,0
C100346,65.0,72,,One year,Fiber,UPI,No,No,0,0
C100347,73.0,68,33.34,One year,None,UPI,No,Yes,1,0
C100348,53.0,14,65.21,One year,Fiber,UPI,No,No,0,0
C100349,37.0,12,31.06,Month-to-month,DSL,Card,Yes,No,3,0
C100350,71.0,39,68.28,Month-to-month,Fiber,Card,Yes,No,3,0
C100351,47.0,4,61.08,Month-to-month,Fiber,UPI,No,Yes,1,1
C100352,65.0,22,39.31,Month-to-month,DSL,Cash,No,Yes,2,1
C100353,59.0,32,75.4,Month-to-month,Fiber,Bank transfer,No,Yes,4,1
C100354,37.0,70,74.49,Month-to-month,Fiber,Card,Yes,No,1,0
C100355,51.0,72,36.2,Month-to-month,DSL,UPI,Yes,Yes,0,0
C100356,30.0,11,28.05,One year,None,Card,No,No,2,1
C100357,18.0,65,74.6,Month-to-month,Fiber,UPI,No,No,1,1
C100358,60.0,7,65.18,One year,Fiber,Bank transfer,Yes,Yes,3,0
C100359,30.0,54,11.4,One year,DSL,,Yes,Yes,2,0
C100360,50.0,61,32.35,Month-to-month,DSL,Bank transfer,Yes,No,3,0
C100361,24.0,65,70.31,Month-to-month,Fiber,UPI,No,Yes,3,0
C100362,58.0,17,70.38,One year,Fiber,Bank transfer,No,No,1,0
C100363,28.0,65,68.57,One year,Fiber,Cash,No,No,2,0
C100364,33.0,9,65.71,Month-to-month,Fiber,Bank transfer,No,Yes,5,1
C100365,27.0,38,28.23,Month-to-month,DSL,Cash,No,Yes,0,1
C100366,74.0,34,61.74,One year,Fiber,Bank transfer,Yes,No,3,0
C100367,56.0,23,23.48,One year,None,UPI,Yes,No,0,0
C100368,59.0,2,78.71,Month-to-month,Fiber,Card,No,Yes,0,1
C100369,43.0,56,59.99,Month-to-month,Fiber,Card,No,No,1,0
C100370,71.0,25,19.51,Two year,None,Cash,No,Yes,2,0
C100371,22.0,48,41.31,Month-to-month,DSL,Card,No,Yes,0,0
C100372,43.0,30,68.49,Two year,Fiber,Cash,No,Yes,1,0
C100373,23.0,27,25.73,Month-to-month,None,UPI,Yes,No,2,0
C100374,61.0,64,78.63,Month-to-month,Fiber,Bank transfer,No,No,2,0
C100375,76.0,7,38.16,Month-to-month,DSL,UPI,No,Yes,1,0
C100376,65.0,54,16.03,Month-to-month,None,Cash,No,Yes,1,0
C100377,27.0,54,45.52,Two year,DSL,Card,Yes,Yes,3,0
C100378,66.0,28,32.86,Month-to-month,DSL,UPI,No,No,0,0
C100379,33.0,19,32.86,Two year,DSL,Cash,No,No,2,0
C100380,39.0,1,74.12,Month-to-month,Fiber,,No,Yes,1,1
C100381,53.0,68,67.59,Two year,Fiber,Card,No,No,4,0
C100382,46.0,69,68.21,Two year,Fiber,Cash,Yes,No,0,0
C100383,29.0,18,17.01,One year,None,Bank transfer,Yes,No,0,0
C100384,50.0,3,68.55,Month-to-month,Fiber,Card,Yes,No,0,1
C100385,30.0,9,71.58,One year,Fiber,UPI,Yes,Yes,1,1
C100386,62.0,5,10.0,Month-to-month,None,Card,No,No,1,0
C100387,22.0,60,19.22,Two year,None,Card,No,Yes,0,0
C100388,68.0,65,20.88,Month-to-month,DSL,UPI,No,No,2,0
C100389,78.0,12,31.75,Month-to-month,DSL,Card,Yes,Yes,5,0
C100390,64.0,54,72.7,Month-to-month,Fiber,UPI,Yes,No,1,0
C100391,55.0,13,17.38,One year,None,Card,No,Yes,0,0
C100392,45.0,27,75.62,Two year,Fiber,Cash,Yes,Yes,2,0
C100393,50.0,44,37.78,Month-to-month,DSL,UPI,Yes,No,0,0
C100394,49.0,52,52.75,One year,Fiber,Card,Yes,Yes,3,0
C100395,73.0,63,79.58,Two year,Fiber,Cash,Yes,Yes,0,0
C100396,25.0,4,72.0,Month-to-month,Fiber,Bank transfer,Yes,No,0,0
C100397,54.0,15,15.45,Month-to-month,None,,Yes,Yes,3,0
C100398,52.0,21,66.24,One year,Fiber,Cash,No,Yes,0,1
C100399,34.0,23,53.32,One year,Fiber,Card,Yes,No,1,0
C100400,43.0,72,71.74,Month-to-month,Fiber,Card,No,Yes,3,0
C100401,47.0,56,75.21,Two year,Fiber,UPI,No,Yes,1,0
C100402,20.0,24,64.56,Month-to-month,Fiber,Card,No,No,1,0
C100403,47.0,70,62.76,Two year,Fiber,Bank transfer,No,No,1,0
C100404,28.0,36,71.12,Two year,Fiber,UPI,Yes,Yes,0,1
C100405,42.0,37,79.56,Two year,Fiber,Cash,Yes,Yes,4,0
C100406,35.0,32,78.73,Month-to-month,Fiber,Card,No,Yes,1,1
C100407,64.0,11,41.63,Month-to-month,DSL,Card,No,Yes,2,1
C100408,,68,86.16,Month-to-month,Fiber,UPI,No,Yes,1,0
C100409,24.0,2,77.39,Month-to-month,Fiber,Card,No,No,0,1
C100410,33.0,13,,One year,DSL,Cash,No,Yes,3,0
C100411,27.0,17,70.7,Month-to-month,Fiber,Bank transfer,No,Yes,1,1
C100412,,21,32.23,Month-to-month,DSL,Bank transfer,No,No,1,0
C100413,41.0,10,29.08,Month-to-month,None,Bank transfer,No,Yes,2,0
C100414,46.0,2,12.15,Month-to-month,None,Card,No,No,0,0
C100415,22.0,49,73.39,Month-to-month,Fiber,Card,No,No,0,1
C100416,72.0,70,65.14,One year,Fiber,UPI,No,Yes,1,0
C100417,79.0,9,72.71,One year,Fiber,Bank transfer,No,Yes,2,0
C100418,74.0,22,72.14,Month-to-month,Fiber,UPI,No,Yes,0,0
C100419,48.0,37,21.3,Two year,None,Card,No,Yes,0,0
C100420,59.0,67,34.86,Two year,DSL,Bank transfer,No,Yes,6,0
C100421,21.0,50,39.26,Month-to-month,DSL,Card,No,Yes,5,1
C100422,55.0,56,75.54,One year,Fiber,UPI,Yes,Yes,2,0
C100423,55.0,42,23.81,Month-to-month,DSL,Card,No,No,1,0
C100424,63.0,31,,Month-to-month,Fiber,UPI,Yes,Yes,2,0
C100425,66.0,15,66.66,Month-to-month,Fiber,UPI,No,Yes,1,1
C100426,18.0,63,36.55,Month-to-month,DSL,Cash,Yes,Yes,4,0
C100427,43.0,58,66.67,Two year,Fiber,Bank transfer,No,Yes,2,0
C100428,48.0,2,80.2,Two year,Fiber,Card,No,No,0,0
C100429,47.0,52,19.45,Two year,None,Bank transfer,Yes,No,1,0
C100430,52.0,7,77.89,One year,Fiber,,No,Yes,2,1
C100431,61.0,54,27.38,One year,DSL,Bank transfer,No,Yes,0,0
C100432,54.0,60,67.75,Two year,Fiber,Cash,Yes,Yes,0,0
C100433,32.0,10,65.08,Month-to-month,Fiber,Bank transfer,Yes,No,0,1
C100434,59.0,32,73.15,Month-to-month,Fiber,Card,Yes,Yes,2,0
C100435,55.0,9,60.52,One year,Fiber,UPI,No,No,4,0
C100436,30.0,41,21.33,Month-to-month,DSL,UPI,No,Yes,1,0
C100437,57.0,67,65.0,Month-to-month,Fiber,UPI,Yes,Yes,1,0
C100438,50.0,6,74.49,Month-to-month,Fiber,Cash,Yes,Yes,2,1
C100439,67.0,29,28.52,One year,DSL,UPI,No,Yes,1,0
C100440,42.0,71,72.12,Month-to-month,Fiber,UPI,Yes,Yes,3,1
C100441,73.0,22,14.82,Month-to-month,None,Cash,No,Yes,0,1
C100442,,10,55.98,Month-to-month,Fiber,Bank transfer,Yes,Yes,3,1
C100443,76.0,36,41.82,Month-to-month,DSL,Card,No,No,3,0
C100444,24.0,37,75.19,Two year,Fiber,Cash,No,Yes,3,0
C100445,25.0,48,34.68,Month-to-month,DSL,UPI,No,No,1,0
C100446,31.0,23,70.34,One year,Fiber,UPI,Yes,Yes,1,0
C100447,68.0,69,68.34,One year,Fiber,UPI,No,Yes,0,0
C100448,49.0,38,26.74,Month-to-month,DSL,Cash,No,Yes,2,0
C100449,59.0,21,45.45,Two year,DSL,Card,No,No,0,0
C100450,19.0,70,19.2,One year,None,UPI,Yes,No,0,0
C100451,,67,37.89,One year,DSL,Bank transfer,Yes,No,0,0
C100452,39.0,36,,Month-to-month,None,Cash,No,Yes,3,1
C100453,75.0,2,73.54,Month-to-month,Fiber,Card,No,Yes,5,1
C100454,24.0,43,79.16,Two year,Fiber,Card,No,No,2,0
C100455,71.0,40,36.33,One year,DSL,Cash,No,No,2,0
C100456,40.0,11,37.88,Two year,DSL,Bank transfer,No,Yes,0,0
C100457,66.0,46,42.02,Two year,DSL,UPI,No,No,2,0
C100458,36.0,61,75.66,Month-to-month,Fiber,UPI,No,No,2,0
C100459,21.0,8,28.35,One year,None,UPI,Yes,Yes,1,0
C100460,60.0,53,22.57,Month-to-month,None,Bank transfer,Yes,No,2,0
C100461,28.0,11,37.56,One year,DSL,UPI,No,Yes,1,0
C100462,27.0,54,36.91,Month-to-month,DSL,Bank transfer,Yes,Yes,4,0
C100463,,31,41.92,Month-to-month,DSL,Card,No,No,1,0
C100464,32.0,1,16.55,One year,None,Bank transfer,Yes,No,1,0
C100465,78.0,70,39.24,One year,DSL,Card,Yes,Yes,1,0
C100466,39.0,12,53.38,One year,DSL,,No,Yes,1,0
C100467,35.0,43,72.87,Month-to-month,Fiber,Card,No,Yes,1,1
C100468,46.0,14,60.42,Month-to-month,Fiber,Card,No,Yes,5,1
C100469,35.0,68,32.68,Two year,DSL,Card,Yes,No,2,0
C100470,75.0,54,74.97,Month-to-month,Fiber,Card,Yes,Yes,0,0
C100471,55.0,58,29.64,Month-to-month,DSL,UPI,No,Yes,3,0
C100472,64.0,32,27.18,One year,DSL,Bank transfer,No,No,1,0
C100473,22.0,34,23.97,Month-to-month,DSL,Cash,Yes,Yes,1,1
C100474,32.0,46,68.33,One year,Fiber,UPI,No,Yes,0,0
C100475,54.0,57,,Month-to-month,None,UPI,Yes,No,3,0
C100476,48.0,61,65.75,Two year,Fiber,UPI,No,Yes,3,0
C100477,78.0,2,77.01,Two year,Fiber,Bank transfer,Yes,Yes,1,0
C100478,62.0,48,32.77,Two year,DSL,,No,Yes,2,0
C100479,36.0,8,66.9,One year,Fiber,UPI,Yes,Yes,1,1
C100480,46.0,21,24.14,Month-to-month,None,Card,No,No,2,0
C100481,64.0,60,57.73,One year,Fiber,Card,No,No,1,0
C100482,43.0,19,33.35,Two year,None,UPI,Yes,Yes,1,0
C100483,50.0,58,74.3,One year,Fiber,Card,Yes,Yes,4,0
C100484,67.0,34,78.41,One year,Fiber,Card,No,Yes,2,0
C100485,35.0,17,32.94,One year,DSL,Bank transfer,No,No,0,0
C100486,,25,,One year,Fiber,Card,No,No,0,1
C100487,43.0,39,77.46,One year,Fiber,UPI,No,No,2,1
C100488,31.0,56,19.27,Month-to-month,None,UPI,Yes,Yes,0,0
C100489,52.0,44,,Month-to-month,None,Cash,No,No,2,0
C100490,70.0,68,62.46,One year,Fiber,Bank transfer,Yes,No,1,0
C100491,65.0,63,16.62,Month-to-month,None,Card,No,Yes,0,0
C100492,63.0,55,21.82,Two year,None,Cash,No,Yes,1,0
C100493,51.0,44,68.7,One year,Fiber,UPI,No,Yes,0,0
C100494,73.0,21,31.08,Month-to-month,DSL,Card,Yes,Yes,0,0
C100495,75.0,30,40.42,Two year,DSL,Bank transfer,Yes,Yes,0,0
C100496,64.0,9,31.31,One year,DSL,Bank transfer,No,Yes,2,1
C100497,25.0,27,30.22,One year,DSL,UPI,Yes,No,1,0
C100498,36.0,67,27.52,Month-to-month,None,UPI,No,No,2,0
C100499,77.0,31,39.4,Two year,DSL,Card,No,Yes,1,0
C100500,22.0,9,60.2,Month-to-month,Fiber,UPI,Yes,Yes,0,1
C100501,52.0,47,59.35,One year,Fiber,Cash,No,Yes,2,0
C100502,57.0,70,61.14,Month-to-month,Fiber,UPI,No,Yes,2,0
C100503,42.0,63,34.75,One year,DSL,Cash,No,No,0,0
C100504,61.0,20,79.43,One year,Fiber,Card,Yes,Yes,1,1
C100505,22.0,33,81.58,One year,Fiber,Bank transfer,Yes,No,1,0
C100506,31.0,39,76.0,Month-to-month,Fiber,Cash,Yes,No,0,1
C100507,36.0,18,50.3,Two year,DSL,Bank transfer,No,No,3,0
C100508,28.0,20,71.61,One year,Fiber,Card,No,Yes,4,1
C100509,45.0,18,43.87,Month-to-month,DSL,UPI,No,Yes,1,0
C100510,47.0,72,65.43,Two year,Fiber,Card,No,No,6,0
C100511,76.0,54,57.55,One year,Fiber,UPI,No,No,3,0
C100512,48.0,61,32.53,Two year,DSL,Cash,No,No,1,0
C100513,64.0,59,19.0,Two year,None,UPI,Yes,No,3,0
C100514,23.0,70,55.68,Two year,DSL,Card,No,Yes,1,0
C100515,21.0,8,20.0,One year,None,Card,No,Yes,3,0
C100516,42.0,64,11.86,One year,None,,No,Yes,1,0
C100517,38.0,5,77.72,Month-to-month,Fiber,UPI,No,Yes,2,0
C100518,75.0,35,28.92,Month-to-month,DSL,Card,Yes,No,2,0
C100519,48.0,43,36.15,One year,DSL,Bank transfer,No,No,3,1
C100520,,26,27.02,Month-to-month,None,Card,No,Yes,3,0
C100521,70.0,11,62.55,Two year,Fiber,UPI,No,Yes,0,0
C100522,71.0,14,47.14,Month-to-month,DSL,UPI,No,Yes,2,0
C100523,66.0,60,79.01,Month-to-month,Fiber,Card,No,Yes,2,1
C100524,45.0,23,37.83,Month-to-month,DSL,UPI,No,No,0,0
C100525,31.0,23,84.01,Month-to-month,Fiber,Bank transfer,No,No,0,0
C100526,20.0,67,66.94,Month-to-month,Fiber,UPI,No,Yes,0,0
C100527,,11,41.35,Month-to-month,DSL,Bank transfer,No,No,1,1
C100528,68.0,66,22.23,Two year,None,UPI,No,Yes,2,0
C100529,26.0,67,29.9,Month-to-month,DSL,Card,No,No,3,0
C100530,43.0,44,65.14,Month-to-month,Fiber,Cash,No,No,2,0
C100531,49.0,12,86.25,Month-to-month,Fiber,Cash,Yes,Yes,1,1
C100532,52.0,12,28.47,Month-to-month,None,Card,No,No,2,1
C100533,23.0,21,77.12,Month-to-month,Fiber,Cash,Yes,Yes,3,1
C100534,50.0,42,15.0,One year,None,Bank transfer,No,No,1,0
C100535,33.0,12,75.66,One year,Fiber,,Yes,Yes,1,1
C100536,39.0,33,17.06,Month-to-month,None,UPI,Yes,Yes,2,0
C100537,68.0,9,48.58,One year,DSL,Card,Yes,No,3,0
C100538,46.0,39,79.7,Month-to-month,Fiber,UPI,Yes,Yes,2,0
C100539,42.0,2,42.35,Month-to-month,DSL,,Yes,Yes,1,1
C100540,18.0,52,26.54,Two year,None,UPI,No,No,3,0
C100541,79.0,4,19.3,Month-to-month,None,UPI,Yes,Yes,0,0
C100542,54.0,15,73.9,Two year,Fiber,Card,Yes,No,1,0
C100543,64.0,13,82.33,Month-to-month,Fiber,UPI,Yes,No,2,0
C100544,44.0,60,73.73,Month-to-month,Fiber,Bank transfer,Yes,Yes,2,0
C100545,34.0,4,28.27,Month-to-month,DSL,Card,Yes,No,2,1
C100546,34.0,31,80.04,Month-to-month,Fiber,UPI,No,Yes,3,0
C100547,18.0,43,64.56,Two year,Fiber,UPI,No,Yes,1,0
C100548,73.0,38,69.76,Month-to-month,Fiber,Bank transfer,Yes,Yes,1,0
C100549,50.0,50,31.21,Two year,DSL,Bank transfer,No,No,2,0
C100550,39.0,58,10.0,Two year,None,Bank transfer,Yes,Yes,0,0
C100551,61.0,29,36.4,One year,DSL,UPI,No,Yes,2,0
C100552,26.0,60,87.38,Month-to-month,Fiber,UPI,No,Yes,2,0
C100553,47.0,23,,Month-to-month,DSL,Bank transfer,Yes,No,1,1
C100554,45.0,71,58.71,Month-to-month,DSL,Bank transfer,Yes,Yes,2,0
C100555,74.0,37,33.77,One year,DSL,UPI,No,Yes,4,0
C100556,67.0,53,71.77,Month-to-month,Fiber,Cash,Yes,Yes,3,0
C100557,65.0,64,69.17,Two year,Fiber,Card,Yes,Yes,3,0
C100558,34.0,58,70.48,One year,Fiber,Card,No,No,0,0
C100559,50.0,62,72.96,Month-to-month,Fiber,Cash,No,Yes,0,0
C100560,78.0,39,82.08,One year,Fiber,Card,Yes,Yes,4,0
C100561,19.0,4,28.29,Month-to-month,DSL,Cash,No,Yes,1,1
C100562,58.0,36,35.07,Two year,DSL,UPI,Yes,No,2,0
C100563,38.0,14,74.93,Month-to-month,Fiber,Cash,Yes,Yes,0,1
C100564,63.0,65,80.24,Two year,Fiber,UPI,No,Yes,1,0
C100565,48.0,18,52.74,Two year,Fiber,Bank transfer,No,No,2,1
C100566,61.0,17,23.81,Two year,DSL,Bank transfer,No,No,0,1
C100567,33.0,18,,Month-to-month,None,UPI,No,Yes,3,0
C100568,72.0,47,43.95,Two year,DSL,UPI,No,Yes,3,0
C100569,69.0,42,66.15,Month-to-month,Fiber,Card,No,Yes,2,0
C100570,57.0,69,40.35,One year,DSL,Card,No,No,2,0
C100571,44.0,30,85.82,Month-to-month,Fiber,Cash,No,Yes,1,0
C100572,27.0,21,70.08,Month-to-month,Fiber,Card,No,Yes,1,1
C100573,30.0,4,68.17,Month-to-month,Fiber,Bank transfer,Yes,Yes,2,1
C100574,42.0,1,38.77,Month-to-month,DSL,UPI,No,Yes,0,0
C100575,66.0,27,71.44,Month-to-month,Fiber,UPI,Yes,No,2,0
C100576,76.0,67,37.04,Two year,DSL,Cash,No,Yes,1,0
C100577,55.0,38,68.55,Month-to-month,Fiber,Card,No,Yes,1,0
C100578,76.0,65,32.94,One year,DSL,UPI,No,No,1,0
C100579,30.0,8,,Month-to-month,DSL,UPI,Yes,No,2,0
C100580,64.0,7,74.91,One year,Fiber,Card,No,No,2,0
C100581,51.0,61,26.68,One year,DSL,Card,No,No,0,0
C100582,26.0,8,28.46,Month-to-month,DSL,Bank transfer,No,Yes,2,1
C100583,61.0,4,10.42,One year,None,Card,No,Yes,4,1
C100584,74.0,30,17.39,Two year,None,Bank transfer,Yes,No,2,0
C100585,45.0,67,20.21,Two year,None,UPI,Yes,No,1,0
C100586,33.0,50,26.2,Month-to-month,DSL,Card,No,Yes,2,0
C100587,36.0,8,67.87,Month-to-month,Fiber,Card,Yes,Yes,1,1
C100588,55.0,61,71.29,One year,Fiber,Card,No,Yes,1,0
C100589,60.0,61,22.45,Month-to-month,DSL,Bank transfer,No,Yes,2,0
C100590,31.0,58,63.92,Two year,Fiber,UPI,No,No,2,0
C100591,60.0,65,49.44,Month-to-month,DSL,Card,Yes,No,0,0
C100592,64.0,18,14.33,Two year,None,UPI,Yes,Yes,2,0
C100593,19.0,71,75.67,Month-to-month,Fiber,UPI,No,No,1,0
C100594,41.0,24,65.94,Month-to-month,Fiber,UPI,No,No,4,0
C100595,32.0,58,71.6,Two year,Fiber,Card,Yes,Yes,0,0
C100596,67.0,42,28.62,Two year,DSL,Card,No,Yes,2,0
C100597,58.0,57,19.79,Two year,DSL,UPI,No,No,2,0
C100598,,46,66.47,Two year,Fiber,Bank transfer,No,Yes,1,0
C100599,31.0,47,73.53,Month-to-month,Fiber,Bank transfer,No,No,2,0
C100600,47.0,45,75.43,Month-to-month,Fiber,Card,Yes,Yes,1,0
C100601,77.0,57,36.14,Month-to-month,DSL,Card,Yes,No,3,0
C100602,79.0,54,63.78,Month-to-month,Fiber,Bank transfer,No,Yes,0,0
C100603,28.0,10,77.36,Month-to-month,Fiber,Card,Yes,Yes,0,0
C100604,48.0,60,29.22,Two year,DSL,UPI,No,No,1,0
C100605,64.0,39,14.71,Month-to-month,None,UPI,No,Yes,1,1
C100606,,24,62.16,Month-to-month,Fiber,Card,No,Yes,5,1
C100607,79.0,38,66.62,Month-to-month,Fiber,UPI,No,Yes,1,0
C100608,46.0,70,17.64,Month-to-month,None,Card,No,Yes,1,0
C100609,39.0,62,72.35,Month-to-month,Fiber,UPI,No,Yes,3,0
C100610,76.0,61,10.0,One year,None,Card,Yes,Yes,1,0
C100611,55.0,34,66.32,Month-to-month,Fiber,UPI,Yes,Yes,0,1
C100612,21.0,57,63.6,One year,Fiber,UPI,No,Yes,0,0
C100613,24.0,28,38.42,Two year,DSL,Card,Yes,Yes,3,0
C100614,78.0,50,37.42,One year,DSL,UPI,No,No,3,0
C100615,56.0,47,61.76,One year,Fiber,Bank transfer,Yes,Yes,0,0
C100616,71.0,18,38.94,Month-to-month,DSL,Cash,Yes,No,0,0
C100617,79.0,20,34.58,Month-to-month,DSL,Card,No,Yes,1,0
C100618,64.0,5,76.35,Month-to-month,Fiber,Card,No,Yes,3,1
C100619,78.0,11,64.83,Two year,Fiber,UPI,Yes,Yes,2,0
C100620,77.0,32,39.72,One year,DSL,Cash,No,Yes,0,0
C100621,43.0,35,76.92,Month-to-month,Fiber,UPI,Yes,Yes,2,1
C100622,57.0,12,20.55,Month-to-month,None,UPI,Yes,No,2,0
C100623,68.0,31,86.78,Two year,Fiber,Bank transfer,No,Yes,2,0
C100624,76.0,44,73.93,One year,Fiber,Card,No,Yes,1,0
C100625,69.0,17,84.1,One year,Fiber,UPI,No,No,2,0
C100626,68.0,25,55.17,Two year,DSL,UPI,No,Yes,3,0
C100627,38.0,27,56.62,One year,Fiber,UPI,No,No,1,0
C100628,44.0,37,29.21,One year,None,Bank transfer,No,Yes,0,0
C100629,69.0,27,74.13,Month-to-month,Fiber,UPI,Yes,Yes,0,1
C100630,25.0,54,71.95,Month-to-month,Fiber,UPI,Yes,Yes,0,0
C100631,28.0,24,14.71,Two year,None,UPI,Yes,Yes,1,0
C100632,66.0,32,27.87,One year,DSL,Card,No,Yes,1,0
C100633,78.0,28,26.57,Month-to-month,DSL,Cash,No,No,0,0
C100634,43.0,14,87.79,One year,Fiber,Bank transfer,Yes,Yes,1,0
C100635,71.0,50,38.9,Month-to-month,DSL,Cash,Yes,No,0,0
C100636,40.0,17,59.13,Two year,Fiber,Bank transfer,Yes,Yes,1,0
C100637,49.0,22,11.58,Month-to-month,None,Card,No,Yes,1,1
C100638,78.0,58,53.8,Two year,Fiber,UPI,No,Yes,1,0
C100639,41.0,69,44.53,Month-to-month,DSL,UPI,No,No,3,0
C100640,72.0,49,70.36,Month-to-month,Fiber,Card,No,Yes,2,0
C100641,76.0,66,39.07,Month-to-month,DSL,UPI,Yes,No,2,0
C100642,63.0,62,20.02,Two year,None,UPI,No,Yes,1,0
C100643,22.0,35,42.58,Month-to-month,DSL,Card,No,No,4,1
C100644,77.0,56,16.83,Month-to-month,None,Bank transfer,Yes,No,2,0
C100645,48.0,24,72.36,One year,Fiber,Card,No,No,3,0
C100646,35.0,34,72.19,Month-to-month,Fiber,UPI,No,No,1,0
C100647,48.0,39,60.72,Month-to-month,Fiber,Bank transfer,Yes,Yes,3,0
C100648,45.0,70,29.22,Month-to-month,DSL,UPI,No,No,2,0
C100649,41.0,62,67.58,Two year,Fiber,Card,No,Yes,3,0
C100650,60.0,36,22.57,Month-to-month,None,UPI,No,Yes,1,0
C100651,24.0,47,31.11,Month-to-month,None,Bank transfer,No,No,0,0
C100652,57.0,15,35.93,Month-to-month,DSL,Cash,Yes,No,2,0
C100653,33.0,58,69.3,Month-to-month,Fiber,UPI,No,Yes,1,0
C100654,67.0,40,22.48,Month-to-month,None,Card,Yes,No,1,0
C100655,78.0,39,18.74,Month-to-month,None,UPI,Yes,Yes,0,0
C100656,47.0,56,69.82,Month-to-month,Fiber,Card,Yes,Yes,0,0
C100657,68.0,46,47.13,Month-to-month,DSL,Bank transfer,No,Yes,2,0
C100658,37.0,6,18.22,Two year,None,Bank transfer,No,No,0,0
C100659,69.0,21,,Month-to-month,Fiber,Bank transfer,No,No,3,1
C100660,51.0,13,64.84,Month-to-month,Fiber,Cash,No,No,3,1
C100661,49.0,53,80.09,Two year,Fiber,UPI,No,Yes,0,0
C100662,24.0,3,27.71,Two year,DSL,Cash,No,No,0,0
C100663,59.0,15,19.42,One year,None,UPI,No,Yes,3,0
C100664,67.0,44,42.86,Month-to-month,DSL,Card,Yes,Yes,0,0
C100665,49.0,51,63.07,Month-to-month,Fiber,Bank transfer,Yes,No,1,1
C100666,27.0,37,26.94,Month-to-month,None,Bank transfer,No,No,0,0
C100667,59.0,62,10.0,Month-to-month,None,Cash,No,No,1,0
C100668,56.0,67,11.26,Month-to-month,None,Card,Yes,No,1,0
C100669,71.0,10,19.25,One year,None,UPI,No,Yes,3,0
C100670,77.0,69,54.28,Month-to-month,DSL,Bank transfer,Yes,Yes,2,0
C100671,33.0,45,21.16,One year,None,Card,No,No,2,0
C100672,36.0,46,21.33,Month-to-month,None,UPI,Yes,Yes,2,0
C100673,76.0,7,79.18,Month-to-month,Fiber,UPI,Yes,No,1,1
C100674,25.0,45,61.31,One year,Fiber,Card,Yes,Yes,3,0
C100675,74.0,53,10.73,Two year,DSL,Card,No,Yes,0,0
C100676,27.0,42,83.87,Month-to-month,Fiber,Bank transfer,No,No,1,1
C100677,43.0,7,74.84,One year,Fiber,Card,Yes,No,0,1
C100678,26.0,38,66.44,Month-to-month,Fiber,Bank transfer,Yes,Yes,1,0
C100679,78.0,68,70.46,Month-to-month,Fiber,Bank transfer,No,Yes,2,0
C100680,,53,78.42,One year,Fiber,UPI,Yes,Yes,2,0
C100681,72.0,10,33.97,Month-to-month,DSL,UPI,No,Yes,2,1
C100682,19.0,70,21.16,Month-to-month,None,Card,No,No,4,0
C100683,20.0,70,51.28,Month-to-month,DSL,Bank transfer,No,Yes,1,0
C100684,51.0,13,25.05,Month-to-month,DSL,Card,Yes,Yes,5,1
C100685,20.0,58,39.14,Month-to-month,DSL,Card,No,No,1,1
C100686,51.0,30,10.22,Month-to-month,None,Cash,No,No,2,0
C100687,61.0,43,32.51,Two year,None,UPI,No,Yes,6,0
C100688,48.0,33,37.34,One year,DSL,Card,No,No,1,0
C100689,,57,29.51,Month-to-month,DSL,Cash,No,Yes,1,0
C100690,24.0,72,58.0,Month-to-month,Fiber,Card,Yes,Yes,0,0
C100691,33.0,58,32.2,One year,DSL,Card,No,No,1,0
C100692,27.0,68,71.49,Month-to-month,Fiber,UPI,No,Yes,2,1
C100693,48.0,69,44.27,Month-to-month,DSL,Bank transfer,No,No,0,0
C100694,42.0,7,61.25,One year,Fiber,Cash,No,No,1,0
C100695,51.0,19,63.4,Month-to-month,Fiber,Bank transfer,No,No,3,0
C100696,27.0,52,66.02,Month-to-month,Fiber,Cash,Yes,Yes,3,1
C100697,45.0,43,63.8,Month-to-month,Fiber,Card,Yes,Yes,2,1
C100698,,4,30.88,Month-to-month,DSL,UPI,No,No,1,1
C100699,22.0,7,27.44,Month-to-month,DSL,Card,No,No,2,1
C100700,66.0,38,38.34,Two year,DSL,Cash,Yes,No,0,0
C100701,31.0,45,31.14,Month-to-month,DSL,Cash,No,Yes,1,0
C100702,71.0,13,20.09,One year,None,UPI,No,No,3,0
C100703,68.0,13,37.43,One year,DSL,Bank transfer,No,Yes,1,1
C100704,45.0,10,23.96,Month-to-month,DSL,UPI,Yes,Yes,1,0
C100705,22.0,41,39.75,Month-to-month,DSL,Card,Yes,Yes,2,0
C100706,41.0,1,71.68,Month-to-month,Fiber,UPI,No,No,3,1
C100707,56.0,42,,One year,None,Cash,No,Yes,2,0
C100708,39.0,35,68.93,Month-to-month,Fiber,UPI,Yes,Yes,2,0
C100709,57.0,34,67.84,One year,Fiber,Card,No,No,1,0
C100710,69.0,49,20.43,Two year,None,Cash,No,No,0,0
C100711,77.0,38,70.77,One year,Fiber,UPI,No,Yes,1,1
C100712,,53,10.56,Two year,None,UPI,No,No,1,0
C100713,79.0,56,82.6,One year,Fiber,Bank transfer,Yes,No,3,0
C100714,33.0,67,29.43,Two year,DSL,UPI,No,Yes,0,0
C100715,76.0,58,70.53,Two year,Fiber,UPI,No,No,0,0
C100716,26.0,38,44.32,One year,DSL,Card,Yes,No,1,0
C100717,51.0,36,32.27,Two year,DSL,Bank transfer,No,No,2,0
C100718,59.0,17,21.9,Two year,None,UPI,No,Yes,4,0
C100719,20.0,44,17.47,Month-to-month,DSL,Bank transfer,No,No,1,0
C100720,45.0,11,54.15,One year,Fiber,Cash,No,No,3,0
C100721,35.0,68,19.8,Month-to-month,None,Card,No,No,0,0
C100722,68.0,61,71.52,Two year,Fiber,Cash,Yes,Yes,1,0
C100723,47.0,9,78.85,Month-to-month,Fiber,Bank transfer,No,Yes,2,1
C100724,24.0,57,76.41,Two year,Fiber,Cash,Yes,No,1,0
C100725,20.0,9,10.0,One year,None,Card,Yes,Yes,1,0
C100726,19.0,52,45.15,Two year,DSL,UPI,No,No,1,0
C100727,20.0,7,25.48,Month-to-month,DSL,Bank transfer,No,Yes,4,0
C100728,48.0,36,76.9,One year,Fiber,Cash,No,No,2,0
C100729,38.0,48,,One year,None,Cash,No,Yes,3,1
C100730,30.0,53,56.73,Two year,DSL,UPI,No,No,1,0
C100731,42.0,31,65.28,Two year,Fiber,UPI,No,No,2,0
C100732,45.0,67,19.41,One year,None,Card,No,Yes,0,1
C100733,54.0,56,36.27,One year,DSL,Bank transfer,Yes,Yes,2,0
C100734,48.0,15,33.06,Month-to-month,DSL,Bank transfer,No,No,1,0
C100735,75.0,49,62.02,Two year,Fiber,Bank transfer,No,No,0,0
C100736,41.0,53,52.63,Month-to-month,DSL,UPI,Yes,Yes,3,1
C100737,42.0,25,30.11,One year,DSL,Cash,Yes,Yes,1,0
C100738,43.0,54,64.83,One year,Fiber,Card,Yes,No,0,0
C100739,20.0,65,69.12,Month-to-month,Fiber,UPI,No,No,2,1
C100740,64.0,59,71.55,Month-to-month,Fiber,UPI,No,Yes,1,0
C100741,51.0,55,64.52,Month-to-month,Fiber,UPI,No,Yes,1,0
C100742,42.0,46,77.63,Two year,Fiber,Bank transfer,Yes,Yes,2,0
C100743,40.0,20,71.22,Month-to-month,Fiber,,No,No,0,0
C100744,50.0,58,20.16,Month-to-month,None,Card,No,No,2,0
C100745,73.0,27,74.46,One year,Fiber,Card,No,Yes,1,0
C100746,42.0,39,63.21,Month-to-month,Fiber,UPI,No,Yes,2,0
C100747,44.0,23,15.32,Two year,None,Bank transfer,No,Yes,2,0
C100748,26.0,23,19.82,Month-to-month,None,UPI,No,Yes,0,1
C100749,37.0,12,42.44,Month-to-month,DSL,UPI,No,No,0,0
C100750,64.0,70,18.05,Month-to-month,None,Card,No,No,3,0
C100751,62.0,11,17.46,Month-to-month,None,Bank transfer,No,Yes,1,0
C100752,67.0,7,18.13,Month-to-month,DSL,UPI,No,Yes,1,0
C100753,,68,29.45,One year,DSL,UPI,Yes,Yes,0,0
C100754,73.0,40,56.8,Month-to-month,Fiber,UPI,No,No,2,0
C100755,52.0,32,58.79,Month-to-month,Fiber,Card,No,Yes,2,1
C100756,26.0,54,72.93,Month-to-month,Fiber,Card,No,Yes,1,0
C100757,27.0,28,96.55,Month-to-month,Fiber,Card,No,No,1,1
C100758,48.0,10,36.55,Two year,DSL,Bank transfer,No,Yes,1,0
C100759,41.0,53,37.66,Month-to-month,DSL,Card,No,No,1,0
C100760,24.0,13,13.92,Two year,None,Card,Yes,Yes,0,0
C100761,20.0,40,26.61,Month-to-month,DSL,Cash,No,Yes,1,0
C100762,56.0,69,86.45,Month-to-month,Fiber,UPI,Yes,No,1,1
C100763,64.0,68,28.56,Month-to-month,DSL,UPI,Yes,No,3,0
C100764,31.0,26,54.0,Month-to-month,Fiber,UPI,No,No,0,0
C100765,33.0,57,71.96,One year,Fiber,Card,No,Yes,2,0
C100766,51.0,45,31.56,Month-to-month,DSL,Card,Yes,Yes,0,1
C100767,25.0,35,74.77,Month-to-month,Fiber,,Yes,Yes,2,1
C100768,69.0,11,82.54,One year,Fiber,UPI,No,Yes,1,1
C100769,54.0,28,37.95,One year,DSL,Bank transfer,No,Yes,0,0
C100770,40.0,47,71.82,Two year,Fiber,Cash,No,Yes,2,0
C100771,53.0,72,75.28,Two year,Fiber,Card,Yes,Yes,1,1
C100772,28.0,1,91.64,One year,Fiber,Bank transfer,No,Yes,4,1
C100773,37.0,52,88.23,Two year,Fiber,Card,Yes,Yes,4,0
C100774,50.0,61,67.47,One year,Fiber,UPI,No,Yes,0,0
C100775,77.0,69,42.6,Month-to-month,DSL,Bank transfer,Yes,No,0,0
C100776,70.0,31,49.29,One year,DSL,Card,Yes,No,1,0
C100777,57.0,9,75.55,Month-to-month,Fiber,Cash,No,Yes,1,0
C100778,38.0,20,69.47,One year,Fiber,,No,Yes,0,0
C100779,75.0,62,16.02,Two year,None,UPI,No,No,1,0
C100780,,64,35.79,Month-to-month,DSL,Card,No,Yes,0,0
C100781,36.0,46,60.88,Two year,Fiber,UPI,No,No,0,0
C100782,44.0,9,77.16,Two year,Fiber,UPI,No,Yes,2,1
C100783,52.0,9,46.13,Month-to-month,DSL,Card,No,No,0,1
C100784,59.0,35,66.82,Month-to-month,Fiber,UPI,No,Yes,2,1
C100785,43.0,43,66.4,Two year,Fiber,Card,No,No,1,0
C100786,76.0,3,26.55,Two year,DSL,Cash,Yes,Yes,0,0
C100787,43.0,50,73.74,Month-to-month,Fiber,UPI,No,Yes,1,0
C100788,57.0,40,34.91,Month-to-month,DSL,UPI,No,Yes,1,0
C100789,20.0,1,10.0,One year,None,Bank transfer,No,Yes,0,1
C100790,27.0,7,58.32,Month-to-month,DSL,Bank transfer,No,No,2,0
C100791,31.0,33,20.77,Month-to-month,DSL,Cash,No,Yes,4,0
C100792,18.0,53,23.48,Month-to-month,DSL,Cash,No,Yes,3,0
C100793,71.0,60,42.52,Month-to-month,DSL,,No,Yes,3,0
C100794,56.0,32,40.26,One year,DSL,UPI,No,Yes,1,0
C100795,70.0,22,64.29,One year,Fiber,Bank transfer,Yes,No,3,0
C100796,38.0,70,28.77,One year,DSL,Card,No,No,1,0
C100797,24.0,34,38.66,One year,DSL,Bank transfer,No,Yes,2,0
C100798,38.0,23,38.02,Month-to-month,DSL,Card,Yes,Yes,3,0
C100799,19.0,32,64.37,Month-to-month,Fiber,Cash,Yes,No,1,1
C100800,36.0,1,42.95,Month-to-month,DSL,Bank transfer,No,Yes,2,0
C100801,24.0,22,74.57,Month-to-month,Fiber,UPI,No,No,1,1
C100802,31.0,38,80.69,Month-to-month,Fiber,UPI,No,Yes,0,1
C100803,57.0,67,69.6,Month-to-month,Fiber,Cash,Yes,Yes,1,0
C100804,77.0,54,41.48,Month-to-month,DSL,Bank transfer,Yes,Yes,6,0
C100805,32.0,57,18.17,Month-to-month,None,Bank transfer,No,Yes,3,1
C100806,78.0,40,74.33,One year,Fiber,Bank transfer,Yes,No,1,0
C100807,65.0,8,37.86,One year,DSL,Card,No,Yes,2,0
C100808,25.0,29,76.78,Two year,Fiber,Card,No,No,0,1
C100809,18.0,72,74.16,One year,Fiber,Card,Yes,Yes,1,0
C100810,24.0,4,19.89,One year,DSL,Bank transfer,No,No,2,0
C100811,62.0,64,64.99,Month-to-month,Fiber,UPI,Yes,Yes,0,0
C100812,59.0,50,70.67,One year,Fiber,UPI,No,Yes,0,0
C100813,72.0,21,38.73,Month-to-month,DSL,Cash,No,Yes,1,0
C100814,50.0,57,26.6,Month-to-month,None,Card,No,Yes,4,0
C100815,20.0,61,39.39,Month-to-month,DSL,Bank transfer,No,Yes,0,0
C100816,79.0,4,29.36,Month-to-month,DSL,UPI,Yes,Yes,3,1
C100817,71.0,8,42.34,Month-to-month,DSL,UPI,No,Yes,0,1
C100818,62.0,48,63.53,One year,Fiber,Card,Yes,Yes,3,0
C100819,74.0,72,30.11,Two year,None,Bank transfer,No,Yes,1,0
C100820,35.0,2,30.64,One year,None,Bank transfer,Yes,No,3,0
C100821,51.0,48,19.92,One year,None,UPI,No,No,2,0
C100822,51.0,10,64.82,Month-to-month,Fiber,UPI,Yes,No,1,1
C100823,35.0,47,64.43,Month-to-month,Fiber,UPI,No,No,3,0
C100824,79.0,45,61.25,One year,Fiber,UPI,Yes,No,4,0
C100825,52.0,7,,Month-to-month,DSL,UPI,Yes,Yes,3,0
C100826,74.0,50,,Month-to-month,None,UPI,Yes,Yes,1,0
C100827,37.0,65,65.52,Month-to-month,Fiber,Cash,Yes,Yes,2,0
C100828,48.0,63,57.12,Two year,Fiber,Bank transfer,No,Yes,2,0
C100829,75.0,3,66.13,One year,Fiber,Card,No,No,2,1
C100830,29.0,18,70.74,Month-to-month,Fiber,Bank transfer,Yes,No,2,1
C100831,51.0,18,32.29,One year,DSL,UPI,No,No,1,0
C100832,67.0,33,62.84,Month-to-month,Fiber,Cash,No,No,2,0
C100833,67.0,11,50.87,Month-to-month,Fiber,UPI,Yes,No,1,0
C100834,64.0,62,29.16,Month-to-month,None,Card,No,Yes,2,0
C100835,55.0,56,34.68,Month-to-month,DSL,Bank transfer,No,Yes,0,0
C100836,18.0,59,37.57,One year,DSL,Card,No,No,4,0
C100837,35.0,15,71.45,Month-to-month,Fiber,Cash,No,No,1,0
C100838,67.0,2,23.98,One year,None,Cash,No,Yes,4,1
C100839,49.0,66,21.92,Month-to-month,None,Bank transfer,No,Yes,0,0
C100840,40.0,21,70.79,One year,Fiber,UPI,No,No,2,1
C100841,72.0,48,41.11,One year,DSL,UPI,No,No,2,0
C100842,,66,42.82,One year,DSL,UPI,No,Yes,3,0
C100843,41.0,3,81.07,One year,Fiber,Card,No,No,0,0
C100844,43.0,1,28.34,Two year,DSL,Cash,No,Yes,1,1
C100845,39.0,1,72.0,Month-to-month,Fiber,UPI,No,No,1,1
C100846,49.0,12,10.0,One year,None,UPI,Yes,No,0,0
C100847,77.0,4,66.15,One year,Fiber,Card,Yes,No,3,0
C100848,79.0,60,68.42,Month-to-month,Fiber,Cash,Yes,No,2,0
C100849,38.0,44,40.93,Month-to-month,DSL,Cash,Yes,No,3,0
C100850,40.0,71,34.06,Month-to-month,DSL,UPI,No,Yes,1,0
C100851,71.0,58,75.38,Month-to-month,Fiber,Card,No,No,2,0
C100852,53.0,70,67.24,Month-to-month,Fiber,Bank transfer,Yes,Yes,3,0
C100853,29.0,18,30.38,Month-to-month,DSL,UPI,No,Yes,2,1
C100854,52.0,21,28.58,One year,DSL,Cash,Yes,No,0,0
C100855,67.0,62,40.53,Month-to-month,DSL,Cash,No,Yes,0,0
C100856,43.0,18,66.97,Two year,Fiber,,No,Yes,1,0
C100857,56.0,5,50.59,Month-to-month,Fiber,Card,Yes,Yes,3,0
C100858,66.0,49,75.09,One year,Fiber,Bank transfer,No,Yes,1,0
C100859,25.0,58,62.57,Month-to-month,Fiber,Cash,No,Yes,1,0
C100860,78.0,70,36.55,Month-to-month,DSL,UPI,No,No,0,0
C100861,21.0,67,60.97,Month-to-month,Fiber,Cash,No,Yes,2,0
C100862,25.0,9,35.12,One year,DSL,UPI,Yes,No,0,0
C100863,36.0,56,10.0,Month-to-month,None,Cash,Yes,Yes,2,0
C100864,19.0,61,34.73,Two year,DSL,Bank transfer,No,Yes,0,0
C100865,58.0,51,63.0,Month-to-month,Fiber,Card,Yes,Yes,2,1
C100866,50.0,60,24.86,One year,DSL,,No,Yes,0,0
C100867,40.0,61,76.11,Month-to-month,Fiber,Card,No,No,3,0
C100868,79.0,33,34.05,One year,DSL,UPI,Yes,No,4,0
C100869,34.0,3,18.05,Month-to-month,None,Cash,No,Yes,0,0
C100870,72.0,33,29.21,Month-to-month,DSL,Card,No,Yes,2,0
C100871,54.0,15,27.16,Month-to-month,None,Cash,No,No,0,1
C100872,60.0,9,66.52,Month-to-month,Fiber,Card,Yes,Yes,0,0
C100873,77.0,9,46.9,Month-to-month,DSL,Bank transfer,No,Yes,2,1
C100874,33.0,51,44.84,Two year,DSL,Cash,Yes,Yes,1,0
C100875,25.0,37,81.4,Month-to-month,Fiber,,No,No,1,1
C100876,67.0,39,27.74,Month-to-month,None,Cash,No,Yes,0,0
C100877,,54,15.15,Two year,None,Cash,Yes,No,1,0
C100878,30.0,40,35.42,Month-to-month,DSL,UPI,No,Yes,3,0
C100879,74.0,46,68.38,Month-to-month,Fiber,Bank transfer,No,Yes,2,1
C100880,62.0,7,41.71,One year,DSL,Card,No,No,2,1
C100881,51.0,62,34.92,Two year,DSL,UPI,Yes,Yes,2,0
C100882,26.0,33,68.05,One year,Fiber,Card,No,Yes,3,0
C100883,77.0,12,48.26,Month-to-month,DSL,Bank transfer,No,Yes,2,1
C100884,50.0,59,32.38,Two year,DSL,Bank transfer,Yes,No,1,0
C100885,55.0,53,15.0,Month-to-month,None,UPI,Yes,Yes,2,0
C100886,,4,,Two year,Fiber,Cash,No,Yes,0,0
C100887,59.0,14,78.57,Two year,Fiber,Card,No,Yes,0,1
C100888,69.0,2,36.5,Two year,DSL,Cash,No,Yes,0,0
C100889,67.0,20,23.67,Month-to-month,None,Card,No,Yes,1,0
C100890,,8,71.89,Month-to-month,Fiber,UPI,Yes,Yes,0,1
C100891,30.0,52,52.46,One year,Fiber,UPI,No,Yes,0,0
C100892,45.0,38,26.45,Month-to-month,DSL,UPI,No,Yes,2,0
C100893,52.0,71,17.77,Month-to-month,None,Bank transfer,Yes,No,0,0
C100894,34.0,54,72.52,Two year,Fiber,Bank transfer,No,No,2,0
C100895,56.0,45,12.13,One year,None,Bank transfer,No,No,2,0
C100896,75.0,37,,Month-to-month,Fiber,Card,Yes,Yes,1,1
C100897,25.0,4,67.5,Month-to-month,Fiber,Card,No,Yes,1,1
C100898,33.0,6,80.61,Month-to-month,Fiber,Card,No,No,1,1
C100899,46.0,45,10.0,Month-to-month,None,UPI,No,Yes,1,0
C100900,28.0,1,13.79,Month-to-month,DSL,Card,Yes,No,2,0
C100901,65.0,4,48.88,Two year,DSL,UPI,Yes,Yes,5,1
C100902,21.0,16,57.76,One year,Fiber,Bank transfer,No,Yes,0,0
C100903,20.0,64,66.76,Month-to-month,Fiber,Cash,No,No,1,0
C100904,39.0,34,,Month-to-month,Fiber,Bank transfer,Yes,Yes,1,1
C100905,43.0,52,67.58,One year,Fiber,Card,No,Yes,1,1
C100906,61.0,30,68.91,Two year,Fiber,UPI,Yes,No,2,0
C100907,27.0,13,82.89,Two year,Fiber,Card,No,Yes,3,0
C100908,66.0,27,40.77,Month-to-month,DSL,UPI,No,Yes,1,0
C100909,28.0,7,10.0,Two year,None,UPI,Yes,Yes,1,0
C100910,76.0,56,19.74,Month-to-month,DSL,Cash,No,Yes,4,0
C100911,49.0,14,74.0,Month-to-month,Fiber,UPI,No,Yes,1,1
C100912,65.0,28,15.84,Two year,None,Card,No,No,1,0
C100913,19.0,71,29.22,Month-to-month,DSL,UPI,No,No,3,0
C100914,62.0,43,44.48,Month-to-month,DSL,Cash,Yes,Yes,0,0
C100915,44.0,34,20.95,Month-to-month,DSL,Card,Yes,No,1,0
C100916,49.0,40,67.07,Month-to-month,Fiber,Bank transfer,No,No,2,1
C100917,19.0,57,75.05,Month-to-month,Fiber,Card,No,Yes,2,1
C100918,56.0,19,25.56,One year,DSL,Card,Yes,Yes,0,0
C100919,75.0,46,30.38,Month-to-month,None,Cash,No,Yes,0,0
C100920,79.0,63,26.91,Month-to-month,DSL,Card,Yes,Yes,3,0
C100921,72.0,42,69.44,Two year,Fiber,Bank transfer,Yes,No,1,0
C100922,62.0,33,64.45,Month-to-month,Fiber,Card,No,No,1,0
C100923,31.0,11,,Two year,DSL,UPI,No,No,0,0
C100924,40.0,18,31.64,Month-to-month,DSL,UPI,No,Yes,0,0
C100925,22.0,69,26.34,One year,None,Cash,Yes,Yes,1,0
C100926,31.0,39,61.72,Month-to-month,Fiber,Bank transfer,Yes,Yes,4,0
C100927,33.0,22,29.97,Two year,DSL,Bank transfer,Yes,Yes,3,0
C100928,59.0,31,65.87,Month-to-month,Fiber,UPI,No,Yes,1,0
C100929,19.0,42,74.29,Two year,Fiber,Card,No,Yes,1,0
C100930,75.0,39,32.12,Month-to-month,DSL,UPI,Yes,No,2,0
C100931,63.0,51,70.19,One year,Fiber,UPI,No,Yes,3,0
C100932,59.0,19,70.29,Month-to-month,Fiber,Card,No,Yes,0,0
C100933,,47,30.81,Month-to-month,DSL,Cash,Yes,Yes,4,0
C100934,33.0,32,33.52,Month-to-month,None,UPI,Yes,No,1,0
C100935,51.0,68,26.8,Month-to-month,DSL,Card,No,Yes,0,0
C100936,57.0,12,40.62,Month-to-month,DSL,Cash,Yes,Yes,2,0
C100937,70.0,11,45.21,One year,DSL,UPI,Yes,Yes,1,0
C100938,60.0,34,68.89,Month-to-month,Fiber,Bank transfer,Yes,Yes,3,1
C100939,68.0,37,70.49,Month-to-month,Fiber,Card,No,Yes,1,1
C100940,46.0,50,24.24,Month-to-month,None,UPI,No,No,3,0
C100941,43.0,30,32.03,Month-to-month,DSL,UPI,No,Yes,3,0
C100942,66.0,66,54.83,Month-to-month,Fiber,Card,No,Yes,3,0
C100943,55.0,35,68.01,One year,Fiber,Bank transfer,No,Yes,1,0
C100944,42.0,10,,Month-to-month,DSL,Card,Yes,Yes,0,0
C100945,45.0,9,39.55,Two year,DSL,Card,No,No,1,0
C100946,52.0,71,20.62,Month-to-month,None,Card,No,No,1,0
C100947,56.0,10,41.05,Month-to-month,DSL,Card,No,Yes,2,1
C100948,40.0,69,68.84,Two year,Fiber,,Yes,Yes,0,0
C100949,27.0,21,70.24,Month-to-month,Fiber,,No,Yes,1,1
C100950,73.0,7,31.55,Month-to-month,DSL,UPI,Yes,Yes,3,1
C100951,36.0,22,23.82,Two year,None,Card,Yes,Yes,1,0
C100952,28.0,45,15.71,Two year,None,UPI,No,No,0,0
C100953,33.0,31,67.48,One year,Fiber,Card,Yes,No,2,0
C100954,71.0,57,77.03,Month-to-month,Fiber,UPI,Yes,Yes,1,0
C100955,28.0,44,68.45,One year,Fiber,Cash,No,No,3,0
C100956,61.0,29,74.52,Two year,Fiber,Bank transfer,No,Yes,2,0
C100957,43.0,46,40.18,Two year,DSL,Bank transfer,No,Yes,1,1
C100958,55.0,70,69.39,Month-to-month,Fiber,Card,Yes,Yes,2,0
C100959,,30,32.2,Month-to-month,DSL,Card,No,Yes,1,0
C100960,31.0,12,59.44,Month-to-month,Fiber,Bank transfer,Yes,Yes,3,1
C100961,,30,61.23,Month-to-month,Fiber,UPI,No,No,3,1
C100962,67.0,61,39.87,One year,DSL,UPI,Yes,Yes,0,0
C100963,78.0,16,24.72,Month-to-month,None,Cash,Yes,Yes,2,0
C100964,70.0,69,27.08,Month-to-month,DSL,UPI,No,Yes,2,0
C100965,36.0,43,38.17,Month-to-month,DSL,Bank transfer,Yes,Yes,2,1
C100966,32.0,44,71.73,Month-to-month,Fiber,UPI,No,Yes,0,0
C100967,76.0,23,77.48,Month-to-month,Fiber,Card,Yes,Yes,2,0
C100968,60.0,67,52.32,Month-to-month,DSL,,No,Yes,2,0
C100969,30.0,3,74.6,Month-to-month,Fiber,UPI,Yes,Yes,3,0
C100970,58.0,22,64.47,Two year,Fiber,Card,No,Yes,0,0
C100971,37.0,31,40.95,Month-to-month,DSL,Bank transfer,Yes,No,0,0
C100972,27.0,35,11.66,Month-to-month,None,Bank transfer,Yes,No,1,0
C100973,28.0,35,52.77,Month-to-month,DSL,UPI,Yes,Yes,0,0
C100974,41.0,11,60.19,Month-to-month,Fiber,UPI,No,No,2,1
C100975,32.0,17,38.51,Month-to-month,DSL,UPI,No,No,0,0
C100976,66.0,7,70.01,Month-to-month,Fiber,UPI,Yes,Yes,4,1
C100977,27.0,42,16.69,Month-to-month,None,Cash,Yes,No,0,0
C100978,29.0,26,31.19,Month-to-month,DSL,Card,Yes,Yes,0,0
C100979,56.0,41,45.89,One year,DSL,Cash,Yes,No,3,0
C100980,44.0,43,39.53,Month-to-month,DSL,Card,No,Yes,2,1
C100981,30.0,51,33.78,Month-to-month,DSL,Card,Yes,Yes,1,0
C100982,22.0,40,33.86,One year,None,Bank transfer,No,No,0,0
C100983,23.0,47,69.05,Month-to-month,Fiber,Card,No,No,0,0
C100984,36.0,43,75.88,Month-to-month,Fiber,Card,Yes,Yes,4,1
C100985,34.0,47,10.0,Month-to-month,None,Card,Yes,No,0,0
C100986,54.0,45,10.0,Month-to-month,None,Bank transfer,Yes,No,0,0
C100987,60.0,23,25.68,Month-to-month,None,UPI,Yes,No,0,0
C100988,,18,37.46,Two year,DSL,,No,No,1,0
C100989,44.0,57,52.17,Two year,DSL,,Yes,No,2,0
C100990,46.0,25,29.36,Two year,DSL,Card,Yes,Yes,3,0
C100991,27.0,40,40.41,Month-to-month,DSL,Cash,Yes,No,1,0
C100992,48.0,15,68.03,Month-to-month,Fiber,Card,No,Yes,1,1
C100993,21.0,32,41.79,Month-to-month,DSL,UPI,Yes,No,1,1
C100994,37.0,39,76.15,Month-to-month,Fiber,UPI,No,No,1,0
C100995,63.0,46,69.78,Month-to-month,Fiber,UPI,Yes,No,1,0
C100996,33.0,38,29.08,Month-to-month,DSL,Cash,Yes,Yes,2,0
C100997,61.0,26,32.29,Month-to-month,DSL,UPI,No,Yes,0,0
C100998,24.0,70,61.1,Month-to-month,Fiber,Bank transfer,No,Yes,4,0
C100999,46.0,37,72.92,Month-to-month,Fiber,UPI,No,Yes,2,0
C101000,73.0,59,47.53,One year,Fiber,Bank transfer,No,No,0,0
C101001,50.0,54,65.35,Month-to-month,Fiber,UPI,Yes,No,4,0
C101002,68.0,41,42.23,Two year,DSL,Card,Yes,No,3,0
C101003,32.0,64,42.04,Month-to-month,DSL,Card,Yes,Yes,1,0
C101004,29.0,10,22.1,Month-to-month,DSL,Card,No,No,0,1
C101005,48.0,67,39.66,Month-to-month,DSL,Cash,No,No,0,0
C101006,33.0,62,60.87,Month-to-month,Fiber,Bank transfer,No,No,0,0
C101007,63.0,37,16.97,Month-to-month,None,Card,No,Yes,1,0
C101008,39.0,53,41.13,Month-to-month,DSL,UPI,No,No,2,0
C101009,65.0,38,27.2,One year,DSL,Bank transfer,No,Yes,5,0
C101010,20.0,20,81.42,Month-to-month,Fiber,UPI,No,Yes,2,1
C101011,39.0,58,72.06,Month-to-month,Fiber,UPI,No,No,3,1
C101012,33.0,18,38.7,Two year,DSL,Bank transfer,No,No,1,0
C101013,60.0,23,43.62,Month-to-month,DSL,Card,Yes,Yes,3,0
C101014,30.0,38,27.12,One year,None,UPI,Yes,No,2,0
C101015,,61,41.43,Month-to-month,DSL,Card,No,No,2,0
C101016,40.0,28,64.74,Month-to-month,Fiber,Card,Yes,Yes,0,0
C101017,63.0,36,61.11,Month-to-month,Fiber,Bank transfer,Yes,Yes,1,0
C101018,40.0,3,32.74,Month-to-month,DSL,Bank transfer,No,Yes,1,1
C101019,60.0,9,73.8,One year,Fiber,Cash,No,No,1,1
C101020,23.0,5,24.72,Month-to-month,DSL,Card,Yes,No,1,0
C101021,64.0,6,39.66,Month-to-month,DSL,Bank transfer,Yes,Yes,5,0
C101022,57.0,63,38.0,Month-to-month,DSL,Cash,No,Yes,0,0
C101023,28.0,61,18.55,Two year,None,UPI,No,Yes,3,0
C101024,24.0,60,35.49,One year,DSL,Cash,No,Yes,1,0
C101025,37.0,5,35.52,Two year,DSL,Cash,Yes,No,2,1
C101026,79.0,6,23.53,One year,None,Bank transfer,Yes,Yes,4,0
C101027,34.0,21,40.97,One year,DSL,Cash,Yes,Yes,2,1
C101028,47.0,41,42.97,Month-to-month,None,UPI,No,Yes,0,0
C101029,45.0,25,71.35,Two year,Fiber,UPI,No,No,2,0
C101030,36.0,36,64.85,Month-to-month,Fiber,Cash,No,Yes,1,1
C101031,46.0,13,,Month-to-month,Fiber,Bank transfer,Yes,Yes,0,1
C101032,28.0,53,58.74,One year,Fiber,Card,No,Yes,1,0
C101033,59.0,23,28.94,Month-to-month,DSL,UPI,No,No,3,0
C101034,27.0,5,25.52,Month-to-month,None,Card,No,Yes,1,0
C101035,53.0,54,16.84,Month-to-month,None,Cash,No,Yes,3,0
C101036,37.0,66,23.25,Month-to-month,None,Card,No,Yes,3,0
C101037,53.0,2,64.14,Two year,Fiber,UPI,No,Yes,0,1
C101038,51.0,32,73.64,Month-to-month,Fiber,UPI,No,No,3,0
C101039,57.0,60,76.98,Two year,Fiber,Card,No,No,1,0
C101040,55.0,51,31.78,Month-to-month,DSL,Cash,Yes,Yes,1,0
C101041,34.0,62,73.48,One year,Fiber,UPI,Yes,No,1,0
C101042,,30,66.48,Month-to-month,Fiber,Card,Yes,No,1,1
C101043,32.0,27,60.15,Two year,Fiber,Card,Yes,Yes,0,0
C101044,42.0,52,39.43,Month-to-month,DSL,Bank transfer,No,Yes,1,0
C101045,31.0,12,,Month-to-month,Fiber,UPI,Yes,No,1,1
C101046,51.0,18,74.75,Month-to-month,Fiber,UPI,Yes,No,3,0
C101047,66.0,44,77.64,Month-to-month,Fiber,UPI,Yes,Yes,1,0
C101048,55.0,49,18.01,Month-to-month,None,Cash,No,Yes,2,0
C101049,24.0,9,68.6,One year,Fiber,Bank transfer,No,No,1,1
C101050,22.0,37,32.72,Two year,DSL,Bank transfer,No,Yes,1,0
C101051,37.0,27,37.76,One year,DSL,UPI,Yes,Yes,1,0
C101052,54.0,37,68.89,Month-to-month,Fiber,Cash,No,Yes,1,1
C101053,35.0,70,,Month-to-month,Fiber,Bank transfer,Yes,No,2,0
C101054,79.0,6,14.23,Two year,None,UPI,No,No,1,0
C101055,54.0,72,26.78,Two year,DSL,Cash,Yes,Yes,2,0
C101056,73.0,33,27.73,Month-to-month,DSL,Cash,No,Yes,1,1
C101057,75.0,56,73.33,Two year,Fiber,Bank transfer,No,Yes,2,1
C101058,23.0,31,69.66,Month-to-month,Fiber,Bank transfer,No,No,4,1
C101059,72.0,23,16.05,Two year,None,UPI,No,Yes,4,0
C101060,21.0,56,25.31,Two year,None,UPI,Yes,Yes,0,0
C101061,24.0,50,81.66,One year,Fiber,Card,Yes,Yes,1,0
C101062,51.0,11,16.04,Month-to-month,None,UPI,Yes,Yes,1,0
C101063,51.0,51,26.33,One year,DSL,UPI,Yes,Yes,2,0
C101064,58.0,55,77.56,Month-to-month,Fiber,,No,No,2,1
C101065,20.0,28,20.12,One year,None,Cash,No,No,1,0
C101066,24.0,67,68.53,Month-to-month,Fiber,Card,No,Yes,1,0
C101067,67.0,47,,One year,None,Bank transfer,No,No,0,0
C101068,54.0,25,32.9,Two year,DSL,Card,Yes,No,1,0
C101069,41.0,1,38.18,Month-to-month,DSL,Card,Yes,No,1,0
C101070,29.0,49,71.28,Month-to-month,Fiber,Card,No,No,1,1
C101071,31.0,16,45.96,One year,None,UPI,Yes,No,0,0
C101072,37.0,55,33.93,Month-to-month,DSL,UPI,No,Yes,1,0
C101073,48.0,38,27.49,Month-to-month,None,UPI,No,Yes,4,1
C101074,68.0,34,32.99,Month-to-month,DSL,Bank transfer,No,Yes,0,0
C101075,44.0,12,73.6,Month-to-month,Fiber,UPI,No,Yes,2,1
C101076,45.0,52,68.43,One year,Fiber,Card,No,No,5,0
C101077,76.0,12,41.36,One year,DSL,UPI,No,Yes,0,0
C101078,23.0,31,69.23,Month-to-month,Fiber,Card,No,No,1,1
C101079,20.0,61,74.03,Month-to-month,Fiber,Card,No,No,2,0
C101080,79.0,67,63.95,Month-to-month,Fiber,Card,No,Yes,0,0
C101081,76.0,72,28.63,Month-to-month,DSL,Bank transfer,Yes,No,3,0
C101082,43.0,69,19.94,One year,DSL,Bank transfer,No,No,0,0
C101083,32.0,41,22.93,Month-to-month,None,Cash,Yes,Yes,1,0
C101084,25.0,15,64.81,Month-to-month,Fiber,Bank transfer,No,No,1,0
C101085,26.0,61,37.56,Two year,None,,No,Yes,2,0
C101086,73.0,58,66.22,Month-to-month,Fiber,UPI,Yes,Yes,1,0
C101087,63.0,72,29.97,One year,None,Card,Yes,Yes,1,0
C101088,70.0,47,44.15,Month-to-month,DSL,UPI,Yes,Yes,1,0
C101089,50.0,11,68.03,Month-to-month,Fiber,Card,No,Yes,2,1
C101090,58.0,37,64.11,Month-to-month,Fiber,Card,No,No,2,0
C101091,73.0,33,33.92,One year,DSL,Cash,No,No,0,0
C101092,40.0,61,44.08,Two year,DSL,Card,No,Yes,2,0
C101093,51.0,29,88.28,Month-to-month,Fiber,Card,No,Yes,4,1
C101094,35.0,24,10.12,Month-to-month,None,Cash,No,Yes,3,1
C101095,49.0,6,70.11,Month-to-month,Fiber,UPI,No,Yes,1,1
C101096,31.0,61,30.16,One year,DSL,UPI,Yes,Yes,0,0
C101097,30.0,55,17.11,One year,None,Card,No,Yes,0,0
C101098,40.0,3,48.65,One year,DSL,,No,No,0,0
C101099,76.0,32,28.84,Two year,DSL,Cash,Yes,No,1,0
C101100,34.0,35,10.0,Month-to-month,None,Bank transfer,No,Yes,3,0
C101101,59.0,34,71.62,One year,Fiber,UPI,Yes,No,1,0
C101102,53.0,67,23.04,One year,None,UPI,No,No,1,0
C101103,55.0,11,16.63,Month-to-month,None,UPI,No,Yes,5,1
C101104,26.0,23,64.55,Two year,Fiber,UPI,Yes,Yes,2,0
C101105,66.0,14,36.28,Month-to-month,DSL,Card,No,Yes,1,0
C101106,66.0,18,24.2,One year,DSL,Card,No,Yes,1,0
C101107,24.0,66,23.37,One year,None,Bank transfer,Yes,Yes,2,0
C101108,42.0,68,17.22,Two year,None,Cash,No,Yes,2,0
C101109,71.0,4,81.1,Month-to-month,Fiber,Cash,No,Yes,4,1
C101110,32.0,46,72.55,Month-to-month,Fiber,Bank transfer,No,Yes,0,1
C101111,49.0,17,33.77,Two year,DSL,UPI,No,Yes,3,0
C101112,69.0,14,33.16,One year,DSL,Bank transfer,Yes,Yes,0,0
C101113,67.0,22,10.0,Month-to-month,None,Cash,Yes,Yes,3,0
C101114,42.0,14,34.01,One year,DSL,Card,No,Yes,1,0
C101115,,36,68.37,Month-to-month,Fiber,UPI,Yes,Yes,1,0
C101116,75.0,72,20.41,One year,None,Card,No,Yes,4,0
C101117,45.0,43,68.48,Two year,Fiber,Cash,No,No,2,0
C101118,78.0,53,81.43,Month-to-month,Fiber,Cash,No,Yes,2,0
C101119,65.0,36,,Month-to-month,DSL,Bank transfer,No,No,1,0
C101120,58.0,2,28.25,Two year,DSL,Card,No,No,1,0
C101121,62.0,7,21.68,One year,DSL,Cash,No,Yes,4,1
C101122,29.0,20,31.43,Two year,DSL,Card,No,Yes,2,0
C101123,18.0,18,26.62,Month-to-month,DSL,Card,Yes,No,1,1
C101124,69.0,61,24.62,Two year,DSL,,No,Yes,2,0
C101125,61.0,61,32.51,Month-to-month,DSL,Bank transfer,Yes,No,1,1
C101126,76.0,62,44.11,Month-to-month,DSL,Cash,Yes,No,0,0
C101127,49.0,46,27.48,Month-to-month,None,UPI,Yes,Yes,4,0
C101128,41.0,41,24.74,One year,DSL,UPI,No,Yes,2,0
C101129,70.0,47,70.29,Two year,Fiber,UPI,No,No,0,0
C101130,76.0,30,23.39,One year,None,Card,No,Yes,0,0
C101131,68.0,49,39.68,One year,DSL,Cash,No,Yes,3,0
C101132,69.0,58,82.83,Month-to-month,Fiber,UPI,No,No,1,0
C101133,28.0,55,,Month-to-month,None,Card,Yes,Yes,3,0
C101134,71.0,45,62.91,Month-to-month,Fiber,UPI,Yes,No,1,1
C101135,,5,29.7,Month-to-month,DSL,Bank transfer,Yes,No,1,0
C101136,64.0,53,72.93,Month-to-month,Fiber,Cash,No,Yes,1,0
C101137,30.0,27,48.23,Two year,Fiber,Card,Yes,Yes,2,0
C101138,20.0,54,68.17,One year,Fiber,Card,No,Yes,2,0
C101139,63.0,39,20.74,One year,DSL,Cash,Yes,No,3,0
C101140,,64,34.98,Month-to-month,DSL,UPI,No,Yes,2,0
C101141,72.0,25,36.56,Month-to-month,None,UPI,No,Yes,0,0
C101142,35.0,68,42.21,Month-to-month,DSL,Card,No,No,3,0
C101143,61.0,61,,Month-to-month,DSL,Cash,Yes,Yes,2,0
C101144,57.0,24,66.65,Month-to-month,Fiber,Bank transfer,No,Yes,0,1
C101145,68.0,35,12.88,Month-to-month,None,Card,Yes,No,4,0
C101146,71.0,39,45.36,Month-to-month,DSL,Card,No,Yes,1,0
C101147,54.0,56,17.39,One year,DSL,Card,Yes,Yes,2,0
C101148,39.0,50,66.49,Month-to-month,Fiber,Card,No,Yes,2,0
C101149,49.0,62,64.43,Month-to-month,Fiber,Card,No,Yes,1,0
C101150,55.0,27,60.61,Month-to-month,Fiber,Card,No,Yes,2,1
C101151,78.0,37,33.27,Month-to-month,None,Card,No,Yes,1,0
C101152,28.0,32,22.47,Month-to-month,DSL,UPI,Yes,No,4,0
C101153,22.0,66,25.45,Month-to-month,DSL,UPI,No,Yes,1,0
C101154,46.0,22,,One year,Fiber,UPI,Yes,Yes,1,0
C101155,44.0,43,34.2,Month-to-month,DSL,Bank transfer,Yes,No,0,0
C101156,73.0,9,68.6,Two year,Fiber,Card,Yes,Yes,5,0
C101157,35.0,62,65.0,Month-to-month,Fiber,Cash,Yes,No,0,0
C101158,27.0,28,34.98,Month-to-month,DSL,Cash,Yes,Yes,2,0
C101159,25.0,25,66.57,Month-to-month,Fiber,Cash,No,Yes,1,1
C101160,73.0,42,29.12,Month-to-month,DSL,Card,Yes,Yes,0,0
C101161,55.0,36,58.79,Month-to-month,Fiber,Card,No,Yes,2,0
C101162,78.0,62,70.32,Two year,Fiber,UPI,Yes,No,0,0
C101163,,39,65.22,Month-to-month,Fiber,Card,No,No,2,0
C101164,23.0,38,31.25,One year,DSL,Card,Yes,Yes,2,0
C101165,46.0,8,25.28,Month-to-month,None,Card,Yes,Yes,1,0
C101166,28.0,2,15.95,Month-to-month,None,UPI,No,Yes,1,0
C101167,26.0,29,19.12,Month-to-month,None,Bank transfer,No,Yes,1,0
C101168,72.0,72,33.39,Month-to-month,None,Card,No,Yes,1,0
C101169,42.0,67,38.07,Month-to-month,DSL,Cash,Yes,Yes,3,0
C101170,22.0,46,65.68,Two year,Fiber,Bank transfer,No,Yes,2,1
C101171,30.0,46,26.22,One year,DSL,Card,No,Yes,0,0
C101172,40.0,29,18.94,Two year,None,UPI,No,No,2,0
C101173,73.0,13,41.3,Month-to-month,DSL,Card,Yes,Yes,2,0
C101174,57.0,1,30.28,One year,DSL,Cash,Yes,Yes,2,0
C101175,50.0,25,69.65,One year,Fiber,Bank transfer,Yes,Yes,3,0
C101176,,23,30.08,One year,DSL,Bank transfer,No,No,3,0
C101177,67.0,14,66.74,Two year,Fiber,Bank transfer,Yes,No,0,0
C101178,30.0,19,24.78,One year,DSL,Card,Yes,Yes,2,0
C101179,48.0,2,71.68,Two year,Fiber,Cash,No,No,2,1
C101180,41.0,44,20.67,One year,None,Cash,No,No,3,0
C101181,20.0,67,81.31,Month-to-month,Fiber,Bank transfer,No,Yes,0,1
C101182,52.0,50,35.35,One year,DSL,UPI,No,Yes,1,0
C101183,61.0,33,28.78,Month-to-month,DSL,Card,Yes,No,2,0
C101184,59.0,31,46.09,Two year,DSL,Card,No,Yes,3,0
C101185,20.0,23,37.39,Two year,DSL,Card,Yes,Yes,0,0
C101186,42.0,11,70.99,Month-to-month,Fiber,UPI,Yes,Yes,2,0
C101187,42.0,44,34.36,Month-to-month,DSL,Bank transfer,No,Yes,1,0
C101188,27.0,41,35.68,Month-to-month,DSL,Cash,Yes,No,0,0
C101189,51.0,1,27.55,Month-to-month,DSL,Card,No,No,1,0
C101190,50.0,30,18.78,Month-to-month,None,Card,No,No,1,0
C101191,66.0,21,32.68,One year,DSL,Card,Yes,No,2,0
C101192,65.0,13,37.28,One year,DSL,Cash,Yes,No,0,1
C101193,73.0,51,78.36,Two year,Fiber,Bank transfer,Yes,Yes,0,0
C101194,44.0,38,42.16,Month-to-month,DSL,UPI,Yes,No,0,0
C101195,30.0,46,23.52,Month-to-month,None,UPI,No,Yes,1,0
C101196,51.0,52,20.64,Month-to-month,DSL,UPI,No,Yes,3,0
C101197,59.0,71,65.95,Two year,Fiber,Card,Yes,No,4,0
C101198,38.0,58,54.85,Month-to-month,Fiber,Card,Yes,No,0,1
C101199,47.0,45,28.09,Month-to-month,None,Card,No,Yes,3,0
C101200,74.0,64,68.47,Month-to-month,Fiber,Card,No,Yes,0,0
C101201,65.0,35,68.25,Two year,Fiber,UPI,No,Yes,2,0
C101202,55.0,71,63.95,Month-to-month,Fiber,UPI,Yes,No,2,0
C101203,76.0,55,79.54,One year,Fiber,Bank transfer,No,Yes,2,0
C101204,18.0,47,70.24,One year,Fiber,UPI,Yes,Yes,1,0
C101205,51.0,66,,One year,Fiber,UPI,No,Yes,1,0
C101206,34.0,38,70.43,Month-to-month,Fiber,Cash,No,No,5,1
C101207,35.0,52,36.05,Month-to-month,DSL,UPI,No,No,3,0
C101208,66.0,21,33.35,Month-to-month,DSL,UPI,Yes,No,0,0
C101209,67.0,70,79.53,Month-to-month,Fiber,Card,No,No,0,0
C101210,48.0,45,44.45,One year,DSL,Bank transfer,Yes,Yes,0,0
C101211,50.0,57,70.18,Month-to-month,Fiber,UPI,No,Yes,0,0
C101212,55.0,34,28.21,Month-to-month,DSL,Card,Yes,Yes,2,0
C101213,72.0,63,72.05,Month-to-month,Fiber,Card,No,Yes,0,0
C101214,19.0,6,64.67,One year,Fiber,Bank transfer,Yes,No,1,1
C101215,53.0,9,80.85,Month-to-month,Fiber,Bank transfer,No,Yes,0,1
C101216,22.0,37,82.0,One year,Fiber,Bank transfer,No,No,2,1
C101217,76.0,53,40.2,Month-to-month,DSL,UPI,Yes,Yes,0,1
C101218,32.0,59,25.15,Two year,DSL,UPI,Yes,Yes,2,0
C101219,19.0,32,65.71,One year,Fiber,UPI,Yes,No,1,1
C101220,68.0,47,17.84,Month-to-month,None,Card,Yes,Yes,3,0
C101221,63.0,40,62.71,Month-to-month,Fiber,UPI,No,Yes,0,0
C101222,73.0,70,67.02,Month-to-month,Fiber,UPI,Yes,No,0,0
C101223,39.0,48,71.3,Month-to-month,Fiber,Bank transfer,Yes,Yes,0,1
C101224,35.0,31,73.66,Month-to-month,Fiber,UPI,Yes,Yes,1,0
C101225,59.0,70,79.75,Two year,Fiber,,Yes,Yes,3,0
C101226,76.0,8,69.27,One year,Fiber,Cash,Yes,No,3,0
C101227,76.0,71,32.05,Month-to-month,DSL,Cash,No,Yes,2,0
C101228,42.0,12,24.14,One year,DSL,Card,Yes,Yes,1,0
C101229,58.0,21,72.23,Month-to-month,Fiber,Cash,No,Yes,7,1
C101230,69.0,60,65.83,Two year,Fiber,Card,No,Yes,1,0
C101231,64.0,53,67.78,Month-to-month,Fiber,Cash,No,No,2,0
C101232,55.0,70,29.93,One year,DSL,Card,No,Yes,2,0
C101233,27.0,54,30.15,One year,DSL,UPI,No,No,2,0
C101234,57.0,46,75.2,Month-to-month,Fiber,Cash,No,No,2,1
C101235,28.0,25,34.0,Month-to-month,DSL,Card,Yes,Yes,0,1
C101236,45.0,1,31.95,Month-to-month,None,Bank transfer,No,No,1,1
C101237,53.0,9,25.51,Two year,DSL,UPI,Yes,No,1,0
C101238,19.0,22,79.46,Month-to-month,Fiber,Card,No,No,2,0
C101239,44.0,3,65.52,One year,Fiber,Cash,Yes,No,0,1
C101240,37.0,37,34.02,One year,DSL,UPI,No,Yes,0,0
C101241,24.0,56,38.42,Two year,DSL,Cash,No,Yes,1,0
C101242,58.0,70,42.67,Month-to-month,DSL,Cash,Yes,Yes,0,0
C101243,63.0,36,42.99,Month-to-month,DSL,Card,Yes,No,3,1
C101244,73.0,64,42.83,One year,DSL,Card,No,Yes,2,0
C101245,61.0,71,67.8,Month-to-month,Fiber,UPI,Yes,No,4,0
C101246,29.0,62,48.97,Two year,DSL,UPI,Yes,No,1,0
C101247,23.0,34,74.38,Month-to-month,Fiber,Card,Yes,Yes,1,1
C101248,,24,10.92,Month-to-month,DSL,UPI,No,No,1,0
C101249,21.0,71,19.94,Two year,None,Bank transfer,No,Yes,3,0
C101250,41.0,18,66.63,Month-to-month,Fiber,Card,No,Yes,2,1
C101251,41.0,30,17.17,Month-to-month,None,Bank transfer,No,No,6,0
C101252,29.0,6,24.77,Month-to-month,None,UPI,No,Yes,2,1
C101253,57.0,58,37.13,Month-to-month,DSL,Card,No,Yes,0,0
C101254,65.0,47,64.27,Two year,Fiber,Card,No,No,3,0
C101255,73.0,7,46.7,Month-to-month,DSL,Card,No,No,1,0
C101256,47.0,16,10.0,Month-to-month,None,UPI,No,No,1,1
C101257,44.0,40,58.86,Month-to-month,Fiber,Card,Yes,Yes,3,0
C101258,30.0,39,60.99,Two year,Fiber,Bank transfer,Yes,Yes,3,0
C101259,23.0,58,23.23,Month-to-month,None,Bank transfer,Yes,Yes,2,1
C101260,70.0,20,22.62,Two year,None,Card,No,Yes,1,0
C101261,70.0,67,13.18,Two year,None,Cash,No,No,3,0
C101262,78.0,33,29.92,Month-to-month,DSL,Cash,No,Yes,1,0
C101263,25.0,60,34.65,Two year,DSL,Card,No,No,3,0
C101264,44.0,18,26.13,One year,DSL,Cash,No,Yes,0,0
C101265,57.0,3,76.07,Month-to-month,Fiber,Card,No,Yes,1,0
C101266,72.0,4,82.21,Month-to-month,Fiber,,No,Yes,0,0
C101267,43.0,27,33.26,Two year,DSL,Card,Yes,Yes,1,0
C101268,26.0,69,72.45,One year,Fiber,Bank transfer,No,Yes,0,0
C101269,74.0,4,35.55,One year,DSL,Bank transfer,No,No,3,1
C101270,23.0,27,80.62,Two year,Fiber,,Yes,No,4,1
C101271,61.0,8,35.21,Month-to-month,None,Cash,Yes,No,2,1
C101272,40.0,68,66.82,Two year,Fiber,Card,Yes,Yes,0,0
C101273,18.0,49,69.94,Two year,Fiber,Bank transfer,Yes,No,4,1
C101274,50.0,55,41.55,Month-to-month,DSL,Card,Yes,No,2,0
C101275,41.0,52,37.44,Month-to-month,DSL,Card,No,Yes,1,0
C101276,45.0,48,62.39,Month-to-month,Fiber,Card,Yes,No,2,0
C101277,29.0,56,55.21,Two year,Fiber,Cash,No,No,1,0
C101278,59.0,1,29.9,Month-to-month,DSL,Bank transfer,Yes,No,0,1
C101279,35.0,63,22.31,One year,None,Card,No,No,2,0
C101280,27.0,54,66.53,Month-to-month,Fiber,Cash,No,Yes,2,0
C101281,42.0,54,11.25,Month-to-month,None,Bank transfer,No,Yes,2,0
C101282,,29,65.04,One year,Fiber,UPI,No,Yes,1,0
C101283,51.0,58,34.33,Month-to-month,None,UPI,No,Yes,3,0
C101284,51.0,28,25.66,Two year,DSL,Bank transfer,Yes,Yes,3,0
C101285,67.0,4,32.17,Month-to-month,DSL,Bank transfer,No,Yes,0,1
C101286,78.0,66,15.55,Two year,None,UPI,No,No,5,0
C101287,23.0,17,35.33,Month-to-month,None,UPI,Yes,Yes,4,0
C101288,20.0,8,57.9,Two year,Fiber,,Yes,No,2,0
C101289,45.0,45,28.4,One year,DSL,UPI,No,No,1,0
C101290,22.0,17,35.2,Month-to-month,DSL,UPI,Yes,Yes,0,1
C101291,70.0,62,71.04,Month-to-month,Fiber,Card,No,Yes,0,0
C101292,68.0,32,28.67,Month-to-month,None,Card,Yes,No,2,0
C101293,,1,42.84,One year,DSL,UPI,Yes,Yes,1,0
C101294,77.0,69,29.06,Two year,DSL,UPI,Yes,Yes,3,0
C101295,50.0,38,72.2,Month-to-month,Fiber,UPI,No,No,3,1
C101296,51.0,19,68.31,Month-to-month,Fiber,Card,No,Yes,4,1
C101297,66.0,49,66.03,One year,Fiber,Cash,No,Yes,1,1
C101298,52.0,39,77.82,Month-to-month,Fiber,Card,Yes,No,5,0
C101299,62.0,3,21.73,One year,None,UPI,Yes,Yes,3,0
C101300,32.0,55,47.45,Month-to-month,DSL,Card,No,Yes,0,0
C101301,49.0,29,73.5,One year,Fiber,Bank transfer,Yes,Yes,1,0
C101302,68.0,51,77.11,Two year,Fiber,UPI,Yes,Yes,1,0
C101303,77.0,65,47.98,Month-to-month,Fiber,UPI,No,Yes,2,0
C101304,29.0,44,20.42,Month-to-month,None,Cash,No,Yes,1,0
C101305,20.0,49,73.17,Month-to-month,Fiber,Bank transfer,Yes,Yes,1,0
C101306,54.0,19,73.91,One year,Fiber,UPI,Yes,No,1,0
C101307,21.0,18,47.09,Month-to-month,DSL,UPI,No,No,2,0
C101308,60.0,30,74.67,Two year,Fiber,Cash,No,Yes,1,0
C101309,44.0,62,25.03,One year,DSL,Cash,No,No,2,0
C101310,67.0,38,39.04,Month-to-month,DSL,Bank transfer,No,Yes,4,1
C101311,27.0,26,76.43,One year,Fiber,Bank transfer,No,No,0,0
C101312,20.0,57,,Month-to-month,Fiber,Cash,No,Yes,2,1
C101313,31.0,62,16.45,Two year,None,Cash,No,No,0,0
C101314,21.0,65,76.04,Month-to-month,Fiber,Card,No,No,2,1
C101315,27.0,22,19.78,One year,None,Cash,Yes,Yes,1,0
C101316,64.0,52,43.51,Two year,DSL,Bank transfer,No,Yes,2,0
C101317,60.0,43,,One year,Fiber,UPI,No,Yes,1,0
C101318,56.0,33,10.0,Two year,None,UPI,Yes,Yes,3,0
C101319,44.0,29,70.24,Month-to-month,Fiber,UPI,No,Yes,1,0
C101320,31.0,9,16.6,Two year,None,Bank transfer,No,No,0,0
C101321,69.0,20,74.71,One year,Fiber,Bank transfer,Yes,Yes,3,1
C101322,72.0,40,38.18,One year,DSL,Card,No,Yes,1,0
C101323,33.0,64,62.25,Month-to-month,Fiber,UPI,Yes,No,2,0
C101324,73.0,63,36.38,Month-to-month,DSL,Card,No,No,4,0
C101325,56.0,14,39.08,One year,DSL,UPI,No,Yes,0,0
C101326,39.0,49,38.35,Month-to-month,DSL,UPI,No,No,2,0
C101327,31.0,7,42.61,One year,DSL,UPI,No,No,0,0
C101328,54.0,49,61.62,Two year,Fiber,Card,No,No,0,0
C101329,18.0,25,18.55,Two year,None,Card,No,Yes,1,0
C101330,37.0,33,51.97,Month-to-month,Fiber,Card,No,Yes,1,1
C101331,60.0,52,29.24,Two year,None,UPI,Yes,Yes,2,0
C101332,48.0,31,70.77,Month-to-month,Fiber,Cash,No,No,2,0
C101333,27.0,59,,Month-to-month,DSL,Bank transfer,No,No,1,0
C101334,27.0,39,33.98,Two year,DSL,Bank transfer,No,No,1,0
C101335,61.0,72,23.84,Month-to-month,None,UPI,No,Yes,1,0
C101336,69.0,46,78.33,Month-to-month,Fiber,Card,Yes,Yes,2,1
C101337,60.0,22,17.67,Month-to-month,None,Cash,Yes,No,0,0
C101338,27.0,56,,Month-to-month,DSL,UPI,Yes,Yes,1,0
C101339,59.0,30,73.18,Two year,Fiber,Card,No,Yes,4,0
C101340,35.0,39,52.41,Month-to-month,Fiber,UPI,Yes,No,4,1
C101341,,10,14.34,Month-to-month,None,Bank transfer,No,No,0,0
C101342,54.0,9,38.48,One year,DSL,UPI,Yes,Yes,1,0
C101343,72.0,42,29.87,Month-to-month,None,Card,No,No,2,0
C101344,69.0,14,80.87,One year,Fiber,UPI,Yes,Yes,1,0
C101345,22.0,72,10.2,Two year,None,,No,Yes,2,0
C101346,18.0,62,78.0,One year,Fiber,UPI,No,Yes,4,0
C101347,75.0,51,78.27,Two year,Fiber,Bank transfer,No,Yes,1,0
C101348,36.0,53,73.3,Month-to-month,Fiber,Cash,No,Yes,2,1
C101349,22.0,43,10.0,Two year,None,UPI,No,Yes,2,0
C101350,29.0,5,30.7,Month-to-month,DSL,Card,Yes,Yes,0,0
C101351,48.0,29,70.87,Month-to-month,Fiber,UPI,No,Yes,1,0
C101352,73.0,36,68.11,One year,Fiber,Card,Yes,Yes,0,0
C101353,75.0,66,52.65,Month-to-month,Fiber,Cash,No,No,1,1
C101354,58.0,16,67.91,Two year,Fiber,Bank transfer,No,Yes,1,0
C101355,34.0,36,62.55,One year,Fiber,UPI,Yes,Yes,1,0
C101356,62.0,25,74.73,Two year,Fiber,Bank transfer,No,Yes,0,1
C101357,69.0,10,73.84,Month-to-month,Fiber,UPI,Yes,Yes,3,1
C101358,43.0,8,74.18,Month-to-month,Fiber,UPI,No,No,1,1
C101359,54.0,27,67.05,One year,Fiber,Cash,No,No,2,0
C101360,48.0,6,20.16,Month-to-month,None,Card,No,Yes,2,1
C101361,71.0,5,69.33,Month-to-month,Fiber,UPI,No,Yes,3,1
C101362,55.0,26,42.31,One year,DSL,Cash,Yes,Yes,1,0
C101363,21.0,15,65.73,Two year,Fiber,UPI,No,Yes,0,0
C101364,72.0,40,28.94,One year,DSL,UPI,No,No,1,0
C101365,52.0,2,42.69,Month-to-month,DSL,Card,Yes,Yes,0,0
C101366,44.0,22,76.57,Month-to-month,Fiber,UPI,No,No,0,0
C101367,29.0,33,73.73,One year,Fiber,UPI,Yes,No,1,0
C101368,61.0,70,82.63,Month-to-month,Fiber,UPI,No,Yes,2,0
C101369,19.0,46,36.71,Month-to-month,None,Card,No,Yes,0,0
C101370,28.0,64,44.85,Month-to-month,DSL,UPI,Yes,No,0,0
C101371,60.0,25,29.02,Month-to-month,DSL,UPI,Yes,No,1,1
C101372,,33,41.65,Month-to-month,DSL,Cash,No,Yes,2,0
C101373,64.0,31,35.88,Month-to-month,DSL,UPI,Yes,No,3,0
C101374,34.0,64,65.5,One year,Fiber,UPI,Yes,Yes,4,1
C101375,63.0,70,64.07,Month-to-month,Fiber,Bank transfer,No,Yes,1,0
C101376,60.0,70,72.15,One year,Fiber,Card,No,No,1,0
C101377,63.0,55,41.53,Month-to-month,DSL,UPI,No,Yes,2,0
C101378,63.0,37,81.03,Two year,Fiber,Card,No,Yes,1,0
C101379,67.0,39,40.39,Month-to-month,DSL,UPI,No,Yes,2,1
C101380,40.0,71,74.59,Month-to-month,Fiber,Cash,Yes,No,1,0
C101381,47.0,21,68.35,Month-to-month,Fiber,UPI,Yes,No,0,0
C101382,22.0,25,36.73,Month-to-month,DSL,Cash,No,No,2,0
C101383,39.0,65,10.0,Month-to-month,None,Card,No,No,1,0
C101384,46.0,28,74.52,Two year,Fiber,UPI,No,Yes,2,0
C101385,65.0,17,38.45,Two year,DSL,,Yes,Yes,0,0
C101386,73.0,41,85.31,Month-to-month,Fiber,Card,No,Yes,3,0
C101387,59.0,24,69.68,Month-to-month,Fiber,UPI,No,Yes,2,1
C101388,25.0,65,44.53,One year,DSL,Bank transfer,Yes,No,1,0
C101389,30.0,66,31.2,One year,DSL,UPI,No,Yes,2,0
C101390,51.0,23,83.58,Month-to-month,Fiber,Bank transfer,Yes,No,2,1
C101391,44.0,39,31.6,One year,None,Cash,No,Yes,3,0
C101392,75.0,71,79.06,Month-to-month,Fiber,,No,No,2,0
C101393,29.0,54,70.48,One year,Fiber,Cash,Yes,Yes,5,0
C101394,53.0,16,68.22,Month-to-month,Fiber,Card,No,No,2,1
C101395,66.0,43,67.03,Month-to-month,Fiber,Card,Yes,Yes,2,0
C101396,45.0,45,27.22,Month-to-month,DSL,UPI,No,Yes,3,0
C101397,33.0,48,73.74,One year,Fiber,UPI,No,No,1,0
C101398,26.0,2,18.01,Month-to-month,None,UPI,No,No,1,1
C101399,56.0,22,23.06,One year,None,UPI,Yes,Yes,5,0
C101400,57.0,62,21.36,One year,None,Cash,No,No,0,0
C101401,63.0,18,26.41,One year,DSL,Card,No,Yes,1,0
C101402,69.0,22,78.49,Month-to-month,Fiber,Bank transfer,No,No,0,0
C101403,79.0,24,70.77,Month-to-month,Fiber,UPI,No,Yes,1,1
C101404,29.0,13,41.9,Month-to-month,DSL,UPI,No,No,0,0
C101405,44.0,12,25.68,One year,DSL,Card,No,Yes,1,1
C101406,38.0,25,63.89,Two year,Fiber,UPI,No,No,0,0
C101407,72.0,63,66.86,Month-to-month,Fiber,UPI,No,No,3,0
C101408,25.0,1,71.94,Two year,Fiber,Bank transfer,Yes,No,2,0
C101409,59.0,21,34.17,Month-to-month,DSL,UPI,No,No,0,0
C101410,37.0,5,80.91,Month-to-month,Fiber,Card,No,No,1,1
C101411,18.0,41,43.28,Month-to-month,DSL,Bank transfer,No,Yes,0,0
C101412,55.0,19,29.15,One year,DSL,Bank transfer,No,Yes,0,0
C101413,42.0,58,93.57,Month-to-month,Fiber,Cash,No,Yes,2,0
C101414,60.0,43,34.32,Month-to-month,DSL,UPI,Yes,Yes,1,0
C101415,42.0,57,30.33,One year,None,Bank transfer,No,Yes,2,0
C101416,29.0,46,67.72,Month-to-month,Fiber,UPI,No,No,3,1
C101417,25.0,32,40.0,Month-to-month,DSL,Bank transfer,Yes,Yes,1,0
C101418,29.0,62,42.6,Month-to-month,DSL,UPI,Yes,Yes,2,0
C101419,45.0,35,57.97,Month-to-month,Fiber,Card,Yes,Yes,0,0
C101420,34.0,69,48.98,Month-to-month,DSL,Cash,No,No,4,0
C101421,25.0,72,28.75,Month-to-month,DSL,Bank transfer,No,Yes,2,0
C101422,37.0,43,67.21,One year,Fiber,UPI,Yes,Yes,2,0
C101423,69.0,49,30.16,Month-to-month,DSL,UPI,No,Yes,2,1
C101424,70.0,19,65.46,One year,Fiber,Bank transfer,No,Yes,2,0
C101425,40.0,59,,Month-to-month,Fiber,Card,No,Yes,0,0
C101426,50.0,49,25.45,Month-to-month,DSL,UPI,No,No,1,0
C101427,29.0,65,76.09,Month-to-month,Fiber,Card,No,No,2,0
C101428,43.0,20,70.92,Month-to-month,Fiber,Card,No,No,3,0
C101429,55.0,57,68.89,Month-to-month,Fiber,Card,No,Yes,4,1
C101430,19.0,34,43.13,Month-to-month,DSL,Bank transfer,No,Yes,2,0
C101431,71.0,14,84.13,Two year,Fiber,Card,No,Yes,2,0
C101432,74.0,13,22.52,Two year,DSL,Bank transfer,No,No,1,0
C101433,75.0,41,82.99,Month-to-month,Fiber,Cash,No,No,0,0
C101434,31.0,24,34.81,One year,DSL,Card,No,Yes,0,0
C101435,73.0,8,10.0,One year,None,Bank transfer,Yes,Yes,2,0
C101436,25.0,31,38.3,Two year,DSL,UPI,Yes,No,0,0
C101437,72.0,48,19.06,Month-to-month,None,Cash,Yes,Yes,2,0
C101438,26.0,23,26.88,Month-to-month,None,UPI,Yes,No,6,0
C101439,39.0,69,71.16,Month-to-month,Fiber,UPI,No,Yes,1,0
C101440,76.0,57,37.85,Month-to-month,DSL,Card,Yes,No,1,0
C101441,49.0,37,66.52,Month-to-month,Fiber,Cash,No,Yes,3,0
C101442,31.0,68,11.77,Two year,None,Card,No,No,3,0
C101443,41.0,32,75.93,Two year,Fiber,Bank transfer,No,No,1,1
C101444,38.0,11,65.8,Month-to-month,Fiber,Card,No,Yes,1,0
C101445,75.0,3,38.22,Month-to-month,DSL,,Yes,No,2,1
C101446,43.0,68,31.89,Month-to-month,None,UPI,Yes,Yes,1,0
C101447,23.0,70,,Month-to-month,DSL,Card,No,Yes,2,0
C101448,28.0,54,40.6,One year,DSL,Card,Yes,Yes,2,0
C101449,52.0,8,34.76,Month-to-month,DSL,Card,No,No,2,1
C101450,18.0,22,67.08,Two year,Fiber,Bank transfer,Yes,Yes,5,1
C101451,33.0,3,10.0,Two year,None,Bank transfer,Yes,Yes,3,0
C101452,55.0,4,69.68,One year,Fiber,Card,Yes,Yes,0,0
C101453,70.0,18,33.69,One year,DSL,UPI,No,Yes,2,0
C101454,23.0,42,63.03,Month-to-month,Fiber,Card,Yes,Yes,3,1
C101455,39.0,5,53.72,Month-to-month,Fiber,Bank transfer,No,Yes,2,1
C101456,42.0,71,56.64,Month-to-month,Fiber,Bank transfer,Yes,No,1,0
C101457,71.0,33,49.28,One year,DSL,Cash,Yes,Yes,1,0
C101458,66.0,19,70.3,Month-to-month,Fiber,Cash,Yes,No,0,1
C101459,75.0,38,58.51,Two year,Fiber,UPI,No,Yes,2,0
C101460,56.0,57,15.18,Month-to-month,None,Card,No,Yes,1,0
C101461,28.0,23,70.08,Month-to-month,Fiber,Cash,No,Yes,3,1
C101462,76.0,4,38.59,Month-to-month,DSL,Card,No,Yes,1,0
C101463,64.0,4,68.13,Two year,Fiber,Card,No,No,0,0
C101464,58.0,62,51.17,Month-to-month,DSL,UPI,Yes,Yes,2,0
C101465,39.0,9,36.55,Month-to-month,None,Bank transfer,No,Yes,3,1
C101466,67.0,46,73.06,Month-to-month,Fiber,Bank transfer,No,Yes,4,1
C101467,43.0,28,32.07,One year,DSL,Cash,Yes,No,2,0
C101468,38.0,56,73.06,Two year,Fiber,UPI,Yes,Yes,2,0
C101469,35.0,5,24.37,Month-to-month,DSL,Card,No,Yes,3,1
C101470,58.0,65,43.0,Two year,DSL,UPI,Yes,Yes,1,0
C101471,56.0,51,71.37,Month-to-month,Fiber,Bank transfer,Yes,Yes,0,0
C101472,32.0,33,60.34,One year,Fiber,Card,No,No,0,1
C101473,39.0,15,15.33,Month-to-month,None,Cash,Yes,Yes,5,1
C101474,32.0,71,74.59,Month-to-month,Fiber,UPI,No,Yes,1,0
C101475,63.0,22,21.68,One year,DSL,Bank transfer,No,Yes,2,0
C101476,,36,62.85,Month-to-month,Fiber,Bank transfer,No,No,2,0
C101477,66.0,29,66.27,Month-to-month,Fiber,UPI,No,Yes,2,1
C101478,32.0,17,42.8,Two year,DSL,Bank transfer,No,No,2,0
C101479,42.0,30,33.71,Two year,None,UPI,No,No,2,0
C101480,19.0,11,23.03,Month-to-month,None,Bank transfer,No,Yes,1,0
C101481,18.0,1,10.0,One year,DSL,Bank transfer,Yes,No,0,0
C101482,19.0,21,61.07,One year,Fiber,UPI,No,Yes,3,1
C101483,22.0,9,97.97,Month-to-month,Fiber,Card,No,Yes,2,1
C101484,75.0,30,36.26,Two year,DSL,Cash,No,Yes,4,0
C101485,34.0,63,49.15,Month-to-month,Fiber,Cash,Yes,Yes,2,0
C101486,50.0,12,53.98,One year,DSL,UPI,Yes,Yes,1,0
C101487,77.0,1,24.31,Month-to-month,DSL,Cash,No,No,1,0
C101488,48.0,8,24.59,Month-to-month,None,UPI,No,No,2,1
C101489,42.0,37,60.83,Month-to-month,Fiber,UPI,No,No,3,1
C101490,63.0,20,52.62,Month-to-month,DSL,UPI,No,Yes,1,0
C101491,64.0,36,58.66,Two year,Fiber,,Yes,Yes,2,0
C101492,24.0,3,15.32,Two year,None,UPI,No,Yes,0,0
C101493,76.0,24,78.39,Month-to-month,Fiber,Bank transfer,No,No,2,1
C101494,25.0,30,15.57,Month-to-month,None,Card,No,Yes,3,0
C101495,39.0,32,23.89,Month-to-month,None,Card,No,Yes,2,1
C101496,77.0,40,41.65,Month-to-month,DSL,Bank transfer,No,No,1,0
C101497,52.0,57,71.42,Month-to-month,Fiber,Bank transfer,No,No,0,0
C101498,53.0,34,61.11,Two year,Fiber,Cash,No,Yes,0,0
C101499,70.0,61,63.7,One year,Fiber,Card,Yes,No,2,0
C101500,45.0,39,66.93,Month-to-month,Fiber,Bank transfer,No,Yes,1,1
C101501,56.0,19,39.7,Month-to-month,DSL,Card,Yes,No,0,0
C101502,51.0,17,41.49,One year,DSL,Card,Yes,No,3,0
C101503,24.0,24,71.64,Month-to-month,Fiber,Bank transfer,No,No,0,1
C101504,36.0,44,75.62,Month-to-month,Fiber,UPI,Yes,Yes,1,0
C101505,65.0,18,57.27,Month-to-month,Fiber,Bank transfer,No,Yes,2,1
C101506,,66,72.38,Month-to-month,Fiber,Card,No,Yes,2,0
C101507,74.0,35,34.48,Month-to-month,DSL,,No,Yes,1,0
C101508,77.0,63,38.96,One year,DSL,UPI,No,No,0,0
C101509,65.0,50,76.02,Month-to-month,Fiber,Card,No,Yes,1,0
C101510,18.0,25,61.59,One year,Fiber,Card,No,Yes,2,0
C101511,64.0,17,69.12,Month-to-month,Fiber,Card,No,Yes,0,0
C101512,78.0,54,45.68,Two year,DSL,UPI,No,Yes,1,0
C101513,64.0,24,72.43,Month-to-month,Fiber,Bank transfer,No,Yes,0,1
C101514,57.0,18,19.2,Month-to-month,None,Card,No,Yes,1,0
C101515,55.0,67,25.26,Month-to-month,DSL,UPI,Yes,No,0,0
C101516,48.0,35,39.34,Month-to-month,DSL,UPI,No,No,1,0
C101517,33.0,4,58.88,Month-to-month,Fiber,UPI,No,No,1,1
C101518,47.0,36,68.57,One year,Fiber,UPI,Yes,No,4,1
C101519,74.0,34,16.07,Month-to-month,None,Bank transfer,Yes,Yes,0,0
C101520,23.0,63,23.15,Month-to-month,None,Cash,Yes,No,1,0
C101521,25.0,52,65.21,Month-to-month,Fiber,Card,No,Yes,3,0
C101522,72.0,14,32.37,One year,DSL,Bank transfer,No,Yes,2,1
C101523,69.0,11,62.71,Two year,Fiber,Card,Yes,Yes,1,0
C101524,49.0,44,18.01,One year,None,UPI,No,Yes,1,0
C101525,40.0,4,71.72,One year,Fiber,UPI,No,No,2,0
C101526,24.0,23,17.22,One year,None,Card,No,Yes,3,0
C101527,59.0,10,67.49,One year,Fiber,Card,No,Yes,3,0
C101528,51.0,2,36.32,Month-to-month,DSL,Card,Yes,Yes,0,0
C101529,67.0,67,,One year,Fiber,Card,Yes,Yes,2,0
C101530,40.0,7,75.96,One year,Fiber,UPI,No,No,2,1
C101531,67.0,1,24.65,Month-to-month,DSL,Card,No,Yes,5,1
C101532,77.0,68,41.14,One year,DSL,Bank transfer,No,Yes,2,0
C101533,27.0,14,80.94,Month-to-month,Fiber,Cash,Yes,No,2,1
C101534,65.0,59,40.65,Month-to-month,DSL,Card,No,No,1,1
C101535,55.0,3,15.69,Month-to-month,DSL,Card,No,Yes,1,1
C101536,43.0,12,72.12,One year,Fiber,UPI,No,Yes,1,0
C101537,31.0,8,81.07,Two year,Fiber,Cash,Yes,No,1,0
C101538,27.0,51,66.41,Month-to-month,Fiber,UPI,No,Yes,1,1
C101539,24.0,45,43.2,Month-to-month,None,Card,No,Yes,3,0
C101540,34.0,35,10.0,Month-to-month,None,Cash,Yes,Yes,5,0
C101541,49.0,18,71.17,Month-to-month,Fiber,UPI,No,Yes,3,0
C101542,51.0,7,40.79,Two year,DSL,UPI,No,No,2,1
C101543,79.0,41,71.38,Month-to-month,Fiber,Cash,Yes,No,0,1
C101544,63.0,17,36.23,Month-to-month,DSL,Cash,Yes,Yes,1,0
C101545,78.0,43,11.68,Month-to-month,None,UPI,No,No,1,0
C101546,64.0,50,65.4,Two year,Fiber,UPI,Yes,No,1,0
C101547,53.0,62,74.59,Month-to-month,Fiber,UPI,Yes,Yes,0,0
C101548,68.0,36,53.09,One year,Fiber,Card,No,No,1,0
C101549,65.0,1,77.24,Month-to-month,Fiber,UPI,No,No,1,1
C101550,68.0,21,19.09,Month-to-month,None,Card,No,Yes,0,1
C101551,33.0,62,39.42,One year,DSL,UPI,No,Yes,0,0
C101552,62.0,39,26.77,Month-to-month,None,Bank transfer,No,No,2,0
C101553,31.0,45,64.84,One year,DSL,Cash,No,No,3,0
C101554,37.0,33,81.19,Month-to-month,Fiber,Bank transfer,Yes,Yes,3,0
C101555,61.0,12,10.39,One year,None,Card,Yes,Yes,1,0
C101556,49.0,65,87.29,One year,Fiber,Card,No,No,2,0
C101557,66.0,56,13.29,One year,DSL,UPI,No,Yes,1,0
C101558,62.0,72,16.45,Month-to-month,None,Card,Yes,No,1,1
C101559,63.0,62,21.39,One year,None,Card,No,No,1,0
C101560,27.0,21,32.41,Two year,DSL,Bank transfer,No,Yes,4,0
C101561,24.0,19,72.25,Month-to-month,Fiber,UPI,No,No,2,1
C101562,33.0,18,18.65,Month-to-month,None,Card,No,No,1,0
C101563,40.0,67,45.28,Two year,DSL,UPI,Yes,Yes,3,0
C101564,68.0,41,66.14,Month-to-month,Fiber,Cash,No,Yes,2,0
C101565,20.0,33,69.07,One year,Fiber,Bank transfer,Yes,Yes,2,0
C101566,51.0,70,49.17,One year,DSL,Card,No,No,0,0
C101567,66.0,44,27.75,Month-to-month,None,UPI,Yes,No,2,0
C101568,40.0,66,33.64,One year,DSL,Cash,No,Yes,2,0
C101569,37.0,71,23.78,One year,None,Card,Yes,No,4,0
C101570,,6,84.98,Month-to-month,Fiber,UPI,No,No,1,1
C101571,44.0,27,58.92,Two year,Fiber,Bank transfer,Yes,Yes,0,0
C101572,56.0,53,61.3,Month-to-month,Fiber,Bank transfer,Yes,Yes,0,0
C101573,53.0,59,65.4,Month-to-month,Fiber,Card,Yes,No,2,0
C101574,70.0,11,21.74,Two year,None,Cash,No,Yes,2,0
C101575,18.0,23,77.75,Month-to-month,Fiber,UPI,No,No,1,0
C101576,36.0,40,63.88,Two year,Fiber,Card,No,Yes,1,0
C101577,39.0,58,62.47,Month-to-month,Fiber,Card,No,Yes,3,1
C101578,42.0,9,24.51,Month-to-month,DSL,UPI,Yes,Yes,1,0
C101579,63.0,44,27.46,Month-to-month,DSL,Card,No,Yes,0,0
C101580,24.0,22,64.75,One year,Fiber,Bank transfer,Yes,No,2,0
C101581,35.0,16,52.69,One year,Fiber,Cash,No,Yes,1,0
C101582,,38,65.51,Two year,Fiber,Card,No,Yes,2,0
C101583,53.0,30,61.6,Two year,Fiber,Bank transfer,No,Yes,1,0
C101584,77.0,46,68.69,One year,Fiber,Cash,Yes,No,3,0
C101585,78.0,23,83.58,One year,Fiber,Card,No,Yes,0,0
C101586,20.0,60,57.25,Month-to-month,Fiber,Bank transfer,No,No,1,0
C101587,25.0,6,28.11,Two year,None,Cash,No,Yes,2,0
C101588,53.0,63,48.34,One year,DSL,Bank transfer,Yes,Yes,1,0
C101589,34.0,3,77.72,Two year,Fiber,UPI,No,No,0,0
C101590,32.0,53,37.74,Month-to-month,DSL,Cash,Yes,Yes,1,0
C101591,60.0,25,30.51,Month-to-month,None,Bank transfer,No,No,2,0
C101592,37.0,28,75.06,One year,Fiber,Card,Yes,No,1,0
C101593,55.0,2,78.89,Month-to-month,Fiber,Card,No,No,1,0
C101594,20.0,51,20.95,Month-to-month,None,UPI,Yes,Yes,2,0
C101595,78.0,12,61.52,Two year,Fiber,UPI,Yes,No,2,0
C101596,23.0,48,44.31,Month-to-month,DSL,UPI,Yes,Yes,0,1
C101597,20.0,53,,Month-to-month,Fiber,Card,No,Yes,3,0
C101598,43.0,61,32.28,Month-to-month,DSL,Bank transfer,No,Yes,2,0
C101599,72.0,51,20.18,Month-to-month,None,Bank transfer,No,Yes,0,0
C101600,57.0,22,70.9,One year,Fiber,UPI,No,Yes,0,1
C101601,48.0,54,58.25,Two year,Fiber,Card,No,No,0,0
C101602,,60,13.21,Two year,None,Card,No,Yes,3,0
C101603,32.0,23,72.44,One year,Fiber,Card,No,Yes,1,0
C101604,58.0,9,69.25,One year,Fiber,UPI,Yes,Yes,0,0
C101605,49.0,65,35.13,Month-to-month,DSL,Card,No,No,1,0
C101606,55.0,11,70.21,Two year,Fiber,,Yes,Yes,0,0
C101607,43.0,43,19.07,Month-to-month,None,Card,No,No,2,0
C101608,36.0,18,13.87,Month-to-month,None,Card,No,Yes,1,0
C101609,29.0,10,73.48,Two year,Fiber,Cash,Yes,No,0,0
C101610,36.0,56,37.63,Two year,DSL,UPI,No,Yes,2,0
C101611,31.0,11,27.96,Month-to-month,DSL,UPI,Yes,No,1,1
C101612,48.0,49,23.32,One year,None,Card,No,Yes,1,0
C101613,35.0,50,,Month-to-month,DSL,Bank transfer,No,Yes,0,0
C101614,,5,75.22,Month-to-month,Fiber,UPI,No,No,4,0
C101615,52.0,13,69.65,Month-to-month,Fiber,Bank transfer,No,No,3,0
C101616,36.0,58,38.15,Month-to-month,DSL,UPI,No,Yes,0,0
C101617,23.0,37,,Month-to-month,Fiber,Cash,No,Yes,0,0
C101618,25.0,9,19.55,Month-to-month,None,UPI,Yes,No,0,0
C101619,23.0,72,72.62,Month-to-month,Fiber,Bank transfer,No,Yes,3,0
C101620,37.0,20,76.74,Month-to-month,Fiber,Bank transfer,No,No,2,1
C101621,38.0,1,70.96,Two year,Fiber,UPI,Yes,Yes,3,0
C101622,21.0,67,20.83,One year,None,Bank transfer,Yes,Yes,2,0
C101623,61.0,2,67.17,Two year,Fiber,Bank transfer,Yes,Yes,1,1
C101624,50.0,40,55.45,Month-to-month,Fiber,Card,Yes,Yes,2,0
C101625,78.0,72,70.27,One year,Fiber,Bank transfer,Yes,Yes,3,0
C101626,73.0,42,24.87,Two year,DSL,Card,No,Yes,1,1
C101627,18.0,43,30.47,Month-to-month,DSL,UPI,No,No,4,0
C101628,61.0,28,13.07,Month-to-month,None,Card,No,Yes,1,0
C101629,78.0,10,64.26,Month-to-month,Fiber,Card,Yes,No,0,0
C101630,67.0,42,29.76,Month-to-month,DSL,Card,No,Yes,2,0
C101631,60.0,65,38.88,Month-to-month,DSL,Card,No,No,2,0
C101632,26.0,7,22.66,Month-to-month,None,Card,Yes,Yes,1,0
C101633,73.0,64,70.89,Month-to-month,Fiber,Card,Yes,No,2,0
C101634,68.0,30,79.68,One year,Fiber,UPI,No,No,0,0
C101635,51.0,39,59.47,Month-to-month,DSL,UPI,Yes,No,2,0
C101636,75.0,12,24.06,Month-to-month,None,Cash,Yes,No,0,0
C101637,46.0,45,27.26,One year,None,Bank transfer,No,Yes,2,0
C101638,51.0,14,72.24,Month-to-month,Fiber,,Yes,Yes,4,1
C101639,66.0,20,40.18,Month-to-month,DSL,UPI,No,Yes,2,1
C101640,62.0,52,57.01,Month-to-month,Fiber,UPI,No,No,0,0
C101641,52.0,4,10.0,Month-to-month,None,UPI,No,Yes,2,1
C101642,66.0,33,53.09,Month-to-month,Fiber,UPI,No,No,1,0
C101643,73.0,43,15.0,Month-to-month,None,Bank transfer,No,No,1,0
C101644,58.0,10,80.93,Month-to-month,Fiber,UPI,No,Yes,1,1
C101645,73.0,22,37.04,Two year,DSL,UPI,No,Yes,1,0
C101646,43.0,25,66.87,Two year,Fiber,Bank transfer,No,Yes,3,0
C101647,50.0,48,24.56,Month-to-month,None,Card,Yes,Yes,2,0
C101648,58.0,71,37.82,Month-to-month,DSL,Bank transfer,Yes,Yes,0,0
C101649,53.0,61,24.16,Month-to-month,DSL,Cash,Yes,Yes,1,0
C101650,29.0,14,73.75,Two year,Fiber,Card,No,No,2,0
C101651,46.0,2,76.66,Two year,Fiber,Bank transfer,Yes,No,2,0
C101652,26.0,4,36.81,Month-to-month,None,Bank transfer,No,Yes,0,1
C101653,60.0,43,34.36,Month-to-month,DSL,UPI,No,Yes,1,0
C101654,67.0,12,48.55,Month-to-month,DSL,Card,No,No,1,1
C101655,60.0,17,31.76,Two year,DSL,Bank transfer,No,Yes,1,0
C101656,71.0,62,88.61,Two year,Fiber,UPI,Yes,No,1,0
C101657,58.0,63,65.24,Month-to-month,Fiber,Card,Yes,Yes,2,1
C101658,,61,75.14,One year,Fiber,UPI,No,No,2,0
C101659,21.0,19,72.29,Month-to-month,Fiber,UPI,No,No,1,1
C101660,20.0,45,46.92,One year,DSL,Card,No,No,1,0
C101661,77.0,44,80.84,Two year,Fiber,Cash,No,No,4,0
C101662,66.0,14,11.66,Month-to-month,None,Card,No,Yes,1,0
C101663,38.0,40,67.31,Month-to-month,Fiber,UPI,No,Yes,1,1
C101664,77.0,38,52.01,One year,DSL,Bank transfer,Yes,No,2,0
C101665,33.0,29,70.79,Month-to-month,Fiber,Card,No,Yes,1,1
C101666,65.0,55,41.51,Two year,DSL,Bank transfer,No,Yes,3,0
C101667,31.0,49,26.44,Month-to-month,DSL,UPI,No,Yes,3,0
C101668,62.0,39,33.03,Two year,DSL,UPI,Yes,Yes,4,0
C101669,22.0,53,29.33,Month-to-month,DSL,UPI,No,Yes,2,0
C101670,60.0,55,42.41,Month-to-month,DSL,Cash,Yes,Yes,0,0
C101671,46.0,41,75.9,Month-to-month,Fiber,Cash,No,Yes,1,1
C101672,54.0,20,44.79,Month-to-month,DSL,Card,Yes,Yes,2,0
C101673,20.0,55,61.32,Month-to-month,Fiber,UPI,No,No,0,0
C101674,40.0,52,24.39,One year,None,UPI,Yes,Yes,1,0
C101675,27.0,71,70.16,Month-to-month,Fiber,Cash,Yes,No,2,1
C101676,56.0,11,50.44,Month-to-month,Fiber,Bank transfer,Yes,No,4,0
C101677,18.0,31,73.71,Month-to-month,Fiber,UPI,No,Yes,2,1
C101678,74.0,67,45.34,Month-to-month,DSL,Cash,No,Yes,2,1
C101679,28.0,38,82.57,Two year,Fiber,UPI,No,Yes,1,0
C101680,50.0,68,69.72,Two year,Fiber,Card,No,No,2,0
C101681,79.0,1,26.64,Month-to-month,None,UPI,No,Yes,3,1
C101682,43.0,3,24.36,One year,None,UPI,No,Yes,4,0
C101683,51.0,58,13.92,One year,None,UPI,Yes,Yes,0,0
C101684,77.0,26,62.83,Two year,Fiber,UPI,No,No,1,0
C101685,22.0,38,69.62,Month-to-month,Fiber,Bank transfer,No,Yes,1,1
C101686,52.0,31,18.11,Month-to-month,None,Cash,No,Yes,3,0
C101687,52.0,30,20.71,Month-to-month,None,Card,No,No,1,0
C101688,62.0,68,66.66,Two year,Fiber,UPI,Yes,Yes,1,0
C101689,55.0,7,21.7,One year,None,Bank transfer,No,No,3,1
C101690,47.0,56,11.47,Month-to-month,None,Card,No,No,0,0
C101691,51.0,65,82.19,Month-to-month,Fiber,Bank transfer,No,Yes,0,0
C101692,35.0,48,20.44,One year,DSL,UPI,No,Yes,1,0
C101693,38.0,29,34.35,Two year,DSL,Card,Yes,Yes,2,0
C101694,76.0,12,68.37,Month-to-month,Fiber,Cash,No,No,1,1
C101695,58.0,50,33.92,One year,DSL,UPI,No,No,1,0
C101696,60.0,34,63.25,Month-to-month,Fiber,Card,No,Yes,2,0
C101697,26.0,11,57.91,Month-to-month,Fiber,Card,Yes,No,0,0
C101698,41.0,26,21.92,Month-to-month,None,Bank transfer,Yes,Yes,4,1
C101699,31.0,70,18.36,One year,None,Cash,No,Yes,2,0
C101700,76.0,20,73.08,Two year,Fiber,UPI,Yes,Yes,0,0
C101701,79.0,13,56.8,Month-to-month,Fiber,Card,Yes,No,2,0
C101702,38.0,50,48.73,Month-to-month,DSL,Card,Yes,Yes,1,1
C101703,43.0,15,69.36,Month-to-month,Fiber,Bank transfer,No,No,2,1
C101704,60.0,67,10.67,Month-to-month,DSL,UPI,No,Yes,1,0
C101705,27.0,62,71.51,Month-to-month,Fiber,UPI,No,No,3,0
C101706,,71,16.22,Month-to-month,None,UPI,No,No,4,0
C101707,31.0,66,60.93,Month-to-month,Fiber,UPI,Yes,Yes,2,0
C101708,50.0,18,79.86,Month-to-month,Fiber,UPI,Yes,Yes,1,1
C101709,62.0,16,77.44,Month-to-month,Fiber,UPI,Yes,No,0,0
C101710,63.0,25,22.73,One year,None,Card,No,Yes,1,0
C101711,25.0,34,70.62,Month-to-month,Fiber,UPI,No,Yes,3,1
C101712,35.0,64,74.04,One year,Fiber,UPI,Yes,No,1,0
C101713,39.0,53,22.38,Two year,DSL,UPI,Yes,Yes,1,0
C101714,62.0,47,71.53,One year,Fiber,Card,No,No,1,0
C101715,38.0,64,44.9,Month-to-month,DSL,,No,Yes,1,0
C101716,,47,78.32,Month-to-month,Fiber,UPI,No,Yes,1,1
C101717,32.0,28,61.6,One year,Fiber,Card,No,No,2,0
C101718,39.0,30,36.48,Month-to-month,DSL,UPI,Yes,No,0,0
C101719,47.0,38,61.02,Month-to-month,Fiber,UPI,No,Yes,0,1
C101720,31.0,7,36.26,Month-to-month,DSL,Card,Yes,Yes,4,0
C101721,24.0,54,28.98,Month-to-month,DSL,Bank transfer,No,Yes,3,0
C101722,26.0,47,28.04,Month-to-month,DSL,UPI,Yes,Yes,2,0
C101723,46.0,53,37.86,One year,DSL,Card,No,No,0,0
C101724,28.0,39,14.19,Month-to-month,None,Bank transfer,No,Yes,2,1
C101725,20.0,57,13.64,Month-to-month,None,UPI,No,Yes,1,0
C101726,69.0,69,72.81,Two year,Fiber,Cash,Yes,Yes,1,0
C101727,78.0,42,58.15,Month-to-month,Fiber,Card,No,Yes,1,1
C101728,49.0,32,67.42,One year,Fiber,Cash,Yes,No,2,1
C101729,55.0,8,10.0,Month-to-month,None,Bank transfer,No,Yes,0,1
C101730,28.0,57,59.16,Month-to-month,Fiber,Card,Yes,Yes,1,0
C101731,22.0,66,44.37,Two year,DSL,UPI,No,Yes,0,0
C101732,22.0,51,66.67,Month-to-month,Fiber,Bank transfer,Yes,Yes,3,1
C101733,29.0,63,,Month-to-month,None,UPI,Yes,Yes,0,0
C101734,,63,41.81,Two year,DSL,UPI,No,No,1,0
C101735,63.0,58,82.93,One year,Fiber,Cash,No,Yes,1,0
C101736,65.0,37,72.01,One year,Fiber,Bank transfer,Yes,Yes,3,0
C101737,63.0,8,78.17,Month-to-month,Fiber,Cash,Yes,Yes,1,1
C101738,35.0,1,65.59,Month-to-month,Fiber,,Yes,No,0,0
C101739,40.0,15,70.44,One year,Fiber,Bank transfer,Yes,Yes,3,1
C101740,40.0,32,20.06,Month-to-month,None,Bank transfer,No,Yes,1,0
C101741,27.0,54,72.59,Month-to-month,Fiber,UPI,No,Yes,1,1
C101742,47.0,33,42.72,One year,DSL,Cash,No,Yes,1,0
C101743,51.0,2,10.0,Month-to-month,None,UPI,No,Yes,1,0
C101744,30.0,16,62.88,Month-to-month,Fiber,Card,No,No,3,0
C101745,35.0,71,66.12,Month-to-month,Fiber,UPI,No,Yes,3,0
C101746,47.0,72,62.24,Month-to-month,Fiber,Card,No,No,0,0
C101747,24.0,28,21.84,One year,None,Cash,No,Yes,1,0
C101748,54.0,58,71.74,Two year,Fiber,UPI,Yes,No,3,0
C101749,39.0,52,35.47,Month-to-month,DSL,UPI,Yes,Yes,0,0
C101750,62.0,68,31.78,Month-to-month,DSL,Card,No,Yes,2,0
C101751,64.0,64,45.78,Month-to-month,DSL,UPI,No,No,0,0
C101752,40.0,46,71.73,Month-to-month,Fiber,UPI,Yes,Yes,1,1
C101753,39.0,29,,Month-to-month,DSL,Bank transfer,No,Yes,1,0
C101754,50.0,46,70.53,Two year,Fiber,UPI,Yes,No,0,0
C101755,20.0,23,75.95,Month-to-month,Fiber,UPI,No,No,2,0
C101756,29.0,26,21.71,Month-to-month,None,Card,Yes,No,1,0
C101757,25.0,44,,Two year,Fiber,UPI,No,Yes,1,0
C101758,35.0,42,34.1,Month-to-month,None,UPI,No,No,1,0
C101759,54.0,42,23.7,Two year,None,,No,No,2,0
C101760,33.0,28,25.78,Month-to-month,DSL,Cash,No,No,2,0
C101761,50.0,30,55.47,Month-to-month,Fiber,Bank transfer,No,Yes,2,1
C101762,60.0,1,40.51,Two year,DSL,UPI,No,No,1,0
C101763,59.0,44,30.34,Month-to-month,None,Card,No,No,3,0
C101764,50.0,42,73.62,Month-to-month,Fiber,Cash,Yes,Yes,0,0
C101765,53.0,68,39.9,Month-to-month,DSL,Cash,No,Yes,0,0
C101766,45.0,37,40.1,One year,DSL,,No,Yes,1,0
C101767,48.0,34,70.04,One year,Fiber,Bank transfer,No,Yes,1,0
C101768,67.0,5,10.0,Month-to-month,None,UPI,No,No,1,0
C101769,47.0,15,64.41,One year,Fiber,Card,No,Yes,1,0
C101770,39.0,25,41.36,One year,DSL,Cash,Yes,Yes,2,0
C101771,77.0,28,39.69,Month-to-month,DSL,Cash,Yes,No,3,0
C101772,74.0,27,68.43,Month-to-month,Fiber,Cash,Yes,No,0,0
C101773,71.0,29,65.61,Month-to-month,Fiber,Card,Yes,Yes,2,1
C101774,68.0,56,36.39,Month-to-month,DSL,,No,Yes,1,1
C101775,41.0,10,32.25,Month-to-month,DSL,Cash,Yes,Yes,3,0
C101776,77.0,24,19.36,Month-to-month,None,Bank transfer,No,Yes,1,1
C101777,58.0,12,71.06,Month-to-month,Fiber,UPI,No,Yes,2,0
C101778,73.0,23,63.78,Month-to-month,Fiber,UPI,Yes,Yes,1,1
C101779,19.0,50,76.4,One year,Fiber,Card,No,No,0,0
C101780,24.0,4,68.68,Month-to-month,Fiber,UPI,Yes,Yes,1,0
C101781,19.0,25,73.9,Two year,Fiber,Cash,Yes,Yes,1,0
C101782,79.0,2,35.51,Two year,DSL,Card,No,No,0,1
C101783,37.0,69,47.34,One year,DSL,Card,Yes,Yes,0,0
C101784,20.0,53,24.34,Two year,None,UPI,Yes,Yes,3,0
C101785,64.0,18,23.26,Two year,None,UPI,No,Yes,3,0
C101786,67.0,15,72.97,Month-to-month,Fiber,UPI,Yes,Yes,3,0
C101787,75.0,8,51.67,One year,DSL,Card,Yes,Yes,3,0
C101788,53.0,35,34.65,Month-to-month,DSL,,No,Yes,1,1
C101789,60.0,55,36.31,One year,DSL,Card,No,Yes,4,0
C101790,56.0,43,20.84,Month-to-month,None,UPI,No,No,1,1
C101791,61.0,64,10.0,Month-to-month,None,UPI,No,No,2,0
C101792,50.0,25,70.74,Month-to-month,Fiber,,Yes,Yes,1,0
C101793,19.0,21,28.13,Two year,None,UPI,No,No,2,0
C101794,28.0,35,39.12,Month-to-month,DSL,Bank transfer,Yes,Yes,0,0
C101795,75.0,15,,Month-to-month,Fiber,UPI,Yes,Yes,3,1
C101796,20.0,71,41.28,Month-to-month,DSL,UPI,No,Yes,2,0
C101797,23.0,14,39.02,Month-to-month,DSL,UPI,No,Yes,0,0
C101798,67.0,35,27.11,Two year,None,UPI,Yes,Yes,2,0
C101799,76.0,38,22.92,One year,None,UPI,No,No,2,0
C101800,45.0,5,32.75,Month-to-month,DSL,UPI,Yes,Yes,0,1
C101801,26.0,34,33.97,Month-to-month,DSL,UPI,No,Yes,1,1
C101802,54.0,33,50.94,Month-to-month,Fiber,Card,Yes,Yes,0,0
C101803,20.0,19,47.76,Month-to-month,DSL,Bank transfer,No,No,2,1
C101804,40.0,10,68.41,Two year,Fiber,Card,Yes,Yes,1,1
C101805,52.0,4,61.65,One year,Fiber,Cash,Yes,No,5,1
C101806,72.0,1,32.07,Month-to-month,DSL,UPI,No,Yes,0,1
C101807,25.0,35,49.06,One year,DSL,Card,No,No,3,1
C101808,55.0,7,35.57,Month-to-month,DSL,Bank transfer,Yes,Yes,2,0
C101809,19.0,70,22.06,One year,None,UPI,No,Yes,2,0
C101810,46.0,18,86.69,Month-to-month,Fiber,Cash,No,Yes,3,1
C101811,59.0,47,76.68,One year,Fiber,Cash,No,Yes,2,0
C101812,20.0,49,32.69,Month-to-month,DSL,Bank transfer,No,Yes,3,0
C101813,63.0,36,,Two year,Fiber,UPI,No,Yes,2,1
C101814,79.0,64,40.11,Month-to-month,DSL,Cash,No,Yes,1,0
C101815,36.0,8,29.57,Month-to-month,DSL,UPI,No,Yes,2,1
C101816,64.0,17,75.28,Month-to-month,Fiber,Cash,Yes,Yes,2,1
C101817,51.0,19,69.61,Month-to-month,Fiber,Card,No,No,3,0
C101818,74.0,10,38.27,Month-to-month,DSL,Cash,No,No,3,1
C101819,54.0,22,77.17,One year,Fiber,Bank transfer,No,No,1,0
C101820,67.0,23,10.0,One year,None,UPI,Yes,Yes,2,0
C101821,27.0,56,36.03,Month-to-month,DSL,Cash,No,Yes,1,0
C101822,33.0,22,34.85,One year,DSL,Bank transfer,No,No,1,0
C101823,45.0,64,72.3,One year,Fiber,Cash,No,No,0,0
C101824,74.0,56,39.04,Month-to-month,DSL,Card,Yes,No,3,0
C101825,57.0,65,,Month-to-month,Fiber,UPI,No,No,4,0
C101826,31.0,8,64.82,Month-to-month,Fiber,Bank transfer,No,No,1,1
C101827,72.0,71,60.96,Month-to-month,Fiber,Card,Yes,No,2,0
C101828,56.0,45,,One year,Fiber,Bank transfer,No,Yes,2,0
C101829,43.0,71,70.96,Two year,Fiber,Bank transfer,Yes,Yes,1,0
C101830,41.0,26,74.21,One year,Fiber,Card,No,No,2,0
C101831,61.0,69,32.26,Month-to-month,DSL,Bank transfer,No,No,1,0
C101832,72.0,43,41.65,One year,DSL,Card,Yes,Yes,1,0
C101833,49.0,6,69.08,One year,Fiber,Bank transfer,No,Yes,1,0
C101834,70.0,30,34.31,Month-to-month,DSL,Cash,No,No,3,0
C101835,61.0,10,23.49,Two year,DSL,UPI,Yes,Yes,1,0
C101836,22.0,68,31.45,Month-to-month,DSL,UPI,No,No,1,0
C101837,66.0,22,77.37,Month-to-month,Fiber,UPI,Yes,Yes,1,1
C101838,52.0,17,46.18,Month-to-month,DSL,UPI,Yes,Yes,3,1
C101839,50.0,40,68.48,Month-to-month,Fiber,Cash,No,No,3,1
C101840,55.0,31,76.94,Two year,Fiber,UPI,Yes,No,0,0
C101841,21.0,7,81.32,Month-to-month,Fiber,UPI,No,Yes,1,1
C101842,74.0,59,27.5,Month-to-month,DSL,Card,No,Yes,2,0
C101843,72.0,61,22.54,Month-to-month,None,Bank transfer,No,Yes,1,0
C101844,79.0,54,36.52,Month-to-month,DSL,Bank transfer,No,Yes,2,0
C101845,55.0,45,28.6,Month-to-month,None,Card,No,No,1,0
C101846,32.0,29,63.32,Month-to-month,Fiber,Card,No,Yes,1,1
C101847,55.0,40,37.53,One year,DSL,Card,No,No,1,0
C101848,35.0,38,67.93,Month-to-month,Fiber,Card,No,No,3,1
C101849,49.0,12,73.4,One year,Fiber,UPI,No,Yes,1,0
C101850,67.0,6,79.77,Month-to-month,Fiber,Bank transfer,Yes,Yes,3,1
C101851,28.0,19,81.82,One year,Fiber,UPI,No,No,2,1
C101852,46.0,33,79.84,Two year,Fiber,Card,No,Yes,2,0
C101853,48.0,12,62.08,Month-to-month,Fiber,UPI,Yes,No,3,0
C101854,75.0,8,16.22,Month-to-month,None,Bank transfer,No,Yes,1,0
C101855,51.0,62,43.05,Two year,DSL,UPI,Yes,Yes,2,0
C101856,39.0,27,74.84,Month-to-month,Fiber,Card,Yes,Yes,2,0
C101857,41.0,43,67.9,One year,Fiber,Bank transfer,No,Yes,3,0
C101858,36.0,38,62.67,Month-to-month,Fiber,Card,No,No,1,0
C101859,27.0,53,38.75,Month-to-month,Fiber,Bank transfer,Yes,Yes,3,0
C101860,62.0,54,57.25,Month-to-month,Fiber,Bank transfer,No,Yes,2,0
C101861,65.0,22,67.56,Two year,Fiber,Cash,No,Yes,0,0
C101862,30.0,62,32.68,Month-to-month,DSL,Card,No,Yes,4,0
C101863,46.0,27,38.29,One year,DSL,Card,Yes,No,2,0
C101864,64.0,61,74.81,One year,Fiber,Cash,Yes,No,2,0
C101865,61.0,30,53.07,Month-to-month,DSL,UPI,No,No,0,0
C101866,22.0,8,28.84,Month-to-month,DSL,UPI,No,No,1,0
C101867,20.0,55,19.39,Month-to-month,DSL,UPI,No,Yes,3,0
C101868,22.0,3,62.57,Month-to-month,Fiber,Card,No,Yes,3,1
C101869,,56,33.41,One year,None,UPI,No,Yes,1,0
C101870,74.0,4,70.1,Month-to-month,Fiber,Cash,No,No,1,0
C101871,22.0,15,43.1,Month-to-month,DSL,Bank transfer,No,Yes,3,0
C101872,61.0,44,15.5,One year,None,UPI,No,No,3,0
C101873,63.0,68,,One year,DSL,Cash,No,Yes,2,0
C101874,77.0,30,10.0,Month-to-month,None,Bank transfer,Yes,Yes,1,0
C101875,54.0,9,67.35,One year,Fiber,Card,No,Yes,1,1
C101876,77.0,17,35.09,Month-to-month,DSL,Bank transfer,Yes,Yes,1,0
C101877,45.0,65,76.94,One year,Fiber,Card,Yes,Yes,0,0
C101878,34.0,53,39.49,Month-to-month,DSL,UPI,No,No,5,0
C101879,78.0,8,85.9,Month-to-month,Fiber,,No,No,2,1
C101880,50.0,28,33.77,Month-to-month,DSL,Card,No,Yes,1,0
C101881,38.0,20,21.94,One year,None,Card,No,No,2,0
C101882,57.0,13,69.88,One year,Fiber,UPI,Yes,Yes,4,0
C101883,44.0,61,14.44,Month-to-month,None,Card,Yes,No,3,0
C101884,64.0,45,23.28,Two year,None,UPI,Yes,Yes,1,0
C101885,63.0,13,32.79,Two year,DSL,Card,No,No,3,0
C101886,19.0,47,83.31,Month-to-month,Fiber,,Yes,Yes,1,0
C101887,50.0,30,13.68,One year,None,Cash,Yes,Yes,2,0
C101888,70.0,5,67.28,Month-to-month,Fiber,Card,No,No,1,0
C101889,58.0,33,25.05,Two year,DSL,Bank transfer,Yes,Yes,2,0
C101890,62.0,14,37.71,Month-to-month,DSL,Card,No,No,0,0
C101891,78.0,18,24.38,Month-to-month,DSL,UPI,Yes,Yes,2,1
C101892,39.0,64,19.94,Month-to-month,None,UPI,No,Yes,2,0
C101893,61.0,52,60.65,Month-to-month,Fiber,Card,No,Yes,0,0
C101894,19.0,10,62.13,One year,Fiber,Card,No,No,2,1
C101895,27.0,62,13.88,Month-to-month,None,Bank transfer,Yes,Yes,4,0
C101896,61.0,42,40.84,Month-to-month,DSL,Bank transfer,Yes,Yes,1,0
C101897,30.0,63,69.24,Month-to-month,Fiber,Cash,Yes,Yes,0,0
C101898,66.0,54,34.02,Two year,DSL,Cash,Yes,Yes,1,0
C101899,71.0,25,39.5,One year,DSL,UPI,No,No,4,0
C101900,73.0,39,29.72,Month-to-month,DSL,Card,Yes,No,0,0
C101901,20.0,39,19.27,Month-to-month,DSL,Card,Yes,Yes,1,0
C101902,38.0,52,61.21,Month-to-month,Fiber,UPI,Yes,Yes,0,0
C101903,49.0,18,67.71,Two year,Fiber,Cash,No,Yes,1,0
C101904,18.0,24,34.61,One year,DSL,Card,No,No,0,0
C101905,74.0,18,39.47,One year,DSL,Card,No,No,5,1
C101906,77.0,22,68.84,Two year,Fiber,UPI,No,Yes,1,0
C101907,66.0,12,43.14,Month-to-month,DSL,Cash,Yes,No,0,1
C101908,35.0,3,22.89,One year,None,UPI,Yes,Yes,1,0
C101909,25.0,68,10.0,Month-to-month,None,Bank transfer,Yes,Yes,3,0
C101910,69.0,6,49.62,Month-to-month,Fiber,UPI,No,Yes,1,1
C101911,63.0,64,61.94,Month-to-month,Fiber,,Yes,Yes,2,1
C101912,76.0,1,71.1,Month-to-month,Fiber,UPI,Yes,Yes,2,1
C101913,41.0,56,72.97,Two year,Fiber,Bank transfer,No,Yes,3,1
C101914,28.0,24,19.16,Month-to-month,None,Bank transfer,No,Yes,2,0
C101915,73.0,38,20.96,Two year,None,UPI,Yes,Yes,0,0
C101916,24.0,21,80.56,One year,Fiber,Card,No,Yes,2,0
C101917,53.0,36,70.11,One year,Fiber,Card,Yes,Yes,4,1
C101918,47.0,33,22.8,Two year,None,Card,Yes,No,2,0
C101919,52.0,39,47.77,Month-to-month,DSL,Card,Yes,Yes,1,0
C101920,42.0,29,55.51,Month-to-month,Fiber,Card,No,Yes,2,1
C101921,18.0,39,83.68,Month-to-month,Fiber,Bank transfer,Yes,Yes,1,1
C101922,56.0,60,49.53,Month-to-month,Fiber,Bank transfer,No,Yes,0,0
C101923,33.0,32,63.39,Two year,Fiber,Bank transfer,No,Yes,0,0
C101924,25.0,27,30.53,Month-to-month,DSL,Bank transfer,No,Yes,1,1
C101925,43.0,10,21.93,Month-to-month,DSL,Cash,Yes,Yes,3,1
C101926,36.0,26,68.68,Month-to-month,Fiber,Cash,Yes,Yes,2,0
C101927,62.0,10,19.59,Month-to-month,None,Card,No,No,1,0
C101928,40.0,14,25.92,One year,None,Card,Yes,Yes,0,0
C101929,50.0,69,75.66,Month-to-month,Fiber,Card,No,Yes,1,0
C101930,48.0,7,36.39,One year,DSL,Cash,Yes,Yes,1,0
C101931,70.0,35,78.95,One year,Fiber,Card,No,No,0,1
C101932,24.0,61,75.16,One year,Fiber,UPI,No,No,1,0
C101933,20.0,69,67.4,Month-to-month,Fiber,UPI,No,No,1,0
C101934,71.0,11,70.95,One year,Fiber,UPI,No,No,3,1
C101935,,12,29.91,Month-to-month,DSL,UPI,Yes,Yes,1,0
C101936,62.0,27,60.2,Month-to-month,Fiber,Bank transfer,Yes,Yes,3,0
C101937,55.0,40,73.42,One year,Fiber,UPI,Yes,No,5,0
C101938,65.0,70,58.01,One year,Fiber,Cash,No,Yes,2,0
C101939,58.0,15,18.5,Month-to-month,None,Card,Yes,No,2,0
C101940,33.0,12,51.62,Two year,Fiber,Cash,Yes,Yes,2,0
C101941,49.0,19,20.57,Month-to-month,None,UPI,Yes,Yes,2,0
C101942,36.0,63,64.18,One year,Fiber,Card,Yes,Yes,3,0
C101943,42.0,3,74.55,Two year,Fiber,Cash,No,Yes,2,1
C101944,51.0,28,18.22,Month-to-month,None,Cash,No,Yes,2,0
C101945,22.0,9,18.98,Two year,None,Bank transfer,No,Yes,1,0
C101946,19.0,12,20.42,One year,None,Cash,No,Yes,3,0
C101947,61.0,67,15.11,One year,None,UPI,No,Yes,1,0
C101948,23.0,1,65.47,One year,Fiber,Card,No,No,0,1
C101949,74.0,24,30.47,One year,DSL,Card,No,No,2,1
C101950,57.0,66,,Month-to-month,Fiber,Cash,No,No,1,0
C101951,68.0,44,15.54,One year,None,Bank transfer,No,Yes,3,0
C101952,47.0,6,73.6,Month-to-month,Fiber,Cash,No,Yes,3,1
C101953,61.0,34,55.84,Two year,Fiber,Bank transfer,No,Yes,3,0
C101954,29.0,70,10.0,Month-to-month,None,UPI,No,Yes,4,0
C101955,57.0,29,35.11,Month-to-month,None,Card,No,Yes,2,0
C101956,37.0,39,16.53,Two year,None,Card,No,No,1,0
C101957,65.0,39,61.88,Month-to-month,Fiber,UPI,Yes,Yes,2,0
C101958,40.0,48,69.8,Month-to-month,Fiber,Bank transfer,Yes,Yes,3,1
C101959,66.0,14,26.14,One year,None,Card,No,Yes,1,0
C101960,73.0,61,40.13,Month-to-month,DSL,Cash,No,Yes,0,0
C101961,18.0,72,29.01,Month-to-month,DSL,Bank transfer,Yes,Yes,1,0
C101962,21.0,11,15.9,Month-to-month,None,UPI,No,No,1,1
C101963,40.0,59,67.33,Month-to-month,Fiber,Cash,Yes,No,2,0
C101964,51.0,59,72.49,Month-to-month,Fiber,UPI,Yes,No,3,0
C101965,71.0,54,35.36,Month-to-month,DSL,Bank transfer,No,No,1,0
C101966,45.0,27,62.66,Month-to-month,Fiber,UPI,No,Yes,1,0
C101967,70.0,34,15.92,Month-to-month,None,UPI,No,No,0,0
C101968,63.0,61,67.88,Month-to-month,Fiber,Card,Yes,No,1,0
C101969,62.0,12,81.86,One year,Fiber,UPI,No,Yes,2,1
C101970,74.0,60,68.58,One year,Fiber,,Yes,No,2,0
C101971,37.0,67,46.47,Month-to-month,None,Cash,No,No,1,0
C101972,59.0,50,17.85,Month-to-month,None,Cash,No,No,3,0
C101973,67.0,25,56.53,Two year,Fiber,Card,Yes,Yes,1,1
C101974,78.0,41,72.81,One year,Fiber,Cash,No,Yes,1,0
C101975,32.0,4,43.38,Month-to-month,DSL,Card,No,No,0,0
C101976,66.0,68,73.8,Month-to-month,Fiber,Card,Yes,No,0,0
C101977,31.0,25,36.57,Month-to-month,DSL,Bank transfer,Yes,Yes,2,0
C101978,77.0,5,66.96,Two year,Fiber,Cash,Yes,Yes,0,0
C101979,51.0,58,67.72,Two year,Fiber,Cash,Yes,Yes,0,0
C101980,72.0,48,16.38,Two year,DSL,Bank transfer,No,Yes,1,0
C101981,53.0,45,41.87,Month-to-month,DSL,Card,No,No,1,0
C101982,22.0,4,31.97,Month-to-month,DSL,Card,No,Yes,4,1
C101983,39.0,55,44.17,Month-to-month,DSL,Card,No,Yes,0,0
C101984,55.0,46,65.74,Month-to-month,Fiber,UPI,No,No,1,0
C101985,55.0,58,34.57,Month-to-month,DSL,UPI,No,Yes,1,0
C101986,52.0,60,44.99,One year,DSL,Card,Yes,No,3,0
C101987,61.0,16,30.69,Month-to-month,None,UPI,Yes,Yes,2,0
C101988,53.0,16,41.73,Two year,DSL,UPI,Yes,Yes,0,0
C101989,29.0,67,10.0,Month-to-month,None,Bank transfer,Yes,No,2,0
C101990,22.0,39,59.78,Month-to-month,Fiber,UPI,No,Yes,1,1
C101991,35.0,32,75.61,Two year,Fiber,UPI,Yes,Yes,2,0
C101992,26.0,21,64.41,One year,Fiber,Bank transfer,No,Yes,1,1
C101993,61.0,47,35.59,Month-to-month,DSL,Bank transfer,Yes,No,2,0
C101994,78.0,55,21.66,One year,None,Card,No,Yes,1,0
C101995,75.0,1,22.05,Month-to-month,None,Card,Yes,Yes,0,0
C101996,53.0,40,26.55,Month-to-month,DSL,Cash,Yes,Yes,2,0
C101997,72.0,72,78.18,Month-to-month,Fiber,Bank transfer,No,No,4,0
C101998,58.0,21,65.8,Month-to-month,Fiber,Card,No,Yes,1,1
C101999,26.0,21,24.72,One year,None,UPI,No,No,1,0
C102000,54.0,64,18.34,Month-to-month,None,UPI,No,No,2,1
C102001,53.0,5,50.37,One year,DSL,Card,Yes,No,1,0
C102002,52.0,29,31.59,One year,None,Card,Yes,Yes,3,0
C102003,67.0,33,37.05,Month-to-month,None,Cash,Yes,Yes,0,1
C102004,79.0,58,83.22,Month-to-month,Fiber,UPI,Yes,No,1,0
C102005,32.0,10,33.93,Month-to-month,DSL,Card,No,No,1,0
C102006,19.0,32,15.73,One year,None,Bank transfer,No,No,1,0
C102007,57.0,11,60.92,One year,Fiber,UPI,Yes,No,0,0
C102008,24.0,57,37.13,One year,DSL,UPI,No,Yes,2,0
C102009,44.0,46,20.19,Month-to-month,None,Card,No,Yes,2,0
C102010,75.0,36,69.66,Month-to-month,Fiber,Card,Yes,No,1,0
C102011,59.0,29,13.37,Month-to-month,None,Card,Yes,Yes,0,1
C102012,76.0,12,72.89,Month-to-month,Fiber,Cash,No,No,0,1
C102013,,67,31.94,One year,DSL,UPI,No,No,1,0
C102014,61.0,47,16.14,Month-to-month,None,Bank transfer,Yes,Yes,0,0
C102015,37.0,23,,Month-to-month,Fiber,Card,No,Yes,0,0
C102016,22.0,30,69.38,Month-to-month,Fiber,Bank transfer,Yes,No,3,0
C102017,37.0,53,58.59,Month-to-month,Fiber,UPI,No,No,5,0
C102018,75.0,52,28.7,One year,DSL,Bank transfer,No,Yes,3,0
C102019,43.0,34,74.26,Month-to-month,Fiber,UPI,Yes,Yes,1,0
C102020,74.0,22,69.62,Two year,Fiber,UPI,No,No,1,0
C102021,25.0,48,10.0,Two year,None,Card,No,No,1,0
C102022,58.0,48,25.59,Two year,None,Card,No,No,2,0
C102023,45.0,44,69.6,One year,Fiber,Bank transfer,No,Yes,2,0
C102024,36.0,6,26.51,One year,DSL,Card,No,Yes,1,1
C102025,51.0,35,64.65,One year,Fiber,Card,Yes,Yes,0,0
C102026,56.0,45,36.32,Month-to-month,DSL,Cash,Yes,No,2,0
C102027,19.0,69,,Month-to-month,None,Card,No,Yes,0,0
C102028,58.0,38,73.36,One year,Fiber,UPI,No,Yes,0,1
C102029,36.0,25,27.89,Month-to-month,None,Bank transfer,Yes,Yes,2,0
C102030,67.0,41,77.12,Month-to-month,Fiber,Bank transfer,No,Yes,0,0
C102031,28.0,13,44.23,Two year,DSL,Card,No,Yes,3,0
C102032,35.0,7,13.76,Month-to-month,None,UPI,Yes,No,1,0
C102033,78.0,49,78.27,Month-to-month,Fiber,UPI,Yes,Yes,2,1
C102034,33.0,72,22.18,One year,None,,No,No,0,0
C102035,26.0,61,13.32,Month-to-month,None,Bank transfer,Yes,Yes,1,0
C102036,52.0,43,73.73,Two year,Fiber,Cash,No,No,0,0
C102037,56.0,3,73.49,Month-to-month,Fiber,Card,No,Yes,0,1
C102038,53.0,72,82.32,Two year,Fiber,Card,Yes,Yes,0,0
C102039,42.0,33,29.58,One year,None,Bank transfer,No,Yes,0,0
C102040,24.0,21,14.48,Month-to-month,None,UPI,Yes,No,0,0
C102041,35.0,65,37.73,Month-to-month,DSL,Bank transfer,No,No,3,0
C102042,21.0,54,72.64,Month-to-month,Fiber,Card,Yes,No,3,0
C102043,70.0,54,37.01,Month-to-month,DSL,Card,No,Yes,0,1
C102044,34.0,20,67.56,Month-to-month,Fiber,Bank transfer,No,Yes,1,0
C102045,59.0,72,34.04,Two year,None,Cash,No,No,0,0
C102046,34.0,33,15.02,Month-to-month,None,Card,Yes,Yes,1,0
C102047,56.0,39,83.33,Two year,Fiber,Cash,Yes,No,0,0
C102048,23.0,55,,Month-to-month,Fiber,UPI,No,No,2,0
C102049,23.0,48,31.95,Two year,DSL,Card,Yes,No,2,0
C102050,37.0,13,41.12,Month-to-month,DSL,UPI,Yes,Yes,0,0
C102051,34.0,22,61.58,Month-to-month,Fiber,Card,No,Yes,1,1
C102052,37.0,27,14.12,One year,None,Bank transfer,No,Yes,2,0
C102053,35.0,69,74.28,Month-to-month,Fiber,Card,No,No,1,0
C102054,61.0,52,21.17,Two year,DSL,UPI,No,No,2,0
C102055,44.0,27,78.84,Month-to-month,Fiber,,No,Yes,3,0
C102056,27.0,53,46.83,Month-to-month,DSL,Bank transfer,No,No,0,0
C102057,75.0,54,47.17,Month-to-month,DSL,Cash,No,Yes,0,0
C102058,57.0,29,22.6,One year,None,UPI,Yes,Yes,2,0
C102059,43.0,30,31.58,Month-to-month,DSL,UPI,No,Yes,0,0
C102060,49.0,65,67.1,Month-to-month,Fiber,Cash,Yes,No,0,0
C102061,38.0,41,72.3,Month-to-month,Fiber,Card,No,Yes,1,1
C102062,42.0,11,36.04,Month-to-month,DSL,Bank transfer,No,Yes,2,1
C102063,22.0,52,31.96,Month-to-month,DSL,UPI,No,Yes,1,0
C102064,69.0,43,47.67,Two year,DSL,Cash,Yes,Yes,2,0
C102065,41.0,37,33.03,Month-to-month,DSL,Card,No,Yes,1,0
C102066,61.0,53,31.5,One year,None,Card,No,Yes,1,0
C102067,21.0,66,70.8,Month-to-month,Fiber,,Yes,No,1,0
C102068,23.0,24,70.3,Month-to-month,Fiber,Card,Yes,No,3,0
C102069,40.0,31,74.14,Month-to-month,Fiber,Card,No,Yes,4,0
C102070,20.0,14,24.04,Month-to-month,None,Cash,No,No,2,0
C102071,78.0,47,33.84,Month-to-month,DSL,Card,No,No,0,1
C102072,20.0,29,24.52,Month-to-month,None,Card,Yes,No,5,0
C102073,52.0,25,40.5,Month-to-month,DSL,Card,Yes,Yes,0,0
C102074,39.0,51,33.23,Two year,None,UPI,Yes,No,1,0
C102075,30.0,30,35.57,Month-to-month,DSL,UPI,No,Yes,0,0
C102076,26.0,34,28.75,Month-to-month,DSL,Card,No,Yes,4,1
C102077,36.0,32,64.58,Month-to-month,Fiber,Bank transfer,No,No,3,0
C102078,21.0,19,53.94,Month-to-month,DSL,Bank transfer,No,Yes,2,0
C102079,53.0,10,54.96,One year,Fiber,Card,Yes,No,2,0
C102080,32.0,60,60.48,Month-to-month,Fiber,Bank transfer,No,No,0,1
C102081,19.0,7,70.21,One year,Fiber,UPI,Yes,Yes,2,0
C102082,25.0,24,30.08,Month-to-month,DSL,UPI,Yes,Yes,2,0
C102083,73.0,49,76.55,Month-to-month,Fiber,Cash,Yes,No,1,0
C102084,32.0,10,40.85,Two year,DSL,Cash,Yes,Yes,1,0
C102085,53.0,48,15.72,Month-to-month,None,UPI,Yes,No,2,0
C102086,43.0,53,82.03,One year,Fiber,UPI,No,No,1,0
C102087,48.0,48,61.17,Month-to-month,Fiber,Card,No,Yes,0,1
C102088,70.0,22,14.1,Two year,None,UPI,No,Yes,4,0
C102089,62.0,2,82.58,Month-to-month,Fiber,Bank transfer,Yes,No,3,0
C102090,52.0,64,59.56,Month-to-month,Fiber,Card,No,No,2,0
C102091,30.0,24,37.77,One year,DSL,Cash,No,Yes,1,0
C102092,70.0,58,82.55,Month-to-month,Fiber,Bank transfer,Yes,Yes,1,0
C102093,19.0,15,49.21,Month-to-month,Fiber,Card,Yes,Yes,4,1
C102094,52.0,12,32.3,Two year,DSL,Cash,Yes,No,2,0
C102095,56.0,57,27.58,One year,None,Bank transfer,No,Yes,1,0
C102096,76.0,68,32.84,One year,DSL,UPI,No,Yes,0,0
C102097,27.0,62,70.47,One year,Fiber,UPI,Yes,Yes,2,0
C102098,35.0,55,36.5,Two year,DSL,Cash,No,No,1,0
C102099,18.0,18,72.5,Two year,Fiber,Cash,Yes,Yes,1,0
C102100,33.0,66,13.55,One year,None,Card,Yes,No,1,0
C102101,75.0,49,41.13,Month-to-month,DSL,Bank transfer,No,Yes,1,0
C102102,18.0,13,72.04,Month-to-month,Fiber,Cash,No,No,1,1
C102103,,10,60.83,One year,Fiber,Cash,No,Yes,1,0
C102104,75.0,63,16.27,Two year,None,Card,Yes,No,2,0
C102105,25.0,20,23.69,Month-to-month,DSL,,No,No,1,0
C102106,40.0,56,71.71,Month-to-month,Fiber,Cash,Yes,Yes,1,0
C102107,73.0,10,73.93,Month-to-month,Fiber,Card,Yes,Yes,0,1
C102108,62.0,21,71.7,Month-to-month,Fiber,UPI,Yes,Yes,2,1
C102109,22.0,21,74.4,Two year,Fiber,UPI,Yes,Yes,4,0
C102110,71.0,21,71.07,Month-to-month,Fiber,UPI,Yes,No,3,0
C102111,67.0,49,76.1,One year,Fiber,Bank transfer,Yes,Yes,3,0
C102112,37.0,66,33.98,One year,DSL,Card,No,No,1,0
C102113,43.0,66,75.61,Two year,Fiber,Bank transfer,Yes,Yes,1,0
C102114,36.0,54,59.71,Month-to-month,Fiber,Card,Yes,No,1,0
C102115,50.0,15,58.82,Two year,Fiber,Bank transfer,No,No,6,0
C102116,66.0,70,35.69,One year,DSL,UPI,No,No,0,0
C102117,59.0,40,75.48,One year,Fiber,Card,Yes,Yes,0,0
C102118,78.0,40,67.79,Month-to-month,Fiber,Cash,Yes,No,0,0
C102119,24.0,51,75.1,Month-to-month,Fiber,Bank transfer,Yes,No,0,0
C102120,75.0,56,22.48,One year,None,UPI,No,Yes,2,0
C102121,74.0,69,53.61,Month-to-month,Fiber,Card,Yes,No,5,0
C102122,41.0,42,88.59,Month-to-month,Fiber,UPI,Yes,No,1,0
C102123,26.0,44,24.93,One year,DSL,Cash,No,Yes,1,0
C102124,,54,12.44,One year,None,Card,No,Yes,2,0
C102125,76.0,19,44.2,Month-to-month,DSL,Cash,Yes,Yes,1,1
C102126,18.0,23,70.16,Month-to-month,Fiber,UPI,Yes,Yes,1,1
C102127,23.0,46,28.86,Month-to-month,DSL,Bank transfer,No,No,2,0
C102128,22.0,5,31.24,Two year,DSL,UPI,Yes,No,3,0
C102129,,24,62.96,Two year,Fiber,Card,Yes,Yes,0,0
C102130,66.0,52,28.6,Month-to-month,DSL,Cash,No,Yes,1,0
C102131,21.0,71,41.31,Month-to-month,DSL,Card,No,Yes,2,0
C102132,77.0,38,31.02,Month-to-month,DSL,Cash,No,Yes,1,1
C102133,42.0,29,11.45,Month-to-month,None,Card,No,No,1,0
C102134,50.0,32,63.92,Two year,Fiber,Card,No,No,2,0
C102135,54.0,50,18.76,Month-to-month,None,Cash,Yes,Yes,0,0
C102136,68.0,40,14.01,Month-to-month,None,Bank transfer,No,Yes,6,0
C102137,56.0,2,17.54,Month-to-month,None,Card,Yes,No,3,0
C102138,21.0,39,72.78,Month-to-month,Fiber,,Yes,Yes,2,1
C102139,69.0,29,31.15,Two year,DSL,Card,Yes,Yes,4,0
C102140,,51,28.12,One year,DSL,Cash,No,No,1,1
C102141,50.0,64,29.43,One year,DSL,,No,No,5,0
C102142,71.0,70,81.14,Month-to-month,Fiber,UPI,No,No,2,0
C102143,49.0,44,52.4,Two year,DSL,Card,No,Yes,1,0
C102144,43.0,27,35.37,Month-to-month,DSL,Bank transfer,No,No,5,0
C102145,38.0,32,75.8,Two year,Fiber,Cash,Yes,No,1,0
C102146,66.0,13,27.48,Two year,DSL,Bank transfer,Yes,Yes,5,0
C102147,58.0,68,30.28,Month-to-month,DSL,UPI,No,Yes,2,0
C102148,,62,,Two year,DSL,Card,No,Yes,1,0
C102149,74.0,62,51.09,Month-to-month,Fiber,Card,No,Yes,1,0
C102150,54.0,24,41.18,One year,DSL,Cash,Yes,No,1,0
C102151,40.0,24,30.48,Month-to-month,DSL,Card,No,No,1,0
C102152,54.0,62,26.38,Month-to-month,DSL,UPI,No,Yes,0,0
C102153,40.0,40,73.11,Month-to-month,Fiber,UPI,No,Yes,1,1
C102154,30.0,51,46.54,Month-to-month,DSL,Cash,No,Yes,1,0
C102155,39.0,36,32.5,Month-to-month,DSL,UPI,No,Yes,1,0
C102156,47.0,32,22.34,Month-to-month,None,UPI,Yes,Yes,2,0
C102157,32.0,46,23.63,One year,None,Cash,No,No,0,0
C102158,37.0,59,36.92,Month-to-month,DSL,Cash,Yes,No,2,0
C102159,53.0,25,27.03,Month-to-month,DSL,UPI,Yes,No,2,1
C102160,26.0,59,36.79,Two year,DSL,Bank transfer,Yes,Yes,3,0
C102161,24.0,18,71.47,Two year,Fiber,UPI,Yes,No,2,0
C102162,66.0,30,13.16,Month-to-month,DSL,UPI,No,No,3,0
C102163,69.0,66,26.86,Month-to-month,None,,No,Yes,2,0
C102164,37.0,69,,One year,None,Bank transfer,Yes,Yes,1,0
C102165,26.0,67,71.03,One year,Fiber,Bank transfer,Yes,Yes,4,0
C102166,46.0,23,47.14,Month-to-month,DSL,Card,Yes,Yes,1,0
C102167,28.0,61,18.05,One year,None,Card,No,No,1,0
C102168,72.0,68,61.63,Month-to-month,Fiber,Bank transfer,Yes,No,0,0
C102169,22.0,71,74.47,Month-to-month,Fiber,Card,No,No,3,1
C102170,49.0,2,46.22,One year,DSL,Bank transfer,Yes,Yes,0,0
C102171,41.0,54,,One year,Fiber,Bank transfer,No,Yes,0,0
C102172,46.0,72,10.0,Two year,None,UPI,No,Yes,3,0
C102173,64.0,56,29.46,Month-to-month,None,Card,No,Yes,2,0
C102174,34.0,17,76.83,Month-to-month,Fiber,UPI,No,No,2,1
C102175,74.0,55,73.08,Month-to-month,Fiber,,No,Yes,0,0
C102176,78.0,8,55.6,Month-to-month,Fiber,UPI,Yes,Yes,3,1
C102177,44.0,35,74.78,Month-to-month,Fiber,Bank transfer,Yes,Yes,3,0
C102178,41.0,46,28.27,Month-to-month,None,Cash,No,No,3,0
C102179,32.0,33,87.25,Month-to-month,Fiber,Card,No,Yes,1,1
C102180,68.0,51,32.75,One year,DSL,Bank transfer,No,Yes,5,0
C102181,62.0,18,36.27,Month-to-month,DSL,UPI,Yes,No,0,0
C102182,45.0,44,52.78,Month-to-month,Fiber,Bank transfer,Yes,Yes,1,0
C102183,60.0,47,27.75,One year,None,Card,No,No,1,0
C102184,40.0,46,42.55,Month-to-month,DSL,UPI,No,No,2,0
C102185,60.0,21,73.23,Two year,Fiber,UPI,Yes,Yes,2,0
C102186,68.0,22,29.5,Month-to-month,None,UPI,Yes,Yes,2,0
C102187,45.0,19,63.75,Month-to-month,Fiber,Cash,No,Yes,2,1
C102188,59.0,34,33.25,Two year,DSL,Card,No,Yes,1,0
C102189,53.0,43,68.57,One year,Fiber,Card,No,No,1,0
C102190,22.0,27,78.79,One year,Fiber,UPI,No,Yes,0,0
C102191,21.0,30,43.97,One year,DSL,UPI,Yes,Yes,0,0
C102192,34.0,21,72.54,Month-to-month,Fiber,Card,Yes,No,2,1
C102193,33.0,16,72.12,One year,Fiber,UPI,No,No,4,1
C102194,29.0,48,74.41,Two year,Fiber,Card,Yes,No,1,0
C102195,75.0,59,67.31,Two year,Fiber,Cash,Yes,No,2,0
C102196,55.0,21,45.89,Month-to-month,DSL,UPI,Yes,Yes,0,0
C102197,20.0,62,31.38,Month-to-month,DSL,Card,Yes,Yes,1,0
C102198,74.0,42,38.44,One year,DSL,UPI,No,Yes,1,0
C102199,36.0,13,30.23,Month-to-month,DSL,Cash,Yes,No,1,0
C102200,79.0,27,77.57,Month-to-month,Fiber,,No,Yes,1,1
C102201,32.0,1,34.2,Month-to-month,DSL,Card,No,No,1,0
C102202,23.0,3,86.53,Month-to-month,Fiber,Bank transfer,Yes,No,2,1
C102203,26.0,25,33.99,Month-to-month,DSL,,No,Yes,1,0
C102204,41.0,33,42.5,Month-to-month,DSL,Card,No,No,2,1
C102205,75.0,58,29.96,Month-to-month,DSL,Cash,No,Yes,3,1
C102206,52.0,10,67.54,Month-to-month,Fiber,Cash,No,No,1,0
C102207,25.0,61,69.66,Two year,Fiber,Card,No,Yes,2,0
C102208,37.0,17,22.81,Month-to-month,None,Cash,No,No,1,0
C102209,48.0,10,29.03,Month-to-month,DSL,Bank transfer,No,No,1,0
C102210,51.0,51,,Month-to-month,Fiber,Bank transfer,No,Yes,1,0
C102211,70.0,56,70.71,Month-to-month,Fiber,Bank transfer,No,No,2,0
C102212,20.0,44,38.19,Two year,DSL,UPI,No,Yes,1,0
C102213,18.0,9,34.71,Two year,DSL,Cash,Yes,Yes,1,1
C102214,62.0,9,33.56,Month-to-month,DSL,Card,No,Yes,0,0
C102215,24.0,29,24.38,Month-to-month,DSL,UPI,No,No,1,1
C102216,60.0,33,24.0,Month-to-month,None,UPI,Yes,No,0,0
C102217,39.0,72,76.74,Month-to-month,Fiber,Bank transfer,No,Yes,3,1
C102218,,21,77.69,Month-to-month,Fiber,Card,No,No,1,1
C102219,27.0,14,71.2,Month-to-month,Fiber,UPI,Yes,No,2,1
C102220,65.0,69,65.17,Month-to-month,Fiber,Bank transfer,Yes,Yes,1,0
C102221,29.0,12,67.43,One year,Fiber,UPI,No,No,2,1
C102222,18.0,2,36.23,Month-to-month,DSL,Card,Yes,Yes,1,1
C102223,54.0,31,69.85,Month-to-month,Fiber,Card,No,No,3,1
C102224,27.0,29,28.24,Month-to-month,DSL,Bank transfer,Yes,Yes,0,0
C102225,28.0,45,21.54,Month-to-month,DSL,Card,Yes,No,0,0
C102226,31.0,64,30.56,Month-to-month,DSL,UPI,Yes,Yes,1,0
C102227,57.0,68,67.78,Month-to-month,Fiber,UPI,Yes,Yes,2,0
C102228,64.0,21,72.47,Month-to-month,Fiber,Cash,No,No,2,1
C102229,74.0,71,66.72,Month-to-month,Fiber,Bank transfer,Yes,No,3,0
C102230,78.0,46,,Two year,DSL,Card,Yes,No,3,0
C102231,32.0,6,20.89,Two year,None,Cash,No,No,3,0
C102232,31.0,68,47.53,Month-to-month,DSL,Bank transfer,No,No,3,0
C102233,31.0,10,18.67,Month-to-month,None,Bank transfer,Yes,Yes,1,0
C102234,29.0,43,57.61,One year,Fiber,UPI,No,Yes,1,0
C102235,18.0,57,64.52,One year,Fiber,Card,Yes,Yes,1,0
C102236,54.0,18,84.46,Month-to-month,Fiber,Bank transfer,No,Yes,2,0
C102237,18.0,20,81.47,Month-to-month,Fiber,UPI,No,No,4,1
C102238,20.0,35,77.52,Month-to-month,Fiber,,No,Yes,2,0
C102239,42.0,64,40.61,One year,DSL,Card,No,Yes,2,0
C102240,68.0,17,75.7,Month-to-month,Fiber,Card,No,Yes,1,1
C102241,48.0,48,33.09,Month-to-month,DSL,UPI,Yes,No,2,0
C102242,42.0,33,76.94,Month-to-month,Fiber,Card,No,Yes,0,1
C102243,,9,77.25,Month-to-month,Fiber,Bank transfer,No,Yes,0,0
C102244,60.0,52,26.76,Month-to-month,None,Bank transfer,Yes,No,3,0
C102245,38.0,60,65.21,One year,Fiber,UPI,No,Yes,2,0
C102246,79.0,42,32.4,Month-to-month,DSL,Card,No,No,0,0
C102247,26.0,13,64.87,Month-to-month,Fiber,Card,No,Yes,2,1
C102248,66.0,12,42.98,Month-to-month,DSL,UPI,Yes,No,0,0
C102249,60.0,31,72.43,Two year,Fiber,Bank transfer,No,Yes,2,1
C102250,40.0,37,73.14,Month-to-month,Fiber,UPI,Yes,Yes,3,1
C102251,42.0,40,74.6,Month-to-month,Fiber,Cash,No,Yes,0,1
C102252,77.0,18,23.7,Month-to-month,DSL,Cash,Yes,No,3,0
C102253,63.0,37,42.05,Two year,DSL,Card,No,No,5,0
C102254,20.0,22,65.67,One year,Fiber,Bank transfer,Yes,Yes,1,0
C102255,52.0,50,31.4,Two year,DSL,UPI,No,No,3,0
C102256,63.0,58,28.31,One year,DSL,UPI,Yes,Yes,1,0
C102257,41.0,47,70.64,Month-to-month,Fiber,UPI,No,No,2,1
C102258,60.0,1,69.47,Month-to-month,Fiber,UPI,No,No,5,0
C102259,56.0,72,23.87,Month-to-month,DSL,Bank transfer,Yes,Yes,2,0
C102260,38.0,2,55.69,One year,Fiber,UPI,No,Yes,1,0
C102261,18.0,72,18.38,One year,None,UPI,No,No,2,0
C102262,20.0,3,76.51,Month-to-month,Fiber,Card,No,No,1,0
C102263,60.0,38,40.74,Two year,DSL,UPI,Yes,No,1,0
C102264,66.0,8,43.01,Month-to-month,DSL,Bank transfer,Yes,Yes,1,0
C102265,41.0,7,33.42,Month-to-month,DSL,UPI,Yes,No,3,0
C102266,47.0,50,67.17,Month-to-month,Fiber,Card,No,Yes,2,1
C102267,49.0,53,69.11,Two year,Fiber,Card,No,No,1,0
C102268,72.0,9,41.44,Two year,DSL,Bank transfer,No,No,0,0
C102269,50.0,71,47.9,Month-to-month,DSL,Bank transfer,No,No,3,0
C102270,53.0,24,31.32,Two year,DSL,Card,Yes,No,2,0
C102271,52.0,23,32.87,Two year,DSL,UPI,No,No,0,0
C102272,26.0,22,20.25,Two year,None,UPI,No,Yes,3,0
C102273,61.0,34,32.88,Two year,DSL,Bank transfer,No,No,1,0
C102274,74.0,13,30.35,Month-to-month,DSL,Card,No,Yes,1,0
C102275,24.0,31,68.99,One year,Fiber,UPI,Yes,Yes,1,0
C102276,22.0,16,28.67,One year,DSL,Cash,No,Yes,0,0
C102277,48.0,4,40.8,One year,DSL,UPI,No,Yes,1,1
C102278,,27,81.79,Month-to-month,Fiber,UPI,No,Yes,1,1
C102279,23.0,49,32.73,One year,DSL,Card,Yes,Yes,1,0
C102280,64.0,55,48.3,Two year,DSL,Card,No,Yes,2,0
C102281,32.0,26,69.14,Month-to-month,Fiber,Cash,No,Yes,0,1
C102282,29.0,24,64.42,Two year,Fiber,Cash,No,Yes,2,0
C102283,29.0,57,40.49,Month-to-month,DSL,Card,No,No,0,0
C102284,50.0,50,12.61,Month-to-month,None,Cash,Yes,Yes,1,0
C102285,55.0,60,39.99,Month-to-month,DSL,Card,Yes,No,0,0
C102286,46.0,66,22.03,One year,None,UPI,Yes,No,3,0
C102287,55.0,60,16.77,One year,None,Bank transfer,Yes,No,2,0
C102288,67.0,68,65.92,Month-to-month,Fiber,UPI,Yes,Yes,0,0
C102289,69.0,30,28.02,One year,DSL,UPI,Yes,Yes,2,0
C102290,63.0,29,28.25,Month-to-month,None,UPI,Yes,Yes,1,0
C102291,50.0,24,68.22,Month-to-month,Fiber,Card,No,Yes,2,1
C102292,31.0,17,37.49,Two year,DSL,Cash,No,No,0,0
C102293,64.0,54,69.91,One year,Fiber,Card,Yes,Yes,3,0
C102294,59.0,52,68.3,One year,Fiber,Card,Yes,No,0,0
C102295,73.0,58,22.61,One year,None,Cash,No,Yes,3,0
C102296,62.0,13,74.1,Two year,Fiber,UPI,Yes,No,0,0
C102297,26.0,36,21.11,Month-to-month,None,UPI,Yes,Yes,5,1
C102298,53.0,16,68.49,Month-to-month,Fiber,Card,No,No,0,0
C102299,62.0,65,61.31,Month-to-month,Fiber,Card,No,No,2,0
C102300,79.0,20,65.17,One year,Fiber,Card,Yes,Yes,1,0
C102301,38.0,11,17.55,One year,None,UPI,No,Yes,2,0
C102302,71.0,42,20.13,One year,None,UPI,Yes,No,1,0
C102303,35.0,64,10.0,Month-to-month,None,UPI,Yes,Yes,1,0
C102304,41.0,66,74.96,Month-to-month,Fiber,Cash,Yes,Yes,0,1
C102305,77.0,7,72.57,One year,Fiber,Cash,No,No,2,1
C102306,28.0,24,30.34,Two year,DSL,UPI,No,No,1,0
C102307,30.0,12,12.67,Month-to-month,None,Cash,No,Yes,3,1
C102308,69.0,23,29.51,Month-to-month,DSL,Cash,No,Yes,1,1
C102309,74.0,39,24.41,Month-to-month,DSL,,No,Yes,1,0
C102310,24.0,21,,Month-to-month,Fiber,Bank transfer,Yes,No,0,1
C102311,69.0,5,68.56,Month-to-month,Fiber,Card,No,Yes,4,1
C102312,54.0,37,77.35,Month-to-month,Fiber,Card,Yes,Yes,2,0
C102313,72.0,4,38.79,One year,DSL,Cash,No,Yes,1,0
C102314,48.0,17,44.98,Month-to-month,DSL,UPI,No,No,1,1
C102315,54.0,1,35.9,Month-to-month,DSL,Cash,No,Yes,0,1
C102316,32.0,7,27.71,Month-to-month,DSL,Bank transfer,Yes,No,1,1
C102317,54.0,32,48.93,Two year,DSL,Card,No,Yes,0,0
C102318,43.0,62,67.45,Month-to-month,Fiber,UPI,Yes,No,1,1
C102319,42.0,56,22.64,Month-to-month,DSL,Cash,Yes,Yes,1,0
C102320,35.0,8,71.76,Month-to-month,Fiber,Card,No,No,4,1
C102321,42.0,3,22.28,One year,DSL,Bank transfer,Yes,No,1,1
C102322,,25,69.32,Two year,Fiber,Cash,Yes,Yes,2,0
C102323,70.0,47,16.2,Month-to-month,None,Card,No,Yes,0,0
C102324,43.0,54,39.19,Month-to-month,DSL,Card,No,No,1,1
C102325,42.0,60,42.63,Month-to-month,DSL,UPI,Yes,Yes,3,0
C102326,,25,67.4,One year,Fiber,Bank transfer,No,No,1,1
C102327,48.0,13,31.83,Two year,DSL,UPI,Yes,No,5,0
C102328,61.0,2,26.07,Month-to-month,None,Card,Yes,Yes,4,1
C102329,79.0,11,13.87,Month-to-month,None,Card,No,Yes,2,0
C102330,71.0,5,70.52,One year,Fiber,UPI,Yes,Yes,0,0
C102331,39.0,62,24.33,One year,None,UPI,No,Yes,1,0
C102332,51.0,20,63.68,Month-to-month,Fiber,Card,No,Yes,4,1
C102333,69.0,60,67.59,Month-to-month,Fiber,Bank transfer,No,No,4,0
C102334,49.0,40,35.81,Month-to-month,DSL,Card,Yes,Yes,1,0
C102335,35.0,39,45.65,One year,DSL,Bank transfer,Yes,No,1,0
C102336,50.0,33,25.32,One year,DSL,Cash,No,Yes,0,0
C102337,19.0,59,68.81,One year,Fiber,UPI,Yes,Yes,4,0
C102338,72.0,4,80.83,Two year,Fiber,UPI,No,Yes,1,0
C102339,54.0,7,42.77,Month-to-month,DSL,Card,No,Yes,0,0
C102340,33.0,31,67.8,Month-to-month,Fiber,UPI,No,Yes,1,1
C102341,47.0,29,34.43,Month-to-month,DSL,UPI,Yes,No,2,0
C102342,19.0,40,38.68,Two year,DSL,Card,No,Yes,0,0
C102343,,54,38.84,One year,DSL,UPI,No,Yes,3,0
C102344,,43,81.03,Month-to-month,Fiber,,Yes,No,1,0
C102345,18.0,19,79.05,Month-to-month,Fiber,Card,No,No,0,1
C102346,46.0,24,58.94,One year,Fiber,Bank transfer,Yes,Yes,1,0
C102347,22.0,55,22.24,One year,DSL,UPI,No,Yes,1,0
C102348,42.0,15,65.65,One year,Fiber,Card,Yes,Yes,3,1
C102349,71.0,37,10.0,Month-to-month,None,Card,Yes,Yes,1,0
C102350,58.0,39,45.5,Two year,DSL,Card,No,Yes,2,0
C102351,47.0,55,58.03,One year,Fiber,UPI,Yes,Yes,1,0
C102352,49.0,52,32.61,One year,DSL,UPI,Yes,No,3,0
C102353,49.0,34,28.03,One year,DSL,Card,Yes,No,0,0
C102354,24.0,23,57.3,Two year,Fiber,UPI,No,Yes,2,0
C102355,,27,44.45,Two year,DSL,Cash,Yes,Yes,4,0
C102356,68.0,30,65.39,One year,Fiber,UPI,No,No,1,0
C102357,75.0,16,35.26,Month-to-month,None,UPI,No,Yes,1,1
C102358,27.0,46,46.24,Month-to-month,DSL,UPI,No,No,2,0
C102359,74.0,16,34.97,Two year,DSL,Cash,Yes,No,2,0
C102360,19.0,47,10.0,One year,None,Cash,Yes,No,1,0
C102361,50.0,55,67.28,Month-to-month,Fiber,Card,No,No,5,1
C102362,69.0,70,38.29,Month-to-month,None,Card,No,Yes,1,0
C102363,31.0,9,38.43,Two year,DSL,Card,No,No,2,0
C102364,76.0,55,68.66,Two year,Fiber,Bank transfer,No,No,2,0
C102365,78.0,7,15.11,Two year,None,Card,No,Yes,1,0
C102366,44.0,25,42.1,Month-to-month,DSL,Cash,No,Yes,0,0
C102367,73.0,13,22.96,One year,None,Card,No,Yes,2,0
C102368,22.0,12,72.27,Two year,Fiber,UPI,No,Yes,2,0
C102369,50.0,13,29.09,Month-to-month,None,Card,Yes,Yes,2,0
C102370,36.0,4,43.66,Month-to-month,DSL,UPI,Yes,No,1,0
C102371,56.0,60,73.5,Two year,Fiber,UPI,No,Yes,2,0
C102372,33.0,5,22.31,Month-to-month,DSL,Bank transfer,No,Yes,3,0
C102373,45.0,29,12.14,One year,None,UPI,No,No,0,0
C102374,63.0,51,30.07,One year,DSL,UPI,No,Yes,2,0
C102375,30.0,72,34.7,One year,DSL,Bank transfer,No,Yes,5,0
C102376,70.0,62,31.99,Month-to-month,None,,No,Yes,2,0
C102377,60.0,10,51.42,One year,DSL,Bank transfer,Yes,Yes,0,0
C102378,33.0,72,73.13,Month-to-month,Fiber,Bank transfer,Yes,No,2,0
C102379,59.0,48,39.4,Two year,DSL,UPI,No,Yes,1,0
C102380,37.0,13,57.91,Month-to-month,Fiber,Cash,No,Yes,2,1
C102381,51.0,33,31.62,One year,DSL,UPI,No,No,0,0
C102382,55.0,67,65.57,One year,Fiber,Cash,Yes,No,1,0
C102383,68.0,29,64.91,Month-to-month,Fiber,Bank transfer,Yes,Yes,2,0
C102384,39.0,14,39.64,Month-to-month,DSL,Card,No,Yes,1,0
C102385,46.0,64,31.39,One year,DSL,Card,Yes,No,1,0
C102386,45.0,69,19.84,Month-to-month,DSL,Bank transfer,No,Yes,1,1
C102387,71.0,71,76.74,Month-to-month,Fiber,Bank transfer,Yes,Yes,3,0
C102388,70.0,69,44.63,Month-to-month,DSL,UPI,No,Yes,4,0
C102389,31.0,63,37.31,Two year,DSL,Cash,No,Yes,1,0
C102390,24.0,33,33.65,One year,DSL,UPI,No,Yes,0,0
C102391,77.0,14,62.8,Month-to-month,Fiber,UPI,Yes,No,2,0
C102392,28.0,45,63.3,Two year,Fiber,UPI,No,No,2,0
C102393,30.0,16,78.57,Month-to-month,Fiber,Card,Yes,No,1,0
C102394,25.0,35,14.01,Month-to-month,None,UPI,Yes,No,3,0
C102395,27.0,48,86.1,Month-to-month,Fiber,Cash,No,No,1,0
C102396,21.0,69,27.6,Month-to-month,None,Card,No,No,4,0
C102397,55.0,21,72.72,Month-to-month,Fiber,Bank transfer,No,No,2,1
C102398,49.0,19,56.72,One year,DSL,Bank transfer,Yes,No,1,0
C102399,23.0,53,30.21,Month-to-month,None,Card,Yes,Yes,2,0
C102400,58.0,1,66.56,One year,Fiber,Bank transfer,Yes,Yes,2,0
C102401,28.0,41,61.81,Month-to-month,Fiber,Bank transfer,No,Yes,4,0
C102402,51.0,54,31.61,Month-to-month,DSL,UPI,Yes,No,2,1
C102403,63.0,40,34.18,Month-to-month,DSL,Card,No,No,0,0
C102404,44.0,28,63.93,One year,Fiber,Card,Yes,No,3,1
C102405,37.0,60,61.0,One year,Fiber,UPI,Yes,No,1,0
C102406,73.0,27,71.88,Month-to-month,Fiber,Card,No,No,0,0
C102407,67.0,52,77.11,Month-to-month,Fiber,UPI,Yes,Yes,2,1
C102408,70.0,34,84.86,Month-to-month,Fiber,Cash,No,Yes,1,0
C102409,27.0,2,35.61,Two year,DSL,Bank transfer,No,No,3,0
C102410,34.0,39,39.82,Month-to-month,DSL,Bank transfer,No,Yes,0,1
C102411,41.0,4,20.19,One year,DSL,Cash,No,No,1,0
C102412,28.0,68,26.87,Month-to-month,None,Card,No,No,1,0
C102413,41.0,44,61.93,Month-to-month,Fiber,Card,Yes,Yes,2,0
C102414,33.0,27,22.44,One year,None,Bank transfer,No,No,1,0
C102415,47.0,36,69.65,Month-to-month,Fiber,UPI,Yes,Yes,3,0
C102416,61.0,45,68.07,Month-to-month,Fiber,Card,Yes,No,1,0
C102417,43.0,19,58.13,Two year,Fiber,Bank transfer,No,No,1,0
C102418,62.0,21,13.94,Month-to-month,None,Card,Yes,Yes,1,0
C102419,41.0,31,12.36,Month-to-month,None,UPI,No,No,1,0
C102420,48.0,19,65.25,Month-to-month,Fiber,UPI,Yes,Yes,2,1
C102421,38.0,55,44.46,Month-to-month,DSL,UPI,Yes,Yes,1,0
C102422,23.0,8,67.18,One year,Fiber,UPI,No,Yes,2,1
C102423,18.0,60,29.62,Month-to-month,DSL,Card,No,No,2,0
C102424,29.0,26,40.2,Two year,DSL,Cash,No,No,0,0
C102425,56.0,41,72.61,One year,Fiber,Cash,Yes,Yes,0,0
C102426,24.0,12,36.26,Two year,None,UPI,Yes,No,1,0
C102427,47.0,28,43.09,Two year,DSL,Card,Yes,No,1,0
C102428,26.0,55,19.09,Two year,DSL,UPI,No,No,2,0
C102429,41.0,20,,One year,None,UPI,Yes,Yes,0,0
C102430,,10,40.49,Month-to-month,DSL,,No,Yes,3,0
C102431,,38,48.28,Month-to-month,DSL,Card,Yes,Yes,1,0
C102432,49.0,12,68.41,One year,Fiber,Card,No,No,0,1
C102433,73.0,23,,Month-to-month,None,,No,Yes,0,0
C102434,58.0,33,67.16,One year,Fiber,Card,No,Yes,0,0
C102435,32.0,41,72.32,Month-to-month,Fiber,Bank transfer,Yes,No,1,1
C102436,70.0,47,26.56,Two year,DSL,UPI,Yes,Yes,1,0
C102437,75.0,49,24.0,Month-to-month,DSL,UPI,Yes,No,3,0
C102438,,61,76.96,Two year,Fiber,Card,No,No,4,0
C102439,31.0,5,20.03,Month-to-month,None,Cash,No,Yes,2,0
C102440,28.0,27,24.75,Month-to-month,DSL,Card,Yes,Yes,1,1
C102441,78.0,1,41.52,Two year,DSL,Card,Yes,Yes,4,0
C102442,73.0,1,13.12,Two year,DSL,UPI,No,No,1,0
C102443,44.0,16,28.52,One year,DSL,Bank transfer,Yes,Yes,1,0
C102444,46.0,44,21.71,Two year,DSL,Bank transfer,Yes,Yes,2,0
C102445,51.0,65,44.59,Month-to-month,DSL,UPI,Yes,Yes,1,0
C102446,73.0,56,66.53,Two year,Fiber,UPI,Yes,Yes,3,0
C102447,36.0,47,35.63,Month-to-month,DSL,Card,No,No,0,0
C102448,60.0,57,72.43,Month-to-month,Fiber,UPI,No,Yes,3,0
C102449,76.0,13,76.47,Month-to-month,Fiber,UPI,No,No,3,1
C102450,36.0,61,25.56,Month-to-month,None,UPI,No,No,2,0
C102451,35.0,65,26.41,One year,None,Card,Yes,No,0,0
C102452,26.0,7,67.88,One year,Fiber,Cash,Yes,No,2,1
C102453,63.0,34,41.82,Month-to-month,DSL,Card,No,Yes,3,0
C102454,34.0,60,64.76,Two year,Fiber,Card,Yes,Yes,2,0
C102455,19.0,35,,Month-to-month,DSL,Cash,Yes,Yes,0,1
C102456,49.0,61,22.71,Month-to-month,DSL,Bank transfer,No,Yes,1,0
C102457,52.0,68,48.41,One year,DSL,UPI,No,No,0,0
C102458,19.0,35,12.05,Month-to-month,None,Bank transfer,Yes,Yes,2,0
C102459,63.0,5,46.29,Month-to-month,DSL,Card,No,Yes,4,1
C102460,52.0,25,74.3,One year,Fiber,Bank transfer,Yes,No,2,0
C102461,47.0,16,71.59,Month-to-month,Fiber,Card,No,No,0,1
C102462,39.0,35,72.94,Month-to-month,Fiber,Cash,Yes,No,1,0
C102463,57.0,43,26.48,One year,DSL,Card,No,Yes,1,0
C102464,64.0,34,32.84,Month-to-month,None,UPI,Yes,Yes,1,0
C102465,65.0,15,67.11,Two year,Fiber,UPI,No,Yes,2,0
C102466,42.0,22,78.1,One year,Fiber,Card,No,No,3,1
C102467,49.0,49,65.65,Month-to-month,Fiber,UPI,No,No,4,1
C102468,33.0,2,10.0,Month-to-month,None,Bank transfer,No,No,2,0
C102469,31.0,16,85.87,Month-to-month,Fiber,Card,No,Yes,1,1
C102470,71.0,65,65.17,One year,Fiber,Cash,Yes,No,3,0
C102471,42.0,8,38.69,Month-to-month,DSL,Card,Yes,Yes,3,0
C102472,,30,10.78,Two year,DSL,UPI,No,Yes,1,0
C102473,63.0,15,34.43,Month-to-month,DSL,UPI,No,No,2,0
C102474,61.0,8,39.83,One year,DSL,UPI,Yes,Yes,0,0
C102475,34.0,31,36.14,Month-to-month,DSL,Bank transfer,Yes,Yes,2,0
C102476,28.0,38,34.22,Month-to-month,DSL,Bank transfer,Yes,Yes,1,0
C102477,57.0,13,18.31,Month-to-month,None,UPI,Yes,Yes,0,1
C102478,74.0,6,76.96,One year,Fiber,UPI,Yes,Yes,3,0
C102479,27.0,10,10.0,Two year,None,UPI,No,No,2,0
C102480,32.0,47,68.11,Month-to-month,Fiber,UPI,Yes,Yes,1,0
C102481,75.0,62,81.48,Month-to-month,Fiber,Card,No,No,0,0
C102482,63.0,13,23.14,Month-to-month,DSL,Card,No,No,0,0
C102483,55.0,24,69.15,Month-to-month,Fiber,UPI,Yes,No,2,0
C102484,38.0,25,26.17,Two year,DSL,Cash,No,No,1,0
C102485,47.0,26,72.41,Two year,Fiber,Card,No,No,0,0
C102486,29.0,18,20.26,Two year,None,UPI,Yes,Yes,0,0
C102487,68.0,4,12.45,Month-to-month,None,Card,No,No,0,0
C102488,49.0,38,35.19,Month-to-month,DSL,UPI,No,Yes,2,1
C102489,67.0,26,70.53,One year,Fiber,Bank transfer,Yes,Yes,2,0
C102490,72.0,25,30.13,Month-to-month,DSL,Bank transfer,No,Yes,0,1
C102491,,20,31.67,One year,DSL,Bank transfer,Yes,Yes,0,0
C102492,71.0,67,29.82,Month-to-month,DSL,Bank transfer,Yes,No,0,0
C102493,37.0,44,16.76,Month-to-month,DSL,Card,No,No,2,0
C102494,38.0,31,77.42,Two year,Fiber,UPI,Yes,No,1,0
C102495,46.0,15,79.56,Month-to-month,Fiber,Card,Yes,Yes,1,1
C102496,36.0,58,21.0,Two year,DSL,Cash,Yes,Yes,0,0
C102497,39.0,64,29.66,Month-to-month,None,Bank transfer,Yes,Yes,1,0
C102498,,3,73.21,Month-to-month,Fiber,Card,No,Yes,0,1
C102499,37.0,67,61.18,Month-to-month,Fiber,Card,No,Yes,2,0
C102500,55.0,51,68.33,Month-to-month,Fiber,UPI,Yes,No,0,0
C102501,39.0,8,64.36,Month-to-month,Fiber,Cash,No,No,1,1
C102502,38.0,55,77.39,Month-to-month,Fiber,Card,Yes,No,1,0
C102503,26.0,8,62.66,One year,Fiber,UPI,Yes,Yes,3,0
C102504,71.0,4,36.98,Two year,None,UPI,No,Yes,3,0
C102505,25.0,9,44.27,Month-to-month,DSL,UPI,No,No,2,1
C102506,,34,60.2,Month-to-month,Fiber,UPI,No,Yes,2,0
C102507,34.0,45,48.11,Month-to-month,DSL,Card,Yes,Yes,0,0
C102508,79.0,30,25.84,One year,None,Bank transfer,No,No,1,0
C102509,22.0,9,33.8,One year,DSL,Card,No,Yes,0,0
C102510,44.0,15,40.41,Month-to-month,DSL,Bank transfer,No,Yes,1,1
C102511,49.0,62,27.4,Month-to-month,None,Card,No,Yes,0,0
C102512,79.0,70,63.93,Month-to-month,Fiber,UPI,No,Yes,0,0
C102513,27.0,55,41.68,Month-to-month,DSL,UPI,Yes,No,2,0
C102514,69.0,8,,Month-to-month,DSL,UPI,Yes,Yes,2,0
C102515,22.0,60,76.51,Two year,Fiber,Card,Yes,No,0,0
C102516,35.0,50,18.91,Month-to-month,None,UPI,Yes,Yes,2,0
C102517,69.0,38,61.94,Month-to-month,Fiber,Card,Yes,Yes,2,0
C102518,41.0,11,40.04,Month-to-month,DSL,UPI,No,Yes,1,0
C102519,54.0,72,66.97,One year,Fiber,Bank transfer,No,No,2,0
C102520,42.0,32,71.24,Month-to-month,Fiber,UPI,No,Yes,5,1
C102521,73.0,4,,Month-to-month,DSL,UPI,No,No,3,0
C102522,23.0,16,31.75,Month-to-month,None,UPI,Yes,No,4,0
C102523,78.0,29,31.51,One year,DSL,UPI,No,Yes,2,0
C102524,32.0,5,13.22,Month-to-month,None,Cash,No,Yes,1,1
C102525,54.0,24,83.17,Two year,Fiber,UPI,No,No,1,0
C102526,34.0,34,35.03,Month-to-month,DSL,Cash,No,No,0,1
C102527,67.0,69,65.64,Month-to-month,Fiber,Cash,Yes,Yes,0,0
C102528,61.0,7,72.9,Two year,Fiber,UPI,No,No,1,0
C102529,27.0,42,67.25,Two year,Fiber,UPI,No,No,0,0
C102530,33.0,66,67.86,Month-to-month,Fiber,Bank transfer,No,No,3,1
C102531,61.0,59,55.59,Two year,DSL,Bank transfer,No,Yes,1,0
C102532,49.0,67,,Month-to-month,DSL,Card,No,Yes,3,0
C102533,52.0,13,58.5,Month-to-month,Fiber,Card,No,Yes,0,1
C102534,40.0,58,44.8,Two year,DSL,Card,No,No,4,0
C102535,59.0,71,31.97,One year,DSL,Bank transfer,No,Yes,1,0
C102536,75.0,24,72.55,Month-to-month,Fiber,Bank transfer,Yes,No,0,0
C102537,24.0,36,40.11,One year,DSL,Card,Yes,Yes,1,0
C102538,60.0,39,56.0,Month-to-month,Fiber,UPI,No,Yes,1,0
C102539,76.0,36,29.12,Month-to-month,None,Bank transfer,No,Yes,0,0
C102540,31.0,21,15.51,Two year,None,Cash,No,No,0,0
C102541,43.0,70,50.19,Month-to-month,DSL,Card,Yes,Yes,1,1
C102542,53.0,69,63.63,One year,Fiber,UPI,No,No,2,0
C102543,66.0,28,32.53,One year,None,UPI,No,No,1,0
C102544,60.0,58,83.97,One year,Fiber,UPI,No,No,5,0
C102545,79.0,29,66.08,Month-to-month,Fiber,Card,No,No,1,0
C102546,52.0,58,68.48,Two year,Fiber,Card,Yes,No,2,0
C102547,72.0,43,32.49,One year,DSL,Bank transfer,No,No,2,1
C102548,50.0,34,47.16,One year,DSL,UPI,No,Yes,2,0
C102549,37.0,10,71.44,Month-to-month,Fiber,Card,Yes,Yes,2,1
C102550,59.0,48,39.26,Month-to-month,DSL,UPI,Yes,No,0,0
C102551,42.0,24,18.85,Month-to-month,None,Card,No,Yes,1,0
C102552,58.0,16,73.78,Month-to-month,Fiber,UPI,Yes,Yes,2,1
C102553,58.0,14,39.3,Month-to-month,DSL,UPI,No,No,1,1
C102554,22.0,71,65.23,One year,Fiber,Card,No,No,0,0
C102555,51.0,8,,Two year,Fiber,,No,Yes,1,1
C102556,18.0,58,33.37,Month-to-month,DSL,Cash,No,No,2,0
C102557,43.0,63,28.24,Month-to-month,None,Cash,Yes,Yes,0,0
C102558,58.0,3,59.91,One year,Fiber,Card,Yes,Yes,1,0
C102559,58.0,43,75.47,Month-to-month,Fiber,UPI,Yes,No,0,0
C102560,24.0,42,28.52,Two year,None,Card,Yes,Yes,0,0
C102561,,26,72.13,Month-to-month,Fiber,Bank transfer,No,Yes,1,1
C102562,63.0,49,78.61,Month-to-month,Fiber,Cash,Yes,No,3,0
C102563,37.0,30,29.34,Month-to-month,DSL,UPI,Yes,Yes,0,0
C102564,45.0,32,38.78,Two year,DSL,UPI,No,Yes,1,0
C102565,25.0,32,57.83,Month-to-month,Fiber,UPI,Yes,No,4,0
C102566,40.0,58,71.19,One year,Fiber,Card,Yes,Yes,1,0
C102567,59.0,46,63.66,Month-to-month,Fiber,UPI,No,No,0,0
C102568,,28,69.45,Month-to-month,Fiber,Card,Yes,No,0,1
C102569,54.0,67,81.03,Two year,Fiber,Bank transfer,Yes,Yes,6,1
C102570,35.0,58,33.9,Month-to-month,None,UPI,No,Yes,3,0
C102571,74.0,68,10.0,Month-to-month,None,Card,No,Yes,2,0
C102572,51.0,53,44.96,Month-to-month,DSL,UPI,No,Yes,0,0
C102573,64.0,29,31.19,Two year,None,Bank transfer,No,Yes,1,0
C102574,61.0,56,22.6,Month-to-month,None,UPI,Yes,No,0,0
C102575,42.0,24,45.86,Month-to-month,DSL,UPI,No,No,3,0
C102576,19.0,20,31.68,Two year,DSL,Bank transfer,No,No,1,0
C102577,57.0,33,30.89,One year,DSL,Card,Yes,No,1,0
C102578,73.0,70,65.92,Two year,Fiber,UPI,Yes,Yes,4,0
C102579,71.0,41,75.71,One year,Fiber,UPI,No,Yes,5,0
C102580,71.0,28,69.22,One year,Fiber,Card,Yes,Yes,1,0
C102581,39.0,34,64.27,Month-to-month,Fiber,Cash,Yes,No,3,0
C102582,74.0,21,29.66,Month-to-month,DSL,UPI,Yes,No,2,0
C102583,18.0,48,70.01,One year,Fiber,UPI,No,No,2,0
C102584,37.0,26,13.21,One year,None,Card,Yes,No,1,0
C102585,56.0,40,25.35,Two year,None,Cash,No,Yes,5,0
C102586,37.0,27,79.56,One year,Fiber,Cash,Yes,Yes,2,0
C102587,19.0,24,42.79,Month-to-month,DSL,Card,No,Yes,0,0
C102588,,70,58.29,Month-to-month,DSL,UPI,Yes,Yes,1,0
C102589,76.0,25,38.29,One year,DSL,Card,No,Yes,0,0
C102590,44.0,6,83.56,Month-to-month,Fiber,Bank transfer,No,No,2,1
C102591,28.0,28,36.47,One year,DSL,UPI,No,Yes,2,0
C102592,56.0,39,17.77,One year,None,Card,Yes,No,0,0
C102593,41.0,7,70.95,Month-to-month,Fiber,UPI,No,No,0,0
C102594,42.0,23,71.33,One year,Fiber,Cash,No,Yes,1,1
C102595,76.0,12,34.01,One year,DSL,UPI,Yes,No,1,0
C102596,51.0,37,61.34,Two year,Fiber,Card,No,No,1,0
C102597,22.0,53,62.16,Month-to-month,Fiber,Cash,No,No,2,1
C102598,76.0,70,79.07,One year,Fiber,Card,No,Yes,1,0
C102599,18.0,29,41.67,Month-to-month,DSL,UPI,No,No,0,0
C102600,60.0,63,34.23,Month-to-month,None,,No,Yes,3,0
C102601,24.0,16,31.86,Month-to-month,DSL,Card,No,Yes,1,1
C102602,34.0,57,31.11,Two year,DSL,Card,No,Yes,2,0
C102603,79.0,41,10.81,Two year,None,Card,Yes,Yes,0,0
C102604,28.0,55,43.45,Month-to-month,DSL,Card,No,Yes,0,0
C102605,78.0,55,27.86,One year,DSL,UPI,Yes,No,2,0
C102606,36.0,39,69.75,Month-to-month,Fiber,Bank transfer,No,Yes,1,0
C102607,41.0,19,72.51,One year,Fiber,Card,Yes,Yes,0,0
C102608,76.0,38,22.49,Month-to-month,DSL,Bank transfer,No,No,3,1
C102609,64.0,60,41.22,One year,DSL,UPI,No,Yes,2,0
C102610,36.0,70,43.08,Month-to-month,DSL,Card,No,Yes,2,1
C102611,63.0,67,72.21,One year,Fiber,UPI,Yes,Yes,0,0
C102612,47.0,14,34.31,Month-to-month,DSL,Card,No,Yes,2,1
C102613,24.0,44,69.74,One year,Fiber,UPI,No,Yes,0,0
C102614,33.0,8,31.2,One year,None,UPI,No,No,4,0
C102615,32.0,49,,Month-to-month,DSL,Bank transfer,No,No,0,0
C102616,47.0,72,34.84,Month-to-month,DSL,Cash,Yes,Yes,0,0
C102617,73.0,4,29.51,Two year,DSL,Card,No,Yes,0,0
C102618,53.0,48,12.61,One year,DSL,Cash,No,No,5,0
C102619,28.0,69,43.77,Month-to-month,DSL,Card,No,Yes,0,0
C102620,55.0,61,69.98,Month-to-month,Fiber,Card,Yes,Yes,3,1
C102621,50.0,29,28.0,Month-to-month,DSL,Card,Yes,Yes,2,0
C102622,42.0,8,86.88,One year,Fiber,Bank transfer,Yes,No,2,0
C102623,33.0,67,73.52,One year,Fiber,Bank transfer,No,No,3,0
C102624,62.0,67,18.35,Month-to-month,None,Cash,No,Yes,1,0
C102625,52.0,42,43.15,One year,DSL,Bank transfer,No,Yes,4,0
C102626,44.0,71,37.94,One year,DSL,UPI,Yes,No,1,0
C102627,30.0,1,22.79,One year,None,Cash,Yes,Yes,0,0
C102628,25.0,45,30.13,Month-to-month,DSL,Cash,Yes,Yes,2,0
C102629,31.0,3,75.57,Month-to-month,Fiber,Bank transfer,Yes,No,2,1
C102630,56.0,68,77.52,Month-to-month,Fiber,,No,Yes,0,0
C102631,20.0,49,65.17,Month-to-month,Fiber,Bank transfer,No,Yes,0,0
C102632,22.0,66,19.84,Month-to-month,DSL,Card,No,No,1,0
C102633,79.0,41,42.6,Month-to-month,DSL,Cash,Yes,No,0,0
C102634,34.0,6,75.03,Month-to-month,Fiber,Cash,Yes,Yes,3,1
C102635,25.0,2,76.74,One year,Fiber,Bank transfer,No,Yes,2,0
C102636,77.0,25,70.37,Month-to-month,Fiber,Card,Yes,Yes,1,0
C102637,43.0,54,77.7,One year,Fiber,Card,No,Yes,1,0
C102638,18.0,11,14.78,Month-to-month,None,Cash,No,Yes,3,1
C102639,43.0,62,18.51,One year,None,Cash,No,Yes,2,0
C102640,19.0,18,61.62,Month-to-month,Fiber,Bank transfer,Yes,Yes,2,0
C102641,36.0,36,44.26,One year,DSL,,No,Yes,3,1
C102642,76.0,15,69.63,One year,Fiber,UPI,No,Yes,2,0
C102643,67.0,34,71.85,Month-to-month,Fiber,,Yes,Yes,1,0
C102644,43.0,33,73.47,One year,Fiber,Card,No,No,1,0
C102645,38.0,1,33.09,Month-to-month,DSL,Card,No,No,1,0
C102646,54.0,41,76.58,One year,Fiber,UPI,Yes,No,1,0
C102647,56.0,57,48.26,Month-to-month,DSL,UPI,No,No,1,1
C102648,65.0,68,42.84,Month-to-month,DSL,UPI,Yes,Yes,1,0
C102649,51.0,24,10.0,Month-to-month,None,Bank transfer,Yes,No,1,0
C102650,22.0,64,70.88,Two year,Fiber,Card,Yes,Yes,1,0
C102651,71.0,64,71.24,Month-to-month,Fiber,Bank transfer,No,No,2,0
C102652,38.0,72,79.94,One year,Fiber,Card,No,No,3,0
C102653,68.0,27,65.61,Month-to-month,Fiber,Bank transfer,No,Yes,1,1
C102654,68.0,62,26.68,Month-to-month,DSL,Card,No,No,0,0
C102655,31.0,41,76.68,Month-to-month,Fiber,,Yes,No,1,0
C102656,,5,34.85,Two year,DSL,UPI,No,No,3,0
C102657,64.0,20,65.01,One year,Fiber,UPI,No,Yes,0,0
C102658,40.0,49,32.92,Month-to-month,DSL,Card,No,Yes,4,1
C102659,67.0,12,10.0,One year,None,Card,No,No,2,0
C102660,50.0,32,,Month-to-month,Fiber,UPI,No,Yes,4,0
C102661,74.0,56,67.57,Month-to-month,Fiber,Card,No,Yes,2,0
C102662,73.0,11,39.26,Month-to-month,DSL,Card,No,Yes,5,0
C102663,77.0,36,68.36,Month-to-month,Fiber,Bank transfer,No,Yes,1,0
C102664,31.0,16,70.28,Month-to-month,Fiber,Card,Yes,No,0,0
C102665,63.0,39,66.36,One year,Fiber,Card,No,No,2,0
C102666,64.0,18,67.96,Month-to-month,Fiber,UPI,No,No,1,1
C102667,45.0,70,10.96,Two year,None,UPI,No,No,0,0
C102668,28.0,6,78.26,One year,Fiber,UPI,No,No,1,1
C102669,36.0,70,69.67,Two year,Fiber,Bank transfer,Yes,No,3,0
C102670,49.0,58,54.09,One year,Fiber,UPI,Yes,Yes,2,0
C102671,71.0,62,57.32,Two year,Fiber,UPI,Yes,No,1,0
C102672,74.0,62,78.3,Month-to-month,Fiber,UPI,No,No,2,0
C102673,74.0,14,69.65,Month-to-month,Fiber,Card,No,No,1,0
C102674,76.0,68,34.84,Month-to-month,DSL,Bank transfer,No,No,2,0
C102675,24.0,43,34.98,Two year,DSL,UPI,No,Yes,0,0
C102676,79.0,70,38.9,Month-to-month,DSL,Bank transfer,No,Yes,2,0
C102677,52.0,64,32.24,One year,None,UPI,Yes,No,2,0
C102678,24.0,42,73.56,One year,Fiber,UPI,Yes,No,2,0
C102679,26.0,27,72.46,Month-to-month,Fiber,UPI,Yes,Yes,3,1
C102680,33.0,9,65.43,Two year,Fiber,Cash,No,Yes,3,0
C102681,33.0,8,57.66,Month-to-month,Fiber,UPI,Yes,Yes,2,1
C102682,24.0,29,23.8,Month-to-month,None,UPI,No,Yes,2,1
C102683,41.0,59,24.44,One year,None,Cash,Yes,Yes,1,0
C102684,51.0,37,28.8,Month-to-month,None,UPI,No,Yes,0,0
C102685,37.0,35,33.7,Month-to-month,None,UPI,Yes,Yes,1,0
C102686,59.0,18,25.72,Month-to-month,DSL,Card,No,Yes,2,1
C102687,62.0,41,30.09,Month-to-month,DSL,Card,Yes,No,1,0
C102688,42.0,46,75.35,One year,Fiber,Bank transfer,No,Yes,3,1
C102689,22.0,71,70.01,Two year,Fiber,Card,No,No,1,0
C102690,37.0,53,46.55,Month-to-month,DSL,Card,No,Yes,1,0
C102691,56.0,44,68.45,Month-to-month,Fiber,Card,No,Yes,3,1
C102692,42.0,66,51.01,Month-to-month,DSL,Cash,No,Yes,3,0
C102693,54.0,31,35.45,Two year,DSL,UPI,Yes,Yes,2,0
C102694,70.0,68,48.02,One year,DSL,UPI,No,Yes,1,0
C102695,66.0,27,10.0,Month-to-month,None,Cash,No,Yes,0,0
C102696,56.0,10,73.89,Month-to-month,Fiber,UPI,No,Yes,3,1
C102697,23.0,31,70.19,Two year,Fiber,Bank transfer,No,No,0,0
C102698,64.0,10,10.0,Two year,None,Bank transfer,No,Yes,1,0
C102699,38.0,9,19.88,Month-to-month,None,UPI,Yes,Yes,0,0
C102700,43.0,64,60.1,Two year,Fiber,Bank transfer,Yes,No,0,0
C102701,61.0,58,65.84,Month-to-month,Fiber,Cash,Yes,Yes,1,1
C102702,69.0,16,37.44,Month-to-month,DSL,Card,No,Yes,0,1
C102703,62.0,61,69.02,One year,Fiber,Card,Yes,Yes,3,0
C102704,36.0,5,37.85,Month-to-month,DSL,Bank transfer,Yes,No,0,1
C102705,45.0,21,71.26,Month-to-month,Fiber,UPI,No,Yes,4,0
C102706,40.0,51,88.84,Two year,Fiber,UPI,Yes,No,2,0
C102707,46.0,22,37.07,Two year,DSL,Card,Yes,Yes,1,0
C102708,64.0,53,70.9,Month-to-month,Fiber,Bank transfer,No,Yes,1,0
C102709,,63,73.37,One year,Fiber,Bank transfer,No,No,3,1
C102710,42.0,5,69.79,One year,Fiber,Cash,No,No,3,0
C102711,38.0,2,22.33,One year,DSL,UPI,Yes,No,2,0
C102712,72.0,68,40.53,Two year,DSL,Cash,No,No,2,0
C102713,27.0,38,80.33,One year,Fiber,UPI,No,Yes,1,0
C102714,42.0,37,32.44,Month-to-month,None,UPI,Yes,No,1,0
C102715,77.0,34,25.51,Month-to-month,None,Bank transfer,Yes,Yes,2,0
C102716,72.0,32,32.85,Two year,DSL,UPI,Yes,Yes,0,0
C102717,68.0,50,72.1,Two year,Fiber,UPI,No,Yes,1,0
C102718,73.0,42,84.29,Month-to-month,Fiber,Card,Yes,Yes,2,1
C102719,32.0,12,18.21,Month-to-month,None,UPI,No,No,3,1
C102720,21.0,46,25.45,One year,DSL,Bank transfer,No,No,1,0
C102721,71.0,49,87.67,Month-to-month,Fiber,Card,No,No,2,1
C102722,48.0,9,61.86,Month-to-month,Fiber,Bank transfer,Yes,Yes,1,1
C102723,33.0,28,22.43,Two year,DSL,UPI,No,Yes,1,0
C102724,47.0,57,37.55,Two year,DSL,Card,No,Yes,3,0
C102725,69.0,45,38.27,Two year,DSL,Bank transfer,Yes,Yes,2,0
C102726,48.0,10,73.66,One year,Fiber,Card,No,Yes,1,1
C102727,56.0,3,77.03,Month-to-month,Fiber,Cash,Yes,Yes,1,0
C102728,49.0,42,68.71,Two year,Fiber,Cash,Yes,No,1,0
C102729,47.0,34,33.82,Month-to-month,DSL,UPI,Yes,Yes,1,0
C102730,77.0,70,15.41,Month-to-month,None,UPI,Yes,No,0,0
C102731,75.0,38,71.09,Two year,Fiber,Card,Yes,Yes,0,0
C102732,44.0,68,24.34,One year,None,Bank transfer,No,Yes,1,0
C102733,68.0,16,42.25,Two year,DSL,Card,No,No,0,0
C102734,62.0,33,12.82,Month-to-month,None,Cash,No,Yes,2,0
C102735,,11,10.03,Two year,None,Cash,No,Yes,0,0
C102736,,42,27.08,One year,None,Card,No,No,2,0
C102737,61.0,14,15.77,One year,None,Bank transfer,Yes,Yes,3,0
C102738,71.0,36,62.12,Two year,Fiber,UPI,Yes,Yes,1,0
C102739,66.0,25,55.2,Month-to-month,Fiber,UPI,Yes,Yes,1,1
C102740,75.0,14,81.26,One year,Fiber,Card,No,No,1,1
C102741,51.0,7,72.21,One year,Fiber,Bank transfer,No,No,3,1
C102742,21.0,37,24.36,One year,None,Card,No,No,2,0
C102743,35.0,69,,Two year,DSL,Cash,Yes,No,1,0
C102744,27.0,15,71.7,One year,Fiber,UPI,No,Yes,1,1
C102745,32.0,30,19.81,Month-to-month,None,UPI,No,Yes,0,1
C102746,53.0,17,34.44,Month-to-month,DSL,Cash,Yes,No,2,1
C102747,78.0,59,27.18,Two year,DSL,Bank transfer,Yes,Yes,2,0
C102748,65.0,30,20.88,Two year,DSL,UPI,Yes,No,1,0
C102749,45.0,71,87.97,Two year,Fiber,UPI,No,No,3,0
C102750,48.0,18,20.3,Month-to-month,None,UPI,No,No,1,0
C102751,50.0,6,31.5,Month-to-month,DSL,UPI,Yes,Yes,3,0
C102752,43.0,42,63.59,One year,Fiber,,No,Yes,1,0
C102753,55.0,47,78.4,One year,Fiber,Card,No,No,5,0
C102754,76.0,72,71.16,Month-to-month,Fiber,UPI,No,Yes,3,0
C102755,24.0,63,63.09,One year,Fiber,Bank transfer,No,Yes,3,1
C102756,40.0,64,17.57,Month-to-month,None,UPI,No,Yes,0,0
C102757,23.0,46,37.49,Month-to-month,DSL,Cash,Yes,Yes,0,0
C102758,70.0,26,31.91,Month-to-month,DSL,Card,Yes,No,2,0
C102759,30.0,31,76.52,Month-to-month,Fiber,Card,No,No,1,1
C102760,58.0,10,86.99,Month-to-month,Fiber,UPI,No,Yes,3,1
C102761,22.0,32,66.62,Two year,Fiber,UPI,Yes,Yes,0,0
C102762,47.0,27,32.72,One year,DSL,Cash,No,Yes,3,0
C102763,73.0,3,28.36,Two year,DSL,UPI,Yes,Yes,3,0
C102764,77.0,15,18.77,Month-to-month,None,Card,Yes,No,3,0
C102765,27.0,39,19.32,Month-to-month,DSL,UPI,No,No,0,0
C102766,59.0,27,78.79,Month-to-month,Fiber,UPI,No,Yes,0,0
C102767,32.0,72,,One year,Fiber,UPI,Yes,No,4,0
C102768,63.0,35,28.55,Month-to-month,DSL,Card,No,Yes,0,0
C102769,51.0,70,35.67,One year,DSL,UPI,No,Yes,3,0
C102770,67.0,48,81.02,Two year,Fiber,Cash,Yes,No,1,0
C102771,,3,63.17,Two year,Fiber,UPI,Yes,Yes,2,0
C102772,39.0,15,33.51,Month-to-month,DSL,Bank transfer,Yes,Yes,2,1
C102773,21.0,51,72.35,Month-to-month,Fiber,Card,Yes,No,1,0
C102774,37.0,40,29.63,Month-to-month,DSL,Bank transfer,Yes,Yes,1,0
C102775,31.0,22,34.04,Month-to-month,DSL,Card,Yes,Yes,0,1
C102776,25.0,38,22.28,One year,DSL,UPI,Yes,No,2,0
C102777,62.0,66,30.78,Month-to-month,DSL,UPI,No,Yes,1,0
C102778,73.0,28,79.84,One year,Fiber,Card,Yes,Yes,2,0
C102779,,4,26.53,Month-to-month,None,UPI,Yes,Yes,1,0
C102780,51.0,23,31.45,Two year,DSL,Card,No,No,0,0
C102781,54.0,68,61.9,Two year,Fiber,Cash,Yes,Yes,1,0
C102782,73.0,55,68.3,Month-to-month,Fiber,Card,Yes,No,1,0
C102783,19.0,61,58.29,Two year,Fiber,Cash,No,Yes,2,1
C102784,50.0,66,68.43,Month-to-month,Fiber,UPI,No,No,1,0
C102785,71.0,9,31.72,One year,DSL,Card,No,No,2,1
C102786,28.0,21,66.43,Two year,Fiber,UPI,No,No,1,0
C102787,53.0,5,33.87,Two year,DSL,Card,No,No,2,0
C102788,18.0,1,74.29,Two year,Fiber,Bank transfer,Yes,Yes,0,0
C102789,69.0,61,26.69,Month-to-month,DSL,Card,Yes,Yes,2,0
C102790,58.0,68,77.66,Two year,Fiber,Cash,No,Yes,4,0
C102791,77.0,12,79.0,One year,Fiber,Card,Yes,Yes,3,0
C102792,36.0,52,87.6,Month-to-month,Fiber,Card,No,Yes,0,0
C102793,63.0,39,37.37,Month-to-month,DSL,Card,Yes,No,0,0
C102794,65.0,5,81.78,One year,Fiber,Bank transfer,Yes,Yes,2,0
C102795,19.0,66,77.81,One year,Fiber,UPI,No,No,1,0
C102796,65.0,63,71.52,Month-to-month,Fiber,Cash,No,No,1,1
C102797,62.0,41,25.26,Two year,DSL,UPI,No,Yes,1,0
C102798,56.0,51,42.16,One year,DSL,Card,Yes,Yes,0,0
C102799,52.0,29,36.92,Month-to-month,DSL,Bank transfer,Yes,Yes,0,0
C102800,,58,84.3,Month-to-month,Fiber,UPI,No,Yes,2,1
C102801,24.0,33,75.92,One year,Fiber,Bank transfer,Yes,Yes,1,0
C102802,42.0,72,78.45,One year,Fiber,UPI,No,Yes,0,0
C102803,34.0,5,65.37,One year,Fiber,Bank transfer,No,No,2,0
C102804,70.0,13,71.96,Month-to-month,Fiber,Card,Yes,Yes,1,0
C102805,28.0,70,54.61,One year,Fiber,Cash,Yes,Yes,0,0
C102806,21.0,21,74.44,One year,Fiber,Card,No,Yes,2,0
C102807,75.0,23,79.74,Two year,Fiber,Bank transfer,Yes,Yes,1,0
C102808,42.0,57,46.14,Month-to-month,DSL,Card,Yes,Yes,1,0
C102809,67.0,14,17.16,One year,None,Bank transfer,No,No,1,0
C102810,32.0,37,10.0,Month-to-month,None,Cash,Yes,No,2,0
C102811,61.0,21,,Month-to-month,Fiber,Cash,No,Yes,1,0
C102812,75.0,15,19.38,One year,None,UPI,Yes,No,3,0
C102813,65.0,70,,One year,None,UPI,Yes,No,4,0
C102814,36.0,15,53.76,Month-to-month,Fiber,Bank transfer,No,Yes,0,1
C102815,55.0,7,69.16,One year,Fiber,UPI,Yes,No,1,0
C102816,69.0,49,61.7,Month-to-month,Fiber,UPI,No,No,0,0
C102817,71.0,63,46.57,Month-to-month,DSL,Card,Yes,Yes,3,0
C102818,36.0,10,16.32,Month-to-month,DSL,UPI,No,Yes,0,0
C102819,32.0,51,78.1,Month-to-month,Fiber,UPI,No,No,2,0
C102820,44.0,39,68.72,One year,Fiber,Bank transfer,No,Yes,2,0
C102821,33.0,60,18.62,Two year,DSL,Card,No,Yes,1,0
C102822,,10,83.42,One year,Fiber,UPI,Yes,No,1,0
C102823,54.0,71,80.8,Month-to-month,Fiber,Bank transfer,Yes,No,2,1
C102824,47.0,45,80.0,Month-to-month,Fiber,UPI,No,No,1,1
C102825,68.0,61,35.74,Month-to-month,DSL,Cash,No,Yes,1,0
C102826,31.0,27,64.63,One year,Fiber,Card,No,Yes,1,0
C102827,69.0,68,35.52,Month-to-month,DSL,UPI,No,No,0,0
C102828,52.0,46,39.37,Month-to-month,DSL,UPI,Yes,No,1,0
C102829,78.0,10,30.66,One year,DSL,UPI,Yes,No,1,0
C102830,,67,28.14,One year,DSL,Bank transfer,Yes,Yes,0,0
C102831,65.0,58,38.95,Month-to-month,DSL,Card,No,No,2,0
C102832,29.0,22,71.56,Month-to-month,Fiber,UPI,Yes,Yes,1,1
C102833,32.0,40,77.41,One year,Fiber,Card,Yes,Yes,1,1
C102834,52.0,28,47.18,Month-to-month,DSL,UPI,No,No,0,0
C102835,32.0,40,26.85,Month-to-month,None,Bank transfer,No,Yes,1,0
C102836,20.0,70,60.78,Two year,Fiber,Card,No,No,3,0
C102837,45.0,65,19.9,Month-to-month,None,UPI,No,Yes,2,1
C102838,34.0,16,73.1,Month-to-month,Fiber,UPI,No,No,2,1
C102839,58.0,70,41.47,Month-to-month,DSL,Bank transfer,Yes,Yes,1,0
C102840,53.0,32,26.86,Month-to-month,None,Card,No,Yes,2,0
C102841,49.0,51,19.54,Month-to-month,None,UPI,No,No,0,0
C102842,69.0,56,66.08,Month-to-month,Fiber,Bank transfer,No,No,4,0
C102843,22.0,35,78.07,One year,Fiber,UPI,No,No,0,1
C102844,66.0,33,73.02,Month-to-month,Fiber,Bank transfer,Yes,Yes,3,0
C102845,47.0,33,72.25,Two year,Fiber,UPI,No,No,4,0
C102846,61.0,63,64.36,Two year,Fiber,Cash,Yes,Yes,2,0
C102847,68.0,28,86.8,Month-to-month,Fiber,Card,Yes,Yes,3,1
C102848,36.0,21,36.99,Month-to-month,DSL,Card,No,Yes,1,1
C102849,32.0,27,34.31,One year,DSL,UPI,Yes,Yes,0,0
C102850,64.0,15,36.99,Two year,DSL,UPI,Yes,Yes,0,1
C102851,57.0,29,33.95,Two year,DSL,UPI,No,Yes,1,0
C102852,29.0,9,,Month-to-month,Fiber,Card,Yes,Yes,2,1
C102853,34.0,7,22.39,Month-to-month,None,Card,No,No,5,0
C102854,70.0,53,23.39,Month-to-month,DSL,Bank transfer,Yes,Yes,2,0
C102855,52.0,6,35.82,Two year,DSL,Card,No,No,0,0
C102856,74.0,41,22.25,One year,DSL,Bank transfer,No,No,1,0
C102857,61.0,57,52.77,Month-to-month,Fiber,UPI,No,Yes,1,0
C102858,30.0,53,74.9,One year,Fiber,Card,No,No,1,0
C102859,30.0,33,61.17,Month-to-month,Fiber,Bank transfer,No,Yes,3,1
C102860,77.0,14,23.47,One year,None,Cash,Yes,Yes,2,0
C102861,63.0,68,21.35,Month-to-month,None,Bank transfer,Yes,No,1,0
C102862,54.0,61,21.17,One year,None,Card,No,No,1,0
C102863,59.0,45,,One year,None,UPI,No,Yes,2,0
C102864,43.0,7,68.95,One year,Fiber,Cash,No,No,5,1
C102865,37.0,3,64.75,Month-to-month,Fiber,UPI,No,No,0,1
C102866,69.0,23,77.56,Two year,Fiber,Card,No,Yes,1,0
C102867,,12,66.14,One year,Fiber,Card,Yes,Yes,3,0
C102868,74.0,62,33.01,Month-to-month,DSL,Bank transfer,Yes,No,1,0
C102869,66.0,15,40.96,Month-to-month,DSL,Bank transfer,No,No,4,1
C102870,72.0,21,30.03,One year,DSL,Cash,No,No,2,0
C102871,50.0,71,55.67,Month-to-month,Fiber,,No,No,1,0
C102872,37.0,59,61.51,Month-to-month,Fiber,UPI,No,Yes,0,0
C102873,23.0,16,43.45,Month-to-month,DSL,UPI,Yes,Yes,2,0
C102874,37.0,28,70.66,Month-to-month,Fiber,Card,No,No,1,1
C102875,45.0,38,72.34,Month-to-month,Fiber,Card,No,No,1,1
C102876,23.0,48,72.37,One year,Fiber,Card,No,Yes,0,0
C102877,38.0,68,49.31,Month-to-month,DSL,Cash,No,No,2,0
C102878,75.0,63,18.4,One year,DSL,Card,No,Yes,2,0
C102879,34.0,71,68.98,Month-to-month,Fiber,UPI,No,Yes,1,0
C102880,42.0,3,70.24,Month-to-month,Fiber,UPI,Yes,No,0,0
C102881,57.0,18,19.84,Month-to-month,None,UPI,Yes,Yes,1,0
C102882,72.0,41,76.4,One year,Fiber,UPI,Yes,Yes,0,0
C102883,75.0,4,26.6,Two year,None,Card,No,Yes,1,0
C102884,68.0,26,33.27,Month-to-month,DSL,UPI,No,Yes,3,0
C102885,27.0,12,56.48,Month-to-month,Fiber,UPI,No,No,1,0
C102886,24.0,68,40.07,Month-to-month,None,Bank transfer,No,Yes,0,0
C102887,63.0,5,34.95,Month-to-month,DSL,Bank transfer,Yes,Yes,0,0
C102888,72.0,11,70.7,Two year,Fiber,Bank transfer,No,No,0,0
C102889,56.0,15,45.1,Month-to-month,DSL,UPI,Yes,No,2,0
C102890,74.0,11,66.85,Two year,Fiber,Card,No,No,1,1
C102891,59.0,41,45.33,One year,DSL,UPI,Yes,No,3,0
C102892,,27,67.55,Month-to-month,Fiber,Cash,No,No,3,1
C102893,70.0,66,84.63,Two year,Fiber,Card,No,No,1,0
C102894,64.0,19,38.64,Month-to-month,DSL,Card,No,Yes,1,0
C102895,41.0,39,29.6,One year,DSL,,No,Yes,3,0
C102896,54.0,48,52.44,Month-to-month,DSL,Cash,No,Yes,4,0
C102897,53.0,46,39.82,Two year,DSL,Card,No,No,2,0
C102898,24.0,58,65.13,Month-to-month,Fiber,Bank transfer,Yes,No,0,0
C102899,35.0,15,10.0,Month-to-month,None,UPI,Yes,No,3,0
C102900,32.0,37,40.58,Two year,DSL,UPI,Yes,No,1,0
C102901,35.0,58,81.07,Month-to-month,Fiber,UPI,Yes,No,2,1
C102902,50.0,63,73.1,Month-to-month,Fiber,Cash,Yes,Yes,2,0
C102903,49.0,45,37.64,One year,DSL,Card,No,Yes,1,0
C102904,71.0,47,47.47,Month-to-month,DSL,Bank transfer,No,Yes,1,0
C102905,18.0,63,74.79,Two year,Fiber,Card,Yes,Yes,0,0
C102906,69.0,45,64.74,One year,Fiber,UPI,No,No,0,0
C102907,33.0,69,15.08,One year,None,Bank transfer,No,Yes,2,0
C102908,39.0,10,74.44,Month-to-month,Fiber,Bank transfer,Yes,Yes,0,0
C102909,27.0,26,74.02,Month-to-month,Fiber,Cash,No,No,3,1
C102910,18.0,9,28.7,Two year,None,Bank transfer,No,Yes,2,0
C102911,25.0,7,22.95,Month-to-month,None,Bank transfer,No,Yes,0,0
C102912,31.0,34,25.44,Month-to-month,None,Card,No,Yes,2,0
C102913,41.0,17,37.78,Month-to-month,DSL,Cash,Yes,Yes,0,0
C102914,37.0,30,27.71,Month-to-month,None,UPI,Yes,No,2,0
C102915,24.0,32,25.97,One year,None,UPI,No,Yes,1,0
C102916,38.0,45,67.93,One year,Fiber,UPI,Yes,Yes,1,0
C102917,27.0,69,68.49,One year,Fiber,UPI,No,Yes,2,0
C102918,60.0,62,22.59,Two year,None,UPI,Yes,Yes,2,0
C102919,59.0,28,70.9,Month-to-month,Fiber,UPI,No,Yes,2,1
C102920,21.0,24,80.51,Month-to-month,Fiber,,Yes,Yes,4,1
C102921,58.0,56,71.7,Month-to-month,Fiber,Cash,No,No,1,1
C102922,74.0,9,58.61,One year,Fiber,Cash,No,Yes,2,1
C102923,76.0,39,60.54,Month-to-month,Fiber,UPI,No,No,3,1
C102924,21.0,31,33.09,One year,DSL,Cash,Yes,No,1,0
C102925,75.0,14,40.77,Month-to-month,DSL,UPI,No,Yes,0,1
C102926,43.0,45,64.2,Two year,Fiber,UPI,No,Yes,0,0
C102927,72.0,24,75.21,Two year,Fiber,Cash,No,No,2,0
C102928,30.0,14,63.86,Two year,Fiber,UPI,No,Yes,0,0
C102929,60.0,48,21.27,Month-to-month,None,Bank transfer,No,No,2,0
C102930,67.0,13,73.32,Two year,Fiber,UPI,No,Yes,4,0
C102931,34.0,49,60.85,Month-to-month,Fiber,UPI,No,Yes,0,0
C102932,63.0,12,38.17,Month-to-month,DSL,Card,No,No,0,0
C102933,29.0,32,82.92,Month-to-month,Fiber,Cash,No,No,2,1
C102934,61.0,59,,Month-to-month,None,Card,Yes,Yes,0,0
C102935,76.0,17,70.61,One year,Fiber,UPI,No,No,1,0
C102936,36.0,56,22.03,Month-to-month,None,Card,No,Yes,1,1
C102937,77.0,52,20.73,Month-to-month,None,UPI,Yes,Yes,1,1
C102938,59.0,65,70.19,One year,Fiber,UPI,No,No,2,0
C102939,49.0,13,69.57,Two year,Fiber,Bank transfer,Yes,Yes,0,0
C102940,38.0,52,57.46,One year,Fiber,UPI,No,Yes,2,0
C102941,52.0,68,73.62,One year,Fiber,Card,No,Yes,0,0
C102942,79.0,55,26.4,Month-to-month,DSL,Card,Yes,No,2,0
C102943,18.0,14,38.01,Two year,DSL,Card,Yes,Yes,0,0
C102944,71.0,60,40.61,Month-to-month,DSL,Bank transfer,No,No,1,0
C102945,27.0,8,73.26,Month-to-month,Fiber,Bank transfer,Yes,No,1,0
C102946,72.0,43,27.93,Month-to-month,DSL,UPI,Yes,No,1,0
C102947,51.0,36,72.52,One year,Fiber,UPI,No,Yes,1,0
C102948,73.0,39,68.29,Month-to-month,Fiber,Card,Yes,Yes,3,0
C102949,29.0,38,65.28,One year,Fiber,Cash,No,No,1,0
C102950,20.0,3,36.51,Month-to-month,None,Cash,Yes,Yes,2,1
C102951,47.0,37,62.81,Month-to-month,Fiber,Bank transfer,Yes,Yes,0,0
C102952,66.0,68,38.96,Month-to-month,DSL,,Yes,Yes,2,0
C102953,67.0,32,32.21,Month-to-month,None,UPI,No,No,0,0
C102954,65.0,20,23.06,Month-to-month,None,Cash,No,No,2,1
C102955,67.0,72,65.08,One year,Fiber,Card,Yes,Yes,3,1
C102956,66.0,8,65.59,Month-to-month,Fiber,Bank transfer,No,Yes,2,1
C102957,71.0,36,23.82,Month-to-month,DSL,Cash,No,No,0,0
C102958,28.0,37,70.75,One year,Fiber,Bank transfer,No,Yes,3,0
C102959,32.0,35,36.04,Month-to-month,DSL,UPI,Yes,No,3,0
C102960,18.0,67,67.99,Month-to-month,Fiber,UPI,Yes,Yes,1,0
C102961,44.0,31,46.39,Month-to-month,DSL,Cash,No,Yes,2,0
C102962,34.0,71,69.7,Month-to-month,Fiber,UPI,No,Yes,3,0
C102963,56.0,5,22.6,Month-to-month,DSL,Cash,No,Yes,3,1
C102964,52.0,53,47.13,One year,DSL,,No,Yes,1,0
C102965,54.0,43,25.81,Month-to-month,DSL,Bank transfer,No,No,0,0
C102966,58.0,18,74.38,One year,Fiber,Cash,No,Yes,1,0
C102967,79.0,17,40.43,Month-to-month,DSL,UPI,No,No,1,1
C102968,24.0,52,69.69,One year,Fiber,UPI,No,Yes,1,0
C102969,35.0,46,42.8,One year,DSL,Card,Yes,Yes,0,0
C102970,43.0,45,70.95,Month-to-month,Fiber,Bank transfer,No,Yes,0,0
C102971,22.0,4,32.46,Month-to-month,DSL,UPI,Yes,Yes,1,0
C102972,68.0,44,10.0,Month-to-month,None,Card,No,Yes,0,0
C102973,42.0,71,21.49,Two year,DSL,Cash,No,No,2,0
C102974,28.0,2,57.37,Two year,DSL,Cash,No,Yes,4,1
C102975,50.0,34,41.23,Month-to-month,DSL,Cash,Yes,Yes,3,1
C102976,29.0,36,45.4,One year,DSL,UPI,No,Yes,2,0
C102977,42.0,65,90.47,Month-to-month,Fiber,Cash,Yes,No,1,0
C102978,,21,32.48,Month-to-month,DSL,Cash,Yes,Yes,3,0
C102979,,35,19.26,One year,None,Card,No,Yes,2,0
C102980,69.0,52,57.19,Month-to-month,Fiber,Cash,Yes,Yes,0,1
C102981,33.0,5,33.07,Month-to-month,DSL,UPI,No,Yes,3,1
C102982,25.0,58,67.86,Two year,Fiber,Cash,No,Yes,1,0
C102983,44.0,60,,Month-to-month,DSL,Bank transfer,No,No,1,0
C102984,29.0,52,43.8,One year,DSL,UPI,No,No,2,0
C102985,60.0,47,41.11,Month-to-month,DSL,UPI,Yes,Yes,3,0
C102986,50.0,54,42.75,Month-to-month,DSL,Card,No,Yes,2,0
C102987,27.0,57,25.63,Month-to-month,DSL,Card,Yes,Yes,2,0
C102988,38.0,66,20.62,Two year,None,Bank transfer,No,No,0,0
C102989,71.0,31,73.14,Month-to-month,Fiber,Cash,No,No,0,0
C102990,68.0,33,35.33,Month-to-month,None,Card,No,Yes,0,0
C102991,57.0,46,36.32,One year,DSL,Card,No,No,2,0
C102992,73.0,14,19.08,Two year,None,Bank transfer,No,Yes,1,0
C102993,24.0,62,79.08,Two year,Fiber,Card,No,Yes,1,0
C102994,63.0,56,33.32,One year,DSL,Card,No,No,1,0
C102995,19.0,46,24.15,Month-to-month,None,Card,Yes,No,0,0
C102996,55.0,22,38.91,One year,DSL,UPI,Yes,Yes,2,0
C102997,21.0,26,66.23,Two year,Fiber,UPI,No,No,1,0
C102998,39.0,32,14.86,Two year,None,,Yes,No,5,0
C102999,23.0,48,69.75,Two year,Fiber,UPI,No,Yes,1,0
C103000,33.0,57,66.54,Month-to-month,Fiber,Card,No,Yes,3,1
C103001,57.0,49,58.01,Month-to-month,Fiber,Bank transfer,No,Yes,2,0
C103002,66.0,67,40.77,One year,DSL,Cash,Yes,No,0,0
C103003,76.0,70,24.56,Month-to-month,None,UPI,Yes,Yes,1,0
C103004,79.0,51,29.06,Month-to-month,DSL,Cash,Yes,Yes,0,0
C103005,26.0,27,28.28,Month-to-month,DSL,Bank transfer,Yes,Yes,5,0
C103006,75.0,44,38.91,One year,DSL,Cash,Yes,Yes,3,0
C103007,35.0,31,34.02,Two year,None,UPI,No,No,0,0
C103008,72.0,46,78.17,One year,Fiber,Card,Yes,Yes,1,0
C103009,71.0,59,79.61,Two year,Fiber,Card,No,No,0,0
C103010,74.0,27,17.56,One year,None,Bank transfer,No,No,1,0
C103011,49.0,37,38.32,One year,DSL,Cash,Yes,Yes,0,1
C103012,64.0,4,18.94,Month-to-month,None,UPI,No,No,1,0
C103013,44.0,54,29.19,One year,DSL,Card,Yes,Yes,3,0
C103014,22.0,36,71.57,Month-to-month,Fiber,Card,No,Yes,1,1
C103015,47.0,34,28.06,Month-to-month,DSL,UPI,No,No,2,1
C103016,30.0,39,14.04,Month-to-month,None,Cash,No,Yes,1,0
C103017,24.0,16,16.44,Two year,None,UPI,Yes,Yes,2,0
C103018,26.0,44,67.29,One year,Fiber,Bank transfer,Yes,Yes,1,1
C103019,31.0,54,34.76,Two year,DSL,UPI,Yes,Yes,0,0
C103020,67.0,26,18.47,Two year,DSL,Cash,No,No,1,0
C103021,77.0,10,62.54,Two year,Fiber,Bank transfer,Yes,Yes,2,1
C103022,70.0,28,47.57,Month-to-month,DSL,Card,No,Yes,1,0
C103023,57.0,15,34.93,Two year,DSL,Bank transfer,Yes,No,0,0
C103024,72.0,27,74.49,Two year,Fiber,Bank transfer,Yes,Yes,5,0
C103025,35.0,46,73.33,Two year,Fiber,Cash,No,No,0,0
C103026,74.0,9,19.13,Month-to-month,None,UPI,Yes,No,2,0
C103027,76.0,54,62.94,Month-to-month,Fiber,Card,No,No,0,1
C103028,27.0,17,30.6,Two year,DSL,,No,Yes,1,0
C103029,42.0,65,85.67,Month-to-month,Fiber,Bank transfer,No,No,0,1
C103030,35.0,53,30.73,Month-to-month,DSL,Card,No,No,2,0
C103031,26.0,20,83.77,Month-to-month,Fiber,,Yes,No,1,1
C103032,28.0,41,66.68,Month-to-month,Fiber,Card,No,No,2,0
C103033,77.0,8,32.45,Month-to-month,DSL,Cash,No,Yes,2,1
C103034,29.0,8,35.61,Two year,DSL,UPI,No,Yes,3,0
C103035,59.0,69,18.59,Two year,None,Card,Yes,No,1,0
C103036,72.0,58,62.49,Two year,Fiber,UPI,Yes,Yes,1,0
C103037,64.0,12,69.89,Month-to-month,Fiber,UPI,No,Yes,4,0
C103038,46.0,21,58.22,Month-to-month,Fiber,Cash,No,Yes,0,1
C103039,19.0,15,72.92,Month-to-month,Fiber,UPI,Yes,No,2,1
C103040,43.0,29,36.8,Month-to-month,DSL,Card,Yes,No,0,0
C103041,35.0,21,25.83,Month-to-month,None,Cash,Yes,No,2,0
C103042,71.0,24,16.03,One year,None,UPI,No,Yes,3,0
C103043,76.0,39,40.91,Two year,DSL,Card,Yes,Yes,0,0
C103044,32.0,14,38.45,Month-to-month,DSL,Cash,No,Yes,1,1
C103045,27.0,64,71.02,Month-to-month,Fiber,Card,Yes,No,1,0
C103046,68.0,53,85.82,Month-to-month,Fiber,Card,No,Yes,1,0
C103047,72.0,55,73.77,Month-to-month,Fiber,UPI,Yes,No,1,0
C103048,78.0,13,,Month-to-month,Fiber,UPI,Yes,Yes,2,1
C103049,65.0,51,82.29,Month-to-month,Fiber,UPI,Yes,No,2,0
C103050,46.0,61,74.08,Month-to-month,Fiber,Cash,Yes,Yes,2,0
C103051,41.0,13,49.23,Month-to-month,DSL,Card,No,No,3,0
C103052,21.0,55,20.16,Two year,DSL,Cash,No,No,1,0
C103053,72.0,26,,Month-to-month,Fiber,Card,Yes,No,1,0
C103054,79.0,57,17.62,Month-to-month,None,Card,No,No,3,0
C103055,75.0,35,54.89,Month-to-month,Fiber,Card,Yes,Yes,0,0
C103056,53.0,58,71.33,Month-to-month,Fiber,Card,Yes,No,2,0
C103057,71.0,11,17.03,One year,None,UPI,Yes,No,2,0
C103058,18.0,29,54.01,Two year,Fiber,Cash,No,Yes,2,0
C103059,43.0,20,63.87,Two year,Fiber,Bank transfer,No,Yes,2,1
C103060,24.0,18,46.09,One year,DSL,Bank transfer,Yes,Yes,0,0
C103061,54.0,23,77.27,Month-to-month,Fiber,Card,No,No,0,0
C103062,18.0,28,64.31,Month-to-month,Fiber,Cash,Yes,No,0,0
C103063,36.0,10,64.07,Month-to-month,Fiber,UPI,Yes,Yes,2,1
C103064,44.0,51,41.89,Month-to-month,DSL,Bank transfer,No,No,1,0
C103065,26.0,40,54.28,Two year,Fiber,Bank transfer,No,Yes,1,0
C103066,,60,39.75,Month-to-month,DSL,Card,No,Yes,1,0
C103067,73.0,51,10.0,Month-to-month,None,UPI,Yes,No,2,0
C103068,34.0,11,48.14,Month-to-month,DSL,,Yes,Yes,1,0
C103069,78.0,6,75.27,Month-to-month,Fiber,Card,No,Yes,0,1
C103070,40.0,31,55.25,Two year,Fiber,Bank transfer,No,Yes,2,0
C103071,21.0,35,31.96,Month-to-month,DSL,Cash,No,Yes,4,1
C103072,24.0,18,72.54,Month-to-month,Fiber,UPI,Yes,Yes,4,1
C103073,60.0,57,19.1,Month-to-month,DSL,UPI,No,Yes,1,0
C103074,18.0,42,69.65,Two year,Fiber,UPI,Yes,Yes,2,1
C103075,76.0,54,23.85,Month-to-month,None,Bank transfer,No,No,1,0
C103076,33.0,8,53.45,One year,Fiber,UPI,No,Yes,0,0
C103077,55.0,59,25.97,Month-to-month,None,UPI,Yes,No,3,1
C103078,45.0,15,34.0,Month-to-month,DSL,Card,No,No,0,0
C103079,20.0,33,77.33,Two year,Fiber,Cash,No,Yes,1,0
C103080,61.0,32,18.12,Month-to-month,None,Cash,No,Yes,0,0
C103081,18.0,60,11.54,Month-to-month,None,UPI,No,Yes,0,0
C103082,67.0,20,25.76,One year,DSL,Cash,No,No,1,1
C103083,49.0,18,67.5,Month-to-month,Fiber,Bank transfer,Yes,No,2,0
C103084,36.0,25,18.49,Month-to-month,None,Cash,Yes,Yes,3,0
C103085,76.0,26,78.51,Two year,Fiber,Card,No,Yes,1,0
C103086,30.0,14,67.77,Month-to-month,Fiber,Card,Yes,Yes,4,1
C103087,35.0,13,22.52,Month-to-month,DSL,Cash,No,No,1,0
C103088,58.0,17,31.34,Month-to-month,DSL,UPI,Yes,Yes,1,1
C103089,39.0,34,57.81,One year,Fiber,UPI,Yes,Yes,2,0
C103090,48.0,25,72.8,Month-to-month,Fiber,Bank transfer,Yes,No,0,1
C103091,67.0,29,39.64,Month-to-month,DSL,UPI,No,No,1,0
C103092,74.0,52,41.0,One year,DSL,UPI,No,Yes,0,0
C103093,,18,67.58,One year,Fiber,UPI,No,Yes,1,1
C103094,22.0,66,64.4,Two year,Fiber,UPI,Yes,Yes,1,0
C103095,76.0,55,65.91,Month-to-month,Fiber,Card,No,No,2,0
C103096,44.0,13,69.27,Month-to-month,Fiber,Card,No,Yes,1,1
C103097,69.0,23,30.93,Month-to-month,DSL,UPI,Yes,Yes,1,0
C103098,35.0,14,32.88,One year,None,Bank transfer,No,Yes,0,0
C103099,54.0,20,67.07,Month-to-month,Fiber,UPI,No,No,2,1
C103100,77.0,27,34.18,One year,DSL,UPI,Yes,No,1,0
C103101,76.0,10,63.99,Month-to-month,Fiber,Bank transfer,Yes,No,1,0
C103102,58.0,2,,Two year,Fiber,Card,No,No,1,0
C103103,56.0,32,59.82,Two year,Fiber,UPI,No,No,0,1
C103104,19.0,51,61.77,Month-to-month,Fiber,Card,No,No,4,1
C103105,55.0,22,84.98,Two year,Fiber,Bank transfer,No,Yes,0,0
C103106,44.0,62,74.35,Two year,Fiber,Card,Yes,Yes,1,0
C103107,18.0,27,32.29,Month-to-month,DSL,UPI,Yes,No,1,0
C103108,76.0,65,29.75,Month-to-month,DSL,UPI,No,No,0,0
C103109,46.0,17,44.88,One year,DSL,Bank transfer,Yes,No,0,1
C103110,65.0,39,63.31,Month-to-month,Fiber,Bank transfer,Yes,Yes,1,0
C103111,20.0,55,56.37,Month-to-month,Fiber,Cash,Yes,No,4,1
C103112,33.0,5,73.8,Month-to-month,Fiber,Bank transfer,No,Yes,1,0
C103113,73.0,67,27.59,Two year,DSL,UPI,Yes,Yes,2,0
C103114,76.0,27,59.73,Month-to-month,Fiber,Card,Yes,Yes,1,0
C103115,18.0,36,26.26,One year,DSL,Card,No,Yes,4,0
C103116,73.0,46,73.32,Month-to-month,Fiber,Card,Yes,Yes,1,1
C103117,37.0,47,69.17,Month-to-month,Fiber,Card,No,Yes,4,1
C103118,31.0,2,27.12,Two year,DSL,UPI,Yes,Yes,0,1
C103119,79.0,63,38.76,Month-to-month,DSL,,No,No,1,0
C103120,51.0,45,63.38,Month-to-month,Fiber,Bank transfer,Yes,No,1,1
C103121,67.0,72,56.91,Month-to-month,Fiber,UPI,Yes,No,2,0
C103122,26.0,34,24.54,One year,DSL,UPI,Yes,No,0,0
C103123,64.0,45,20.18,Month-to-month,None,Card,No,No,0,0
C103124,40.0,32,13.73,Month-to-month,None,UPI,No,No,2,0
C103125,62.0,65,20.84,Month-to-month,None,UPI,Yes,Yes,2,0
C103126,58.0,60,43.9,Month-to-month,DSL,UPI,Yes,Yes,1,0
C103127,21.0,66,64.96,Month-to-month,Fiber,Card,Yes,No,1,0
C103128,72.0,37,56.33,Month-to-month,DSL,Cash,Yes,Yes,0,0
C103129,35.0,57,22.21,Month-to-month,None,UPI,Yes,No,2,0
C103130,,26,68.59,Month-to-month,Fiber,UPI,No,Yes,2,1
C103131,67.0,34,24.32,One year,DSL,,Yes,Yes,2,0
C103132,72.0,55,32.21,One year,DSL,Card,No,Yes,2,0
C103133,73.0,6,18.01,Month-to-month,None,UPI,Yes,No,1,0
C103134,46.0,52,26.08,Month-to-month,None,Cash,No,Yes,0,0
C103135,39.0,2,,Month-to-month,Fiber,Card,No,Yes,3,1
C103136,68.0,42,73.46,Two year,Fiber,UPI,Yes,No,1,0
C103137,34.0,35,70.34,Month-to-month,Fiber,Cash,No,Yes,2,1
C103138,57.0,34,27.8,Month-to-month,None,UPI,Yes,Yes,0,0
C103139,32.0,36,78.43,Month-to-month,Fiber,UPI,No,No,1,1
C103140,31.0,36,72.67,Month-to-month,Fiber,UPI,No,Yes,0,0
C103141,51.0,30,76.12,Month-to-month,Fiber,,No,No,3,1
C103142,71.0,33,28.99,Month-to-month,None,,No,Yes,2,0
C103143,36.0,41,39.3,One year,DSL,Card,Yes,No,1,0
C103144,63.0,55,72.22,One year,Fiber,Bank transfer,No,No,3,0
C103145,19.0,40,38.27,One year,DSL,Card,No,No,2,1
C103146,61.0,47,82.89,One year,Fiber,Bank transfer,Yes,No,2,0
C103147,42.0,61,70.9,Month-to-month,Fiber,Bank transfer,No,No,3,1
C103148,22.0,72,40.83,Two year,DSL,Bank transfer,Yes,Yes,1,0
C103149,,8,64.59,One year,Fiber,Cash,No,Yes,0,0
C103150,,52,47.01,Two year,DSL,Bank transfer,Yes,Yes,0,0
C103151,57.0,17,23.6,One year,None,Card,Yes,Yes,1,0
C103152,20.0,15,17.24,Month-to-month,None,Card,No,Yes,0,1
C103153,39.0,58,69.44,Month-to-month,Fiber,UPI,No,No,2,1
C103154,32.0,5,68.25,Month-to-month,Fiber,UPI,Yes,Yes,3,1
C103155,37.0,62,35.04,Month-to-month,DSL,UPI,Yes,Yes,3,0
C103156,18.0,56,21.68,Month-to-month,None,Bank transfer,No,Yes,0,0
C103157,35.0,72,68.43,Month-to-month,Fiber,Bank transfer,Yes,Yes,2,1
C103158,23.0,49,22.3,Month-to-month,DSL,Cash,No,Yes,1,0
C103159,56.0,63,34.2,Two year,None,UPI,No,No,4,0
C103160,46.0,9,37.13,One year,DSL,Bank transfer,Yes,Yes,4,0
C103161,35.0,65,72.17,One year,Fiber,Bank transfer,Yes,No,0,0
C103162,56.0,12,34.62,Month-to-month,DSL,,Yes,Yes,0,0
C103163,74.0,23,77.26,One year,Fiber,Bank transfer,Yes,Yes,1,0
C103164,51.0,10,35.39,Two year,DSL,Card,No,Yes,3,0
C103165,35.0,29,,One year,DSL,Card,Yes,Yes,1,0
C103166,42.0,54,68.02,One year,Fiber,Cash,No,Yes,2,1
C103167,67.0,20,30.01,Month-to-month,None,Bank transfer,No,Yes,1,1
C103168,24.0,60,36.62,Month-to-month,DSL,Bank transfer,Yes,No,0,0
C103169,37.0,44,69.72,One year,Fiber,Bank transfer,No,No,0,0
C103170,47.0,46,66.52,Two year,Fiber,Bank transfer,Yes,Yes,2,0
C103171,57.0,68,17.44,Month-to-month,None,Bank transfer,Yes,No,2,0
C103172,53.0,32,43.65,Month-to-month,DSL,,No,No,3,1
C103173,61.0,25,62.67,Month-to-month,Fiber,Cash,Yes,Yes,1,1
C103174,76.0,72,25.36,Month-to-month,None,UPI,Yes,Yes,1,0
C103175,28.0,41,40.65,Two year,DSL,Card,Yes,Yes,1,0
C103176,47.0,45,71.73,One year,Fiber,Card,Yes,No,0,0
C103177,41.0,22,18.48,Month-to-month,None,UPI,No,Yes,0,0
C103178,23.0,16,,Month-to-month,DSL,Bank transfer,No,Yes,2,0
C103179,25.0,13,75.31,Month-to-month,Fiber,Bank transfer,No,Yes,3,1
C103180,56.0,17,22.24,Month-to-month,DSL,UPI,No,Yes,0,0
C103181,49.0,15,21.33,Month-to-month,None,UPI,No,Yes,3,0
C103182,36.0,54,20.42,Two year,None,UPI,Yes,Yes,3,0
C103183,74.0,5,76.14,One year,Fiber,Bank transfer,No,No,0,1
C103184,37.0,46,62.83,Month-to-month,Fiber,UPI,Yes,Yes,1,0
C103185,54.0,69,62.44,One year,Fiber,Card,Yes,Yes,2,0
C103186,79.0,56,39.28,One year,DSL,UPI,No,Yes,0,0
C103187,61.0,30,33.63,Month-to-month,DSL,UPI,No,Yes,3,1
C103188,63.0,5,18.86,One year,DSL,UPI,No,No,0,0
C103189,35.0,61,34.95,One year,DSL,Bank transfer,Yes,No,3,0
C103190,74.0,1,84.46,Two year,Fiber,Cash,No,No,0,0
C103191,47.0,50,39.39,Month-to-month,DSL,Card,Yes,Yes,1,0
C103192,36.0,49,25.52,Month-to-month,DSL,Card,Yes,No,2,0
C103193,63.0,14,73.76,Month-to-month,Fiber,UPI,No,No,2,1
C103194,50.0,54,42.86,Month-to-month,DSL,Card,No,Yes,0,0
C103195,26.0,13,21.2,Month-to-month,DSL,UPI,No,No,2,1
C103196,19.0,17,32.7,One year,DSL,Card,No,No,0,0
C103197,25.0,59,45.4,Month-to-month,DSL,Card,No,No,1,0
C103198,27.0,71,57.81,Month-to-month,Fiber,Bank transfer,Yes,Yes,0,0
C103199,31.0,20,,Two year,Fiber,Card,Yes,Yes,5,0
C103200,39.0,67,18.28,Month-to-month,None,Bank transfer,No,No,1,0
C103201,32.0,66,66.68,Month-to-month,Fiber,UPI,No,Yes,3,1
C103202,73.0,56,81.01,One year,Fiber,UPI,No,No,0,0
C103203,77.0,11,29.78,Month-to-month,None,Card,Yes,Yes,0,0
C103204,78.0,22,67.58,Month-to-month,Fiber,Card,Yes,Yes,2,0
C103205,27.0,49,61.86,One year,Fiber,UPI,No,No,2,0
C103206,,72,80.18,Month-to-month,Fiber,Bank transfer,No,Yes,0,0
C103207,24.0,59,41.2,Month-to-month,DSL,,No,Yes,0,0
C103208,61.0,31,34.87,Month-to-month,DSL,Card,Yes,No,2,0
C103209,26.0,17,40.24,Two year,DSL,Card,Yes,No,1,0
C103210,35.0,70,75.18,Month-to-month,Fiber,Card,No,Yes,1,0
C103211,30.0,20,28.0,One year,DSL,Bank transfer,No,Yes,1,0
C103212,47.0,25,65.25,Month-to-month,Fiber,Card,Yes,No,1,0
C103213,40.0,70,20.05,One year,None,Card,Yes,Yes,3,0
C103214,51.0,41,54.53,Month-to-month,Fiber,Cash,No,No,2,0
C103215,30.0,20,32.26,Month-to-month,DSL,Cash,Yes,No,0,1
C103216,49.0,1,63.66,Month-to-month,Fiber,Bank transfer,Yes,Yes,2,0
C103217,23.0,31,36.37,One year,DSL,Card,No,Yes,0,0
C103218,20.0,71,10.99,Month-to-month,None,UPI,Yes,Yes,0,0
C103219,26.0,32,73.44,Month-to-month,Fiber,Card,No,Yes,1,0
C103220,34.0,51,71.78,Month-to-month,Fiber,Bank transfer,Yes,No,0,0
C103221,66.0,19,69.19,Month-to-month,Fiber,,No,No,0,1
C103222,38.0,56,73.75,One year,Fiber,Card,No,No,2,0
C103223,50.0,56,74.74,Month-to-month,Fiber,Cash,No,Yes,1,1
C103224,60.0,44,33.1,Month-to-month,DSL,UPI,No,No,0,0
C103225,64.0,56,35.28,Month-to-month,DSL,Bank transfer,No,No,1,0
C103226,54.0,42,,Month-to-month,DSL,Card,Yes,Yes,4,0
C103227,28.0,28,64.48,Month-to-month,Fiber,UPI,No,No,4,1
C103228,59.0,54,32.64,Month-to-month,None,Card,Yes,Yes,1,0
C103229,36.0,61,68.38,Month-to-month,Fiber,Bank transfer,No,Yes,2,0
C103230,54.0,61,69.91,Two year,Fiber,Card,Yes,No,1,0
C103231,78.0,16,19.38,Month-to-month,None,UPI,No,Yes,2,0
C103232,22.0,49,37.97,Two year,DSL,Bank transfer,No,Yes,0,0
C103233,23.0,1,30.65,Month-to-month,DSL,Bank transfer,No,Yes,0,1
C103234,33.0,42,16.42,Month-to-month,None,UPI,Yes,No,1,0
C103235,45.0,42,27.5,Month-to-month,None,Bank transfer,No,Yes,3,0
C103236,47.0,27,58.1,Month-to-month,Fiber,Bank transfer,No,No,1,0
C103237,36.0,72,36.5,One year,DSL,UPI,No,No,4,0
C103238,73.0,64,,Two year,None,UPI,No,Yes,2,0
C103239,18.0,3,53.93,One year,Fiber,Card,Yes,Yes,2,0
C103240,51.0,16,69.35,One year,Fiber,UPI,No,Yes,1,0
C103241,52.0,15,25.76,Month-to-month,DSL,Card,Yes,Yes,0,0
C103242,65.0,65,59.33,Month-to-month,Fiber,UPI,Yes,Yes,4,0
C103243,52.0,38,40.77,One year,None,UPI,Yes,No,3,0
C103244,26.0,53,24.34,Month-to-month,None,Card,No,No,1,0
C103245,37.0,59,74.53,Month-to-month,Fiber,Bank transfer,No,Yes,0,0
C103246,28.0,56,69.57,Two year,Fiber,Bank transfer,No,Yes,1,0
C103247,47.0,7,60.45,Two year,Fiber,UPI,No,Yes,2,0
C103248,74.0,11,68.68,One year,Fiber,Cash,No,Yes,4,1
C103249,42.0,29,67.16,Month-to-month,Fiber,Card,Yes,Yes,0,1
C103250,40.0,25,19.61,Two year,DSL,Card,No,No,2,0
C103251,46.0,54,49.33,Month-to-month,DSL,Card,No,Yes,2,0
C103252,28.0,12,69.28,Month-to-month,Fiber,UPI,No,Yes,1,1
C103253,70.0,27,28.34,Month-to-month,DSL,Card,No,No,1,0
C103254,59.0,18,35.99,Two year,DSL,Cash,No,Yes,1,0
C103255,62.0,14,10.0,Two year,None,UPI,No,No,1,0
C103256,39.0,13,62.5,One year,Fiber,UPI,Yes,No,0,0
C103257,35.0,15,47.29,Month-to-month,DSL,UPI,No,Yes,2,1
C103258,47.0,41,,Month-to-month,DSL,UPI,Yes,Yes,2,0
C103259,32.0,30,69.85,Month-to-month,Fiber,Bank transfer,Yes,No,0,0
C103260,19.0,32,70.83,Two year,Fiber,Bank transfer,No,Yes,1,0
C103261,62.0,35,68.61,Month-to-month,Fiber,Bank transfer,No,Yes,5,0
C103262,71.0,54,65.69,Month-to-month,Fiber,UPI,No,No,1,0
C103263,31.0,63,53.15,One year,DSL,UPI,No,Yes,2,0
C103264,56.0,38,64.07,Month-to-month,Fiber,,No,Yes,0,1
C103265,74.0,47,,Two year,DSL,Bank transfer,Yes,Yes,3,0
C103266,63.0,54,73.93,Month-to-month,Fiber,UPI,No,Yes,4,1
C103267,69.0,50,24.72,Two year,DSL,UPI,No,No,1,0
C103268,73.0,10,43.17,Month-to-month,DSL,Card,No,No,1,1
C103269,33.0,71,33.39,Month-to-month,DSL,Bank transfer,No,No,2,0
C103270,22.0,12,21.03,Month-to-month,None,Card,No,Yes,0,0
C103271,67.0,30,37.36,Month-to-month,DSL,Cash,Yes,No,1,0
C103272,67.0,47,32.28,One year,DSL,Card,Yes,Yes,0,0
C103273,29.0,30,42.33,Month-to-month,DSL,UPI,No,Yes,1,1
C103274,74.0,18,75.2,Month-to-month,Fiber,Card,No,Yes,1,0
C103275,19.0,67,74.13,One year,Fiber,Card,No,Yes,2,0
C103276,41.0,6,10.0,Month-to-month,None,UPI,No,Yes,1,0
C103277,77.0,18,67.21,One year,Fiber,Bank transfer,No,Yes,1,0
C103278,39.0,72,69.11,One year,Fiber,Card,No,Yes,0,0
C103279,65.0,53,83.9,Month-to-month,Fiber,Card,Yes,Yes,4,1
C103280,20.0,7,23.69,One year,DSL,Card,Yes,No,0,0
C103281,48.0,55,14.89,Month-to-month,None,UPI,Yes,Yes,3,0
C103282,66.0,70,28.65,Month-to-month,None,Cash,No,No,3,0
C103283,70.0,8,27.49,Month-to-month,DSL,UPI,Yes,Yes,2,1
C103284,45.0,30,64.74,Two year,Fiber,Bank transfer,Yes,Yes,2,0
C103285,22.0,34,48.39,One year,DSL,UPI,No,Yes,3,0
C103286,51.0,10,72.93,Month-to-month,Fiber,UPI,Yes,Yes,3,0
C103287,63.0,15,76.86,Two year,Fiber,Bank transfer,No,Yes,0,0
C103288,45.0,13,,Month-to-month,None,Card,No,Yes,0,0
C103289,77.0,14,35.94,Two year,DSL,Cash,Yes,Yes,2,0
C103290,37.0,30,70.73,One year,Fiber,UPI,No,Yes,1,0
C103291,68.0,34,77.09,Two year,Fiber,UPI,Yes,Yes,0,0
C103292,64.0,18,28.22,Two year,DSL,Cash,Yes,No,2,1
C103293,44.0,21,83.87,Two year,Fiber,UPI,Yes,Yes,1,1
C103294,24.0,14,65.73,Month-to-month,Fiber,Cash,No,No,5,1
C103295,39.0,58,,One year,Fiber,Cash,No,Yes,4,0
C103296,65.0,16,24.05,Two year,None,Card,No,Yes,4,0
C103297,73.0,66,30.62,One year,DSL,UPI,No,Yes,1,0
C103298,46.0,39,38.87,Month-to-month,DSL,Bank transfer,Yes,No,2,0
C103299,36.0,58,36.02,Two year,DSL,Card,No,Yes,1,0
C103300,65.0,46,20.88,Month-to-month,DSL,Bank transfer,No,No,1,0
C103301,76.0,20,69.31,Month-to-month,Fiber,Card,Yes,No,3,1
C103302,26.0,44,10.01,Month-to-month,None,Card,Yes,Yes,3,0
C103303,37.0,20,74.06,Month-to-month,Fiber,UPI,Yes,Yes,1,1
C103304,67.0,9,68.87,One year,Fiber,Bank transfer,Yes,Yes,1,1
C103305,25.0,19,77.02,Month-to-month,Fiber,Bank transfer,Yes,Yes,2,1
C103306,78.0,20,29.43,One year,DSL,UPI,Yes,No,1,0
C103307,32.0,10,10.0,Two year,None,Card,No,No,1,0
C103308,48.0,2,61.39,Month-to-month,Fiber,UPI,No,Yes,4,0
C103309,50.0,68,86.16,One year,Fiber,Card,No,Yes,2,0
C103310,41.0,37,44.23,Month-to-month,None,Card,No,Yes,1,0
C103311,26.0,29,86.01,Two year,Fiber,UPI,No,No,3,1
C103312,19.0,67,22.68,Two year,DSL,UPI,No,Yes,2,0
C103313,41.0,17,58.98,Month-to-month,Fiber,Card,No,No,3,0
C103314,34.0,30,61.48,One year,Fiber,Card,No,Yes,0,1
C103315,74.0,61,76.19,Month-to-month,Fiber,,No,No,2,0
C103316,59.0,46,36.86,Month-to-month,None,Card,No,Yes,0,0
C103317,23.0,29,77.24,One year,Fiber,Cash,Yes,Yes,0,1
C103318,64.0,19,71.52,Month-to-month,Fiber,UPI,No,No,1,1
C103319,56.0,3,12.6,One year,None,,Yes,No,1,0
C103320,25.0,7,67.71,Month-to-month,Fiber,Cash,Yes,Yes,2,0
C103321,43.0,12,70.71,Month-to-month,Fiber,,No,No,2,0
C103322,63.0,57,42.06,Two year,DSL,Bank transfer,No,Yes,0,0
C103323,58.0,47,66.01,Month-to-month,Fiber,UPI,Yes,Yes,2,1
C103324,53.0,32,73.21,One year,Fiber,UPI,Yes,Yes,2,0
C103325,48.0,57,37.2,Month-to-month,DSL,Bank transfer,No,Yes,0,0
C103326,60.0,12,70.8,Two year,Fiber,UPI,Yes,No,2,0
C103327,72.0,16,31.84,One year,DSL,UPI,No,Yes,1,0
C103328,28.0,29,35.97,Month-to-month,DSL,Card,No,Yes,1,1
C103329,42.0,67,69.23,Month-to-month,Fiber,UPI,No,No,1,1
C103330,70.0,45,28.75,Month-to-month,DSL,Card,Yes,Yes,2,0
C103331,,62,77.08,Two year,Fiber,Bank transfer,No,Yes,0,0
C103332,28.0,18,82.6,Month-to-month,Fiber,UPI,No,Yes,0,0
C103333,26.0,62,36.36,Month-to-month,DSL,Cash,Yes,No,0,0
C103334,63.0,6,34.63,One year,DSL,Card,No,Yes,2,0
C103335,48.0,17,76.07,Month-to-month,Fiber,,No,No,1,1
C103336,67.0,38,36.48,Month-to-month,DSL,UPI,Yes,No,0,0
C103337,25.0,4,79.12,Month-to-month,Fiber,Bank transfer,No,No,2,0
C103338,55.0,62,70.85,Month-to-month,Fiber,Bank transfer,No,No,3,0
C103339,54.0,63,74.69,One year,Fiber,UPI,No,Yes,0,0
C103340,46.0,39,83.87,Two year,Fiber,UPI,No,No,1,0
C103341,44.0,23,30.14,Two year,None,Bank transfer,Yes,Yes,2,0
C103342,34.0,8,33.75,Two year,DSL,Card,No,Yes,1,0
C103343,66.0,45,28.65,Month-to-month,None,UPI,No,Yes,0,0
C103344,38.0,39,11.46,Month-to-month,None,Bank transfer,Yes,No,0,0
C103345,43.0,55,68.39,One year,Fiber,Card,No,Yes,0,1
C103346,71.0,44,41.67,Two year,DSL,Bank transfer,No,No,2,0
C103347,57.0,10,47.24,One year,DSL,Bank transfer,No,No,0,1
C103348,20.0,9,13.99,Month-to-month,None,Card,Yes,Yes,0,0
C103349,21.0,57,34.78,One year,DSL,UPI,Yes,Yes,1,0
C103350,51.0,12,20.02,One year,None,UPI,No,Yes,2,0
C103351,62.0,68,69.26,Two year,Fiber,,No,Yes,1,0
C103352,47.0,8,60.27,One year,Fiber,UPI,No,No,1,1
C103353,77.0,53,74.01,Month-to-month,Fiber,UPI,No,Yes,0,1
C103354,70.0,71,24.8,Month-to-month,DSL,UPI,No,Yes,2,0
C103355,45.0,32,79.1,Month-to-month,Fiber,Card,Yes,Yes,1,0
C103356,32.0,5,30.8,Month-to-month,None,Card,No,Yes,1,0
C103357,18.0,64,29.89,Two year,DSL,Card,No,Yes,2,0
C103358,20.0,14,10.0,Month-to-month,None,Card,No,Yes,2,0
C103359,55.0,38,19.74,Month-to-month,None,Card,Yes,No,1,0
C103360,38.0,71,30.84,Month-to-month,DSL,UPI,No,Yes,3,0
C103361,27.0,54,68.32,One year,Fiber,UPI,No,Yes,2,0
C103362,22.0,4,35.73,Month-to-month,DSL,Card,No,Yes,2,0
C103363,47.0,60,62.56,Month-to-month,Fiber,UPI,Yes,No,0,0
C103364,54.0,12,33.27,Two year,None,Card,No,No,3,0
C103365,20.0,54,14.87,Month-to-month,None,UPI,Yes,Yes,1,0
C103366,43.0,45,27.48,Month-to-month,None,Cash,Yes,Yes,2,1
C103367,45.0,21,27.88,Month-to-month,DSL,UPI,No,No,2,0
C103368,21.0,31,70.49,One year,Fiber,Card,No,No,2,0
C103369,72.0,9,38.6,One year,DSL,UPI,No,No,1,0
C103370,32.0,72,21.09,Two year,None,Bank transfer,Yes,No,1,0
C103371,26.0,18,32.97,Month-to-month,DSL,Card,Yes,Yes,2,0
C103372,26.0,23,31.06,Two year,DSL,Cash,Yes,Yes,2,0
C103373,48.0,37,,One year,DSL,UPI,Yes,No,2,0
C103374,61.0,49,29.6,Month-to-month,DSL,Card,No,Yes,1,0
C103375,33.0,37,37.66,Month-to-month,DSL,UPI,Yes,Yes,0,0
C103376,,37,49.65,Month-to-month,DSL,Bank transfer,Yes,No,1,0
C103377,34.0,42,22.87,Two year,None,UPI,No,No,2,0
C103378,29.0,62,74.77,Month-to-month,Fiber,Cash,Yes,Yes,1,1
C103379,57.0,29,43.66,Month-to-month,DSL,Cash,No,No,1,0
C103380,65.0,60,66.39,One year,Fiber,Card,No,Yes,1,0
C103381,64.0,57,55.57,Two year,Fiber,Card,Yes,No,2,0
C103382,,70,70.02,One year,Fiber,UPI,No,No,0,0
C103383,72.0,66,41.84,One year,DSL,UPI,No,No,1,0
C103384,70.0,58,86.08,Month-to-month,Fiber,UPI,No,No,5,0
C103385,35.0,18,62.16,Two year,Fiber,Card,Yes,No,0,0
C103386,56.0,56,43.8,Month-to-month,DSL,Cash,Yes,No,4,0
C103387,22.0,54,72.09,Month-to-month,Fiber,UPI,No,Yes,4,1
C103388,22.0,21,66.89,Two year,Fiber,Bank transfer,Yes,Yes,2,0
C103389,45.0,49,61.63,Month-to-month,Fiber,Bank transfer,Yes,Yes,3,1
C103390,61.0,19,65.33,Month-to-month,Fiber,Card,Yes,Yes,0,1
C103391,54.0,38,74.59,One year,Fiber,Card,Yes,No,2,0
C103392,28.0,58,79.78,Month-to-month,Fiber,Card,Yes,Yes,1,0
C103393,63.0,14,13.21,Month-to-month,DSL,Cash,No,No,1,1
C103394,55.0,25,39.1,One year,DSL,UPI,No,Yes,2,0
C103395,64.0,58,65.41,One year,Fiber,Bank transfer,No,Yes,0,0
C103396,55.0,33,31.16,One year,DSL,UPI,Yes,Yes,1,0
C103397,71.0,70,73.33,Month-to-month,Fiber,UPI,Yes,Yes,2,0
C103398,40.0,1,50.37,One year,DSL,,No,Yes,1,0
C103399,19.0,52,64.26,Two year,Fiber,UPI,No,Yes,1,1
C103400,55.0,59,69.24,Month-to-month,Fiber,Bank transfer,No,Yes,2,0
C103401,,67,57.4,Month-to-month,Fiber,UPI,Yes,No,6,0
C103402,24.0,12,73.51,Month-to-month,Fiber,Card,Yes,Yes,2,0
C103403,77.0,71,64.48,Month-to-month,Fiber,Card,No,No,1,0
C103404,65.0,29,32.61,Month-to-month,None,Card,Yes,No,3,0
C103405,20.0,26,72.88,One year,Fiber,Bank transfer,Yes,Yes,1,0
C103406,51.0,26,67.73,Two year,Fiber,UPI,Yes,Yes,0,0
C103407,37.0,46,32.79,Month-to-month,DSL,UPI,Yes,No,3,0
C103408,58.0,48,72.92,One year,Fiber,Card,No,No,1,0
C103409,65.0,35,75.53,Month-to-month,Fiber,UPI,No,Yes,2,0
C103410,41.0,6,60.65,Month-to-month,Fiber,Bank transfer,No,No,2,1
C103411,47.0,72,68.81,One year,Fiber,,Yes,Yes,0,0
C103412,20.0,16,19.98,Month-to-month,None,Cash,No,Yes,0,0
C103413,18.0,7,21.69,Two year,None,Card,No,Yes,4,0
C103414,65.0,44,80.45,Month-to-month,Fiber,Card,No,No,3,0
C103415,39.0,30,10.0,Month-to-month,None,UPI,No,Yes,1,0
C103416,72.0,45,27.65,Month-to-month,None,Card,No,Yes,1,0
C103417,53.0,64,37.92,Month-to-month,DSL,Bank transfer,Yes,Yes,0,0
C103418,42.0,8,66.02,Two year,Fiber,Bank transfer,No,Yes,2,0
C103419,72.0,21,41.45,One year,DSL,Card,No,Yes,2,0
C103420,21.0,38,31.94,Month-to-month,DSL,Cash,No,Yes,1,0
C103421,69.0,57,20.5,Month-to-month,DSL,Card,No,No,2,0
C103422,22.0,44,42.53,One year,Fiber,Bank transfer,Yes,No,1,0
C103423,76.0,28,25.27,One year,DSL,UPI,No,Yes,2,0
C103424,53.0,44,30.65,Month-to-month,DSL,Bank transfer,Yes,Yes,4,0
C103425,47.0,71,36.37,Month-to-month,DSL,Card,No,Yes,1,0
C103426,58.0,35,74.78,Month-to-month,Fiber,Cash,Yes,No,2,0
C103427,,64,17.94,Month-to-month,None,Cash,No,Yes,2,0
C103428,35.0,57,10.0,Month-to-month,None,UPI,No,No,2,0
C103429,24.0,22,66.96,Month-to-month,Fiber,UPI,No,Yes,2,1
C103430,77.0,18,33.25,Month-to-month,DSL,UPI,No,Yes,1,0
C103431,50.0,56,33.9,Month-to-month,None,UPI,Yes,Yes,3,0
C103432,35.0,15,,Month-to-month,DSL,UPI,Yes,No,1,0
C103433,74.0,25,10.0,Two year,None,UPI,Yes,Yes,1,0
C103434,20.0,17,67.48,One year,Fiber,Cash,Yes,Yes,2,0
C103435,70.0,44,75.57,Month-to-month,Fiber,UPI,No,Yes,1,1
C103436,19.0,22,35.17,Month-to-month,DSL,Card,No,No,1,0
C103437,58.0,48,22.01,Month-to-month,DSL,Cash,Yes,Yes,3,1
C103438,20.0,68,76.55,Two year,Fiber,Card,No,No,1,1
C103439,,60,72.91,One year,Fiber,Card,Yes,No,1,0
C103440,38.0,69,18.74,Month-to-month,None,Cash,Yes,Yes,2,0
C103441,29.0,2,63.55,Two year,Fiber,Card,Yes,Yes,1,1
C103442,20.0,33,78.11,Two year,Fiber,Card,Yes,Yes,0,0
C103443,60.0,16,20.49,Two year,DSL,UPI,No,No,2,0
C103444,65.0,67,57.57,Month-to-month,Fiber,Bank transfer,No,No,0,0
C103445,38.0,52,29.12,Month-to-month,DSL,Card,No,No,1,0
C103446,61.0,24,72.42,One year,Fiber,UPI,No,Yes,0,0
C103447,38.0,41,59.09,Month-to-month,Fiber,Card,No,No,0,0
C103448,31.0,44,15.64,One year,None,UPI,No,Yes,0,0
C103449,70.0,36,67.27,One year,Fiber,,No,No,1,0
C103450,50.0,35,37.75,Month-to-month,DSL,Card,No,Yes,1,0
C103451,19.0,4,17.79,Month-to-month,None,Cash,No,Yes,2,1
C103452,61.0,33,67.82,Month-to-month,Fiber,UPI,Yes,No,3,1
C103453,42.0,26,,Month-to-month,Fiber,Bank transfer,Yes,Yes,1,0
C103454,22.0,59,78.71,One year,Fiber,Cash,No,No,0,0
C103455,32.0,63,25.28,One year,None,Cash,No,Yes,5,0
C103456,37.0,55,39.99,Month-to-month,DSL,Bank transfer,No,No,3,0
C103457,19.0,3,63.78,One year,Fiber,UPI,No,Yes,3,0
C103458,63.0,61,65.9,Month-to-month,Fiber,Bank transfer,No,Yes,0,0
C103459,31.0,29,38.81,One year,DSL,UPI,No,Yes,1,0
C103460,27.0,30,15.3,Month-to-month,None,Card,No,No,0,1
C103461,29.0,69,,One year,Fiber,UPI,Yes,No,1,0
C103462,62.0,63,37.31,One year,DSL,UPI,No,Yes,1,0
C103463,49.0,4,24.54,Month-to-month,DSL,UPI,Yes,Yes,4,0
C103464,68.0,26,18.32,One year,None,Bank transfer,Yes,Yes,1,0
C103465,44.0,54,77.14,Two year,Fiber,UPI,No,No,4,0
C103466,60.0,39,36.16,Month-to-month,DSL,Card,Yes,No,4,0
C103467,,19,26.62,One year,DSL,Card,No,No,1,0
C103468,54.0,38,38.78,Two year,DSL,Cash,No,Yes,2,0
C103469,72.0,63,,Two year,DSL,UPI,No,Yes,1,0
C103470,56.0,17,76.77,Month-to-month,Fiber,UPI,Yes,Yes,3,0
C103471,48.0,54,39.07,One year,DSL,Bank transfer,No,No,0,0
C103472,71.0,53,32.22,Two year,DSL,Bank transfer,No,Yes,0,0
C103473,57.0,64,29.0,One year,DSL,UPI,No,Yes,2,0
C103474,75.0,22,63.21,Month-to-month,Fiber,UPI,No,No,0,1
C103475,58.0,16,90.72,Month-to-month,Fiber,Card,No,Yes,0,1
C103476,60.0,40,51.67,One year,Fiber,Cash,No,Yes,3,0
C103477,50.0,39,55.92,Month-to-month,Fiber,UPI,No,Yes,2,1
C103478,70.0,30,28.82,Month-to-month,None,Bank transfer,No,No,1,0
C103479,36.0,57,77.09,Month-to-month,Fiber,Card,Yes,No,2,0
C103480,51.0,58,22.88,One year,None,UPI,No,Yes,1,0
C103481,73.0,18,54.06,Month-to-month,Fiber,UPI,Yes,Yes,2,0
C103482,31.0,58,,Two year,DSL,UPI,Yes,Yes,2,0
C103483,45.0,17,12.16,One year,None,,Yes,No,2,0
C103484,19.0,30,69.21,Two year,Fiber,Bank transfer,Yes,Yes,3,0
C103485,53.0,2,73.25,Two year,Fiber,UPI,Yes,Yes,0,1
C103486,39.0,25,39.05,Month-to-month,DSL,Cash,No,Yes,2,1
C103487,52.0,70,64.79,One year,Fiber,Card,No,No,0,0
C103488,32.0,32,30.28,Month-to-month,None,UPI,No,Yes,1,0
C103489,69.0,52,41.5,Two year,DSL,Card,Yes,Yes,1,0
C103490,79.0,8,27.32,Month-to-month,DSL,Card,No,Yes,2,0
C103491,51.0,46,31.16,One year,DSL,Cash,Yes,No,1,0
C103492,55.0,27,,Two year,Fiber,Card,No,No,1,0
C103493,46.0,54,19.5,Month-to-month,None,Cash,Yes,No,3,0
C103494,36.0,67,75.03,Two year,Fiber,UPI,No,Yes,4,0
C103495,46.0,39,10.0,Month-to-month,None,Bank transfer,No,Yes,1,0
C103496,48.0,8,54.13,Month-to-month,Fiber,Card,Yes,Yes,0,0
C103497,66.0,35,63.34,Month-to-month,Fiber,UPI,Yes,No,5,0
C103498,60.0,9,45.82,Month-to-month,DSL,Cash,No,No,1,0
C103499,38.0,33,,One year,DSL,UPI,Yes,Yes,0,0
C103500,56.0,5,82.62,Two year,Fiber,UPI,No,Yes,2,0
C103501,75.0,47,33.75,Month-to-month,DSL,Bank transfer,No,Yes,1,0
C103502,43.0,23,28.26,One year,DSL,Bank transfer,No,No,2,0
C103503,70.0,15,10.0,Two year,None,Card,No,Yes,2,0
C103504,47.0,2,63.37,One year,Fiber,Bank transfer,Yes,Yes,1,0
C103505,26.0,64,30.04,Month-to-month,DSL,Bank transfer,No,Yes,2,0
C103506,29.0,61,50.6,Two year,Fiber,Bank transfer,No,Yes,2,0
C103507,37.0,59,63.27,Month-to-month,Fiber,UPI,Yes,Yes,1,0
C103508,54.0,5,13.2,One year,None,UPI,No,No,1,0
C103509,74.0,26,70.17,One year,Fiber,Cash,No,No,2,0
C103510,42.0,70,34.66,One year,DSL,UPI,No,Yes,4,0
C103511,35.0,42,37.56,Month-to-month,DSL,UPI,No,Yes,1,0
C103512,58.0,10,22.02,Month-to-month,DSL,Cash,No,No,1,0
C103513,37.0,11,60.92,One year,Fiber,Card,No,No,3,1
C103514,45.0,19,77.41,Month-to-month,Fiber,UPI,No,No,2,0
C103515,31.0,71,67.93,Month-to-month,Fiber,Bank transfer,Yes,No,1,0
C103516,36.0,13,76.78,One year,Fiber,Bank transfer,No,No,0,1
C103517,21.0,66,33.87,One year,DSL,Cash,No,No,3,0
C103518,53.0,49,36.5,Month-to-month,DSL,Bank transfer,No,Yes,2,1
C103519,47.0,67,39.23,Month-to-month,DSL,,No,Yes,1,0
C103520,28.0,60,65.55,Two year,Fiber,UPI,Yes,Yes,0,0
C103521,,24,64.66,Month-to-month,Fiber,Card,Yes,No,5,1
C103522,30.0,60,14.56,Month-to-month,None,Cash,No,No,1,1
C103523,58.0,13,34.38,Month-to-month,DSL,Card,No,No,0,0
C103524,24.0,21,74.59,Month-to-month,Fiber,UPI,No,Yes,1,0
C103525,19.0,16,31.75,Two year,DSL,UPI,No,Yes,3,0
C103526,25.0,10,79.24,Month-to-month,Fiber,Card,Yes,No,0,1
C103527,50.0,7,49.0,Month-to-month,DSL,Card,No,No,4,0
C103528,29.0,14,62.97,Month-to-month,Fiber,UPI,Yes,No,1,0
C103529,38.0,9,44.51,Month-to-month,DSL,Card,No,Yes,5,1
C103530,51.0,28,34.86,Month-to-month,DSL,Cash,No,No,2,0
C103531,57.0,6,73.05,Two year,Fiber,Cash,Yes,No,0,0
C103532,66.0,5,,One year,Fiber,Card,No,No,2,1
C103533,43.0,72,79.75,Month-to-month,Fiber,Cash,No,No,0,0
C103534,24.0,7,37.78,Month-to-month,DSL,UPI,No,No,1,0
C103535,78.0,6,17.22,Month-to-month,None,Card,Yes,Yes,0,1
C103536,66.0,3,31.66,Month-to-month,DSL,UPI,No,Yes,3,0
C103537,69.0,10,60.39,One year,Fiber,Bank transfer,No,Yes,1,1
C103538,75.0,39,,Month-to-month,None,Bank transfer,Yes,Yes,3,0
C103539,61.0,60,79.76,One year,Fiber,Card,No,No,1,0
C103540,79.0,53,43.66,Two year,DSL,Bank transfer,Yes,No,2,0
C103541,49.0,42,64.88,Month-to-month,Fiber,Bank transfer,No,Yes,1,1
C103542,52.0,7,26.22,Two year,DSL,Bank transfer,No,No,1,0
C103543,54.0,56,77.61,Month-to-month,Fiber,UPI,No,Yes,3,1
C103544,49.0,3,73.43,Month-to-month,Fiber,Bank transfer,No,Yes,1,1
C103545,45.0,46,54.19,Two year,Fiber,UPI,No,No,0,0
C103546,38.0,30,43.04,Month-to-month,None,Card,Yes,Yes,1,0
C103547,67.0,64,35.09,One year,DSL,Bank transfer,Yes,No,1,0
C103548,38.0,23,48.61,One year,DSL,UPI,No,No,1,0
C103549,74.0,46,71.39,Month-to-month,Fiber,Bank transfer,No,Yes,1,0
C103550,64.0,32,61.67,Two year,Fiber,Bank transfer,Yes,Yes,1,0
C103551,79.0,38,71.55,Month-to-month,Fiber,UPI,Yes,Yes,0,0
C103552,58.0,68,58.26,Two year,Fiber,Card,No,No,2,0
C103553,55.0,52,68.99,Month-to-month,Fiber,Bank transfer,Yes,Yes,1,0
C103554,38.0,30,11.3,Month-to-month,None,Bank transfer,No,No,1,0
C103555,60.0,33,68.36,Month-to-month,Fiber,Bank transfer,No,No,1,0
C103556,53.0,51,36.98,Two year,DSL,UPI,Yes,Yes,2,0
C103557,42.0,25,37.36,Month-to-month,DSL,Card,Yes,Yes,1,0
C103558,22.0,13,58.32,Two year,Fiber,UPI,No,Yes,0,0
C103559,18.0,34,29.84,Month-to-month,DSL,Bank transfer,Yes,Yes,0,0
C103560,32.0,5,19.2,Month-to-month,DSL,UPI,No,Yes,2,0
C103561,61.0,13,39.97,Month-to-month,DSL,Bank transfer,Yes,No,1,0
C103562,74.0,31,71.62,Month-to-month,Fiber,UPI,No,No,2,0
C103563,75.0,58,10.6,Two year,None,Card,No,Yes,1,0
C103564,50.0,57,81.25,Month-to-month,Fiber,,No,Yes,3,0
C103565,71.0,19,38.73,One year,DSL,UPI,Yes,Yes,1,0
C103566,18.0,31,69.16,One year,Fiber,UPI,No,No,3,1
C103567,72.0,12,66.21,Month-to-month,Fiber,Card,No,No,2,0
C103568,77.0,55,14.9,One year,None,Bank transfer,Yes,No,0,0
C103569,42.0,18,63.69,Two year,Fiber,UPI,No,Yes,2,0
C103570,20.0,58,79.39,One year,Fiber,Bank transfer,No,No,0,0
C103571,62.0,61,22.2,Month-to-month,None,UPI,Yes,No,2,0
C103572,18.0,50,61.61,One year,Fiber,UPI,No,Yes,0,0
C103573,57.0,24,45.37,One year,DSL,Bank transfer,No,Yes,0,0
C103574,37.0,69,69.28,Month-to-month,Fiber,UPI,Yes,Yes,2,0
C103575,51.0,50,62.65,One year,Fiber,UPI,Yes,No,1,0
C103576,75.0,47,85.8,Month-to-month,Fiber,UPI,Yes,Yes,2,0
C103577,27.0,62,11.24,One year,None,Card,Yes,Yes,3,0
C103578,20.0,64,28.4,Two year,DSL,Cash,Yes,Yes,2,0
C103579,53.0,6,70.0,Two year,Fiber,UPI,No,Yes,2,1
C103580,61.0,64,37.58,Two year,DSL,Card,No,No,3,0
C103581,36.0,56,28.98,One year,DSL,Bank transfer,Yes,Yes,0,0
C103582,28.0,15,52.31,One year,Fiber,Card,No,Yes,1,0
C103583,61.0,23,70.26,Month-to-month,Fiber,Cash,No,No,2,1
C103584,60.0,55,61.63,Month-to-month,Fiber,UPI,No,No,0,0
C103585,76.0,16,32.13,Month-to-month,DSL,,No,Yes,1,0
C103586,71.0,33,28.52,Month-to-month,DSL,Card,Yes,Yes,3,0
C103587,63.0,50,61.33,Two year,Fiber,Card,Yes,Yes,1,0
C103588,19.0,47,67.87,Two year,Fiber,Card,Yes,Yes,0,0
C103589,34.0,66,64.94,Month-to-month,Fiber,Card,Yes,No,1,0
C103590,58.0,9,63.28,Month-to-month,Fiber,,No,No,2,1
C103591,46.0,22,27.72,One year,None,UPI,Yes,Yes,2,0
C103592,21.0,71,62.04,Month-to-month,Fiber,UPI,No,Yes,1,0
C103593,53.0,41,67.98,Two year,Fiber,Card,No,Yes,3,0
C103594,65.0,18,69.7,Two year,Fiber,Card,No,No,2,1
C103595,63.0,21,56.48,Month-to-month,Fiber,Card,No,Yes,1,1
C103596,75.0,25,11.06,Month-to-month,None,Card,No,Yes,1,0
C103597,27.0,40,69.68,Month-to-month,Fiber,UPI,No,Yes,2,0
C103598,77.0,21,69.38,Month-to-month,Fiber,Card,No,No,1,1
C103599,50.0,45,63.69,Month-to-month,Fiber,UPI,No,No,1,1
C103600,36.0,33,69.79,Month-to-month,Fiber,Cash,Yes,Yes,3,0
C103601,71.0,44,,Month-to-month,None,Card,Yes,No,1,0
C103602,24.0,12,24.69,Month-to-month,None,Card,No,No,0,1
C103603,19.0,45,40.33,Month-to-month,DSL,Bank transfer,No,Yes,2,0
C103604,63.0,67,44.67,One year,DSL,UPI,Yes,No,2,0
C103605,63.0,10,70.86,Month-to-month,Fiber,Card,Yes,No,5,1
C103606,23.0,24,58.89,Two year,Fiber,Bank transfer,No,Yes,0,0
C103607,72.0,50,17.63,Month-to-month,None,Bank transfer,Yes,No,4,0
C103608,70.0,45,24.85,Month-to-month,DSL,Cash,No,Yes,1,0
C103609,67.0,49,26.76,Month-to-month,None,Cash,Yes,Yes,2,0
C103610,42.0,41,80.98,One year,Fiber,UPI,Yes,Yes,1,0
C103611,75.0,50,34.95,Month-to-month,DSL,Bank transfer,No,No,1,1
C103612,26.0,44,44.3,Month-to-month,DSL,UPI,Yes,No,0,0
C103613,66.0,6,78.75,Month-to-month,Fiber,Cash,Yes,Yes,1,0
C103614,70.0,55,37.43,Two year,DSL,UPI,No,Yes,1,1
C103615,50.0,33,74.21,Month-to-month,Fiber,UPI,No,Yes,1,0
C103616,39.0,4,77.59,Month-to-month,Fiber,Card,No,No,2,1
C103617,47.0,30,58.83,Two year,Fiber,UPI,No,Yes,2,1
C103618,20.0,32,36.98,Month-to-month,DSL,,Yes,No,5,1
C103619,19.0,7,24.43,Month-to-month,None,,Yes,Yes,2,0
C103620,38.0,72,58.52,Two year,Fiber,Card,No,Yes,2,0
C103621,19.0,17,85.3,Month-to-month,Fiber,Bank transfer,Yes,Yes,1,1
C103622,57.0,24,78.74,Month-to-month,Fiber,Card,Yes,Yes,1,0
C103623,57.0,32,78.81,Month-to-month,Fiber,UPI,No,Yes,1,0
C103624,70.0,60,23.27,Month-to-month,None,UPI,Yes,No,1,0
C103625,35.0,54,62.41,Two year,Fiber,UPI,Yes,Yes,2,0
C103626,68.0,56,59.85,One year,Fiber,UPI,No,Yes,2,0
C103627,37.0,18,34.21,One year,DSL,Card,No,No,2,0
C103628,51.0,61,40.57,Month-to-month,DSL,Card,No,Yes,2,0
C103629,68.0,60,74.34,One year,Fiber,Bank transfer,Yes,No,2,0
C103630,40.0,34,48.68,One year,DSL,Card,No,No,3,0
C103631,24.0,40,67.51,Month-to-month,Fiber,Bank transfer,No,No,2,0
C103632,68.0,3,17.12,Two year,None,Bank transfer,No,Yes,2,0
C103633,35.0,55,70.06,One year,Fiber,Card,No,Yes,1,0
C103634,31.0,70,25.75,One year,DSL,Cash,Yes,Yes,1,0
C103635,60.0,35,82.02,Month-to-month,Fiber,Bank transfer,Yes,Yes,0,0
C103636,51.0,39,33.0,Month-to-month,DSL,Bank transfer,Yes,Yes,2,1
C103637,19.0,36,72.03,One year,Fiber,Bank transfer,No,Yes,1,0
C103638,74.0,6,76.51,One year,Fiber,UPI,No,Yes,1,0
C103639,50.0,45,63.98,Month-to-month,Fiber,Cash,Yes,No,3,1
C103640,,52,72.22,Month-to-month,Fiber,Card,Yes,No,2,1
C103641,,67,69.94,Two year,Fiber,Card,No,Yes,0,0
C103642,60.0,67,42.8,Month-to-month,DSL,Bank transfer,Yes,No,0,0
C103643,65.0,36,35.07,Month-to-month,DSL,Card,No,No,1,0
C103644,64.0,70,47.14,One year,Fiber,UPI,Yes,Yes,3,0
C103645,57.0,39,12.52,Month-to-month,None,UPI,No,No,1,0
C103646,72.0,47,23.0,Month-to-month,DSL,UPI,Yes,No,1,0
C103647,55.0,44,50.42,Month-to-month,DSL,Cash,No,No,0,0
C103648,32.0,72,46.32,Two year,DSL,Card,No,No,1,0
C103649,31.0,54,52.8,Month-to-month,Fiber,Card,No,Yes,2,0
C103650,41.0,9,,One year,DSL,Bank transfer,No,Yes,1,0
C103651,62.0,6,58.92,Two year,Fiber,Bank transfer,No,No,1,1
C103652,19.0,30,36.73,One year,DSL,Bank transfer,Yes,Yes,3,0
C103653,36.0,38,62.35,Month-to-month,Fiber,Card,No,Yes,3,0
C103654,44.0,49,32.88,Month-to-month,DSL,Cash,No,No,0,0
C103655,53.0,35,58.98,Month-to-month,Fiber,UPI,No,No,2,0
C103656,27.0,38,38.44,One year,DSL,Bank transfer,No,No,3,0
C103657,23.0,67,56.57,Two year,Fiber,Card,No,Yes,0,0
C103658,74.0,25,40.02,One year,None,UPI,Yes,Yes,2,0
C103659,23.0,36,47.03,Month-to-month,DSL,UPI,Yes,Yes,2,0
C103660,22.0,41,39.85,Month-to-month,None,UPI,Yes,No,1,0
C103661,30.0,34,39.85,Two year,DSL,Card,No,Yes,0,0
C103662,39.0,70,82.46,Month-to-month,Fiber,UPI,No,No,3,0
C103663,31.0,70,77.14,Two year,Fiber,Bank transfer,Yes,No,4,0
C103664,68.0,37,26.96,Month-to-month,DSL,UPI,No,Yes,0,0
C103665,25.0,33,67.02,One year,Fiber,UPI,Yes,No,1,0
C103666,26.0,43,38.39,Two year,DSL,Card,No,Yes,2,0
C103667,25.0,14,79.22,Month-to-month,Fiber,Cash,No,Yes,2,1
C103668,58.0,31,69.95,Month-to-month,Fiber,UPI,No,Yes,0,0
C103669,72.0,16,24.44,Two year,None,UPI,Yes,Yes,1,0
C103670,28.0,11,32.34,Month-to-month,DSL,Cash,No,No,0,1
C103671,52.0,7,16.7,Month-to-month,None,Bank transfer,No,Yes,1,1
C103672,41.0,43,23.23,Month-to-month,DSL,Card,No,No,1,0
C103673,56.0,1,73.54,Month-to-month,Fiber,UPI,No,Yes,0,1
C103674,58.0,47,31.06,One year,DSL,Cash,Yes,Yes,1,0
C103675,35.0,32,24.72,Month-to-month,DSL,Card,Yes,No,3,0
C103676,,27,30.26,Month-to-month,DSL,UPI,Yes,No,0,0
C103677,21.0,56,72.28,Two year,Fiber,Card,No,No,3,0
C103678,48.0,39,40.34,Month-to-month,DSL,,Yes,No,2,1
C103679,78.0,53,68.52,Month-to-month,Fiber,UPI,No,Yes,2,0
C103680,73.0,52,28.55,One year,None,Cash,No,Yes,0,0
C103681,21.0,3,46.92,Two year,DSL,,No,Yes,1,0
C103682,21.0,16,32.71,One year,DSL,Card,No,No,2,0
C103683,69.0,42,42.79,Two year,DSL,UPI,No,Yes,0,0
C103684,30.0,71,29.66,Month-to-month,DSL,Cash,No,Yes,1,0
C103685,59.0,12,59.6,Month-to-month,Fiber,Card,No,Yes,2,1
C103686,51.0,8,62.44,Two year,Fiber,Card,No,Yes,2,1
C103687,43.0,68,28.08,Two year,DSL,Bank transfer,Yes,No,1,0
C103688,37.0,70,31.5,One year,DSL,UPI,No,Yes,2,0
C103689,64.0,13,85.86,Month-to-month,Fiber,Card,No,No,1,0
C103690,33.0,29,30.81,Month-to-month,DSL,Card,No,Yes,1,0
C103691,65.0,46,66.99,Month-to-month,Fiber,UPI,Yes,No,0,0
C103692,32.0,15,21.23,Two year,None,Bank transfer,Yes,Yes,2,0
C103693,72.0,24,24.43,Two year,DSL,UPI,Yes,Yes,1,0
C103694,61.0,29,71.17,Month-to-month,Fiber,UPI,No,Yes,4,1
C103695,51.0,47,25.25,Month-to-month,None,Bank transfer,Yes,Yes,1,0
C103696,24.0,23,81.86,Month-to-month,Fiber,Card,No,No,1,1
C103697,31.0,30,80.51,Month-to-month,Fiber,Bank transfer,No,No,5,1
C103698,57.0,21,72.9,One year,Fiber,UPI,Yes,Yes,1,1
C103699,53.0,55,68.21,One year,Fiber,UPI,No,Yes,1,0
C103700,24.0,12,68.68,Month-to-month,Fiber,UPI,Yes,Yes,0,0
C103701,24.0,17,73.26,One year,Fiber,Bank transfer,Yes,No,2,0
C103702,55.0,18,69.63,Two year,Fiber,Cash,Yes,Yes,3,1
C103703,41.0,66,,Month-to-month,Fiber,Card,No,Yes,1,0
C103704,47.0,69,62.52,Month-to-month,Fiber,Card,No,Yes,2,0
C103705,,37,25.37,Month-to-month,None,UPI,Yes,No,1,0
C103706,70.0,12,37.38,Month-to-month,DSL,UPI,Yes,Yes,1,1
C103707,33.0,55,28.95,Month-to-month,DSL,Card,No,No,2,0
C103708,61.0,36,46.91,One year,DSL,Cash,No,No,2,0
C103709,71.0,62,36.67,Month-to-month,DSL,Bank transfer,Yes,Yes,2,0
C103710,74.0,26,58.61,Month-to-month,Fiber,UPI,No,Yes,0,0
C103711,78.0,72,42.56,Two year,DSL,UPI,No,Yes,1,0
C103712,18.0,59,64.62,Month-to-month,Fiber,Card,No,No,0,0
C103713,22.0,17,66.72,One year,Fiber,UPI,No,Yes,3,1
C103714,71.0,53,33.5,One year,DSL,UPI,No,Yes,2,0
C103715,,21,41.91,Two year,DSL,Cash,No,Yes,5,1
C103716,35.0,26,69.54,One year,Fiber,UPI,No,No,1,0
C103717,47.0,19,74.95,Two year,Fiber,Card,No,No,0,1
C103718,58.0,50,57.41,One year,Fiber,Card,No,Yes,1,0
C103719,20.0,19,26.17,Month-to-month,DSL,Card,Yes,No,2,1
C103720,58.0,46,35.26,Month-to-month,DSL,Cash,No,Yes,1,0
C103721,23.0,42,29.2,Month-to-month,DSL,Bank transfer,Yes,Yes,1,0
C103722,40.0,55,33.37,Month-to-month,DSL,Bank transfer,Yes,Yes,4,0
C103723,73.0,72,,Month-to-month,None,Bank transfer,No,No,1,0
C103724,25.0,1,28.57,Month-to-month,DSL,Card,Yes,No,2,0
C103725,20.0,72,29.12,Month-to-month,DSL,Bank transfer,Yes,Yes,2,0
C103726,47.0,8,20.88,Month-to-month,None,Bank transfer,Yes,Yes,2,0
C103727,33.0,38,,Month-to-month,Fiber,Card,No,Yes,0,1
C103728,33.0,25,78.06,One year,Fiber,UPI,No,Yes,2,1
C103729,44.0,47,71.04,One year,Fiber,Bank transfer,Yes,Yes,2,0
C103730,28.0,52,20.74,Two year,None,,No,Yes,2,0
C103731,19.0,62,30.69,Month-to-month,DSL,Card,No,Yes,1,0
C103732,75.0,29,40.51,Two year,DSL,Cash,Yes,Yes,1,0
C103733,68.0,68,18.71,One year,None,Cash,No,Yes,2,0
C103734,43.0,24,79.81,Month-to-month,Fiber,Cash,Yes,Yes,1,0
C103735,69.0,15,10.0,Two year,None,Card,No,No,3,0
C103736,79.0,28,35.51,Month-to-month,DSL,,No,Yes,0,0
C103737,42.0,39,20.34,One year,None,Bank transfer,Yes,No,1,0
C103738,27.0,49,37.49,One year,DSL,UPI,No,Yes,3,0
C103739,30.0,60,81.23,Month-to-month,Fiber,Card,Yes,Yes,0,0
C103740,77.0,17,10.0,One year,None,Bank transfer,No,Yes,1,0
C103741,,22,23.84,Month-to-month,DSL,Card,Yes,Yes,1,0
C103742,61.0,68,32.18,Month-to-month,DSL,UPI,No,No,1,0
C103743,60.0,32,54.86,Month-to-month,Fiber,Cash,No,Yes,3,1
C103744,36.0,18,38.45,Month-to-month,None,UPI,Yes,Yes,0,0
C103745,50.0,71,42.47,Month-to-month,DSL,Cash,No,Yes,1,1
C103746,,33,24.14,One year,None,UPI,Yes,Yes,1,0
C103747,42.0,71,41.26,Month-to-month,DSL,UPI,No,No,2,0
C103748,63.0,67,,Month-to-month,Fiber,Card,No,No,1,0
C103749,51.0,66,30.08,One year,DSL,UPI,Yes,Yes,1,0
C103750,44.0,42,17.11,Month-to-month,None,UPI,Yes,Yes,1,0
C103751,33.0,58,37.74,Month-to-month,DSL,Bank transfer,Yes,Yes,2,0
C103752,58.0,70,65.97,One year,Fiber,Cash,No,Yes,1,0
C103753,45.0,20,27.58,Two year,DSL,Card,No,Yes,1,0
C103754,21.0,3,15.76,Month-to-month,None,Card,Yes,Yes,1,1
C103755,60.0,24,73.05,Month-to-month,Fiber,UPI,Yes,Yes,0,1
C103756,38.0,46,42.29,One year,DSL,UPI,No,Yes,3,0
C103757,43.0,40,24.83,Two year,DSL,Card,Yes,Yes,1,0
C103758,79.0,6,68.48,Month-to-month,Fiber,Card,Yes,Yes,3,1
C103759,60.0,41,69.57,Month-to-month,Fiber,Card,No,No,2,0
C103760,22.0,13,10.0,Month-to-month,None,UPI,Yes,Yes,2,0
C103761,63.0,37,73.59,One year,Fiber,Card,No,No,4,1
C103762,36.0,42,69.14,Two year,Fiber,Bank transfer,Yes,Yes,2,0
C103763,64.0,46,62.49,One year,Fiber,UPI,No,Yes,0,0
C103764,39.0,30,66.14,Month-to-month,Fiber,UPI,Yes,No,0,0
C103765,53.0,30,39.28,One year,DSL,UPI,Yes,Yes,1,0
C103766,61.0,49,42.82,Two year,DSL,,Yes,No,1,0
C103767,29.0,54,37.72,Month-to-month,DSL,Cash,No,No,5,1
C103768,26.0,59,85.25,Two year,Fiber,Bank transfer,No,Yes,2,0
C103769,61.0,25,43.92,Month-to-month,DSL,Cash,Yes,Yes,2,0
C103770,22.0,31,74.41,Month-to-month,Fiber,UPI,No,Yes,3,1
C103771,68.0,24,29.38,One year,DSL,UPI,Yes,No,2,0
C103772,44.0,38,79.05,Month-to-month,Fiber,Card,Yes,Yes,2,1
C103773,23.0,10,28.85,Two year,DSL,UPI,Yes,No,0,1
C103774,65.0,31,75.97,Month-to-month,Fiber,,No,Yes,3,1
C103775,73.0,14,15.45,Month-to-month,DSL,UPI,Yes,Yes,1,0
C103776,22.0,39,31.05,Month-to-month,DSL,Card,Yes,Yes,0,0
C103777,76.0,62,23.82,Month-to-month,DSL,Card,No,No,1,0
C103778,43.0,71,67.71,Month-to-month,Fiber,Card,No,No,1,0
C103779,59.0,33,57.69,One year,Fiber,UPI,Yes,Yes,1,0
C103780,34.0,5,35.23,Month-to-month,DSL,UPI,No,Yes,0,0
C103781,24.0,17,73.74,Month-to-month,Fiber,Cash,Yes,Yes,1,1
C103782,79.0,8,64.8,One year,Fiber,Card,No,Yes,0,1
C103783,58.0,55,67.44,Month-to-month,Fiber,Card,Yes,No,2,0
C103784,33.0,71,71.76,One year,Fiber,Card,No,Yes,2,0
C103785,40.0,40,,Month-to-month,DSL,Card,No,No,1,0
C103786,64.0,13,80.78,Month-to-month,Fiber,Bank transfer,Yes,Yes,0,1
C103787,36.0,2,64.52,One year,Fiber,Card,Yes,No,2,1
C103788,60.0,71,74.3,One year,Fiber,Cash,Yes,No,1,0
C103789,20.0,23,37.08,Two year,DSL,Cash,No,No,3,0
C103790,79.0,9,57.29,Month-to-month,Fiber,UPI,No,No,4,0
C103791,62.0,13,35.7,Month-to-month,DSL,Cash,No,Yes,2,1
C103792,38.0,19,69.31,One year,Fiber,UPI,No,No,0,1
C103793,53.0,48,,One year,DSL,Cash,No,Yes,0,0
C103794,28.0,65,49.19,One year,DSL,Card,No,Yes,2,0
C103795,45.0,20,80.28,One year,Fiber,Cash,No,Yes,2,1
C103796,,50,13.9,One year,None,Card,Yes,No,1,0
C103797,,5,40.08,Month-to-month,DSL,UPI,No,No,3,0
C103798,68.0,1,75.95,One year,Fiber,Cash,Yes,Yes,2,1
C103799,43.0,4,71.17,Month-to-month,Fiber,UPI,Yes,No,1,0
C103800,18.0,67,11.22,Month-to-month,None,Card,Yes,No,1,0
C103801,46.0,42,62.38,One year,Fiber,Card,Yes,No,1,0
C103802,21.0,58,39.22,Month-to-month,DSL,Card,No,Yes,1,0
C103803,47.0,2,39.05,Month-to-month,DSL,UPI,Yes,Yes,1,0
C103804,60.0,2,67.72,Two year,Fiber,UPI,Yes,Yes,2,1
C103805,24.0,62,45.53,One year,DSL,UPI,No,No,1,0
C103806,21.0,8,,Month-to-month,None,Bank transfer,No,Yes,1,1
C103807,41.0,12,31.85,Two year,None,Card,Yes,No,1,0
C103808,47.0,38,31.89,Month-to-month,None,Bank transfer,Yes,No,1,0
C103809,21.0,44,34.87,One year,DSL,UPI,Yes,Yes,2,0
C103810,38.0,17,59.32,Month-to-month,Fiber,Bank transfer,No,No,0,0
C103811,66.0,33,67.42,Month-to-month,Fiber,Bank transfer,Yes,Yes,3,0
C103812,53.0,49,34.08,Month-to-month,DSL,Cash,No,No,1,0
C103813,50.0,32,29.96,Month-to-month,DSL,Card,Yes,Yes,1,0
C103814,24.0,28,31.95,Month-to-month,DSL,UPI,No,No,1,0
C103815,67.0,6,60.76,Month-to-month,Fiber,Cash,Yes,No,0,1
C103816,54.0,33,25.72,One year,None,Bank transfer,No,No,3,1
C103817,44.0,58,33.03,Month-to-month,None,Card,Yes,Yes,0,0
C103818,56.0,46,54.06,Month-to-month,DSL,UPI,Yes,Yes,2,0
C103819,27.0,65,71.99,Two year,Fiber,Bank transfer,No,No,3,1
C103820,60.0,10,33.63,One year,DSL,Card,No,No,3,0
C103821,36.0,1,34.7,Two year,DSL,UPI,Yes,No,0,0
C103822,20.0,40,45.89,Month-to-month,DSL,Bank transfer,No,No,0,0
C103823,32.0,13,80.75,Month-to-month,Fiber,UPI,Yes,No,2,0
C103824,40.0,43,68.08,One year,Fiber,Card,No,Yes,1,0
C103825,45.0,66,29.63,One year,None,UPI,No,No,2,0
C103826,32.0,25,,Month-to-month,None,UPI,Yes,Yes,5,1
C103827,66.0,40,29.12,Two year,DSL,UPI,Yes,No,3,0
C103828,34.0,50,68.76,One year,Fiber,Bank transfer,Yes,Yes,1,0
C103829,,11,48.62,One year,DSL,UPI,No,No,2,0
C103830,31.0,65,75.77,Month-to-month,Fiber,Cash,Yes,Yes,2,1
C103831,42.0,15,65.95,One year,Fiber,Bank transfer,Yes,Yes,2,0
C103832,20.0,59,42.5,Month-to-month,DSL,Bank transfer,No,No,3,0
C103833,23.0,48,40.71,Two year,DSL,UPI,Yes,No,0,0
C103834,27.0,11,32.52,Month-to-month,DSL,Card,Yes,No,0,0
C103835,42.0,53,29.03,Month-to-month,DSL,Bank transfer,No,No,1,0
C103836,77.0,15,11.11,Month-to-month,None,Card,Yes,Yes,4,0
C103837,54.0,44,21.85,One year,DSL,UPI,No,Yes,1,0
C103838,23.0,70,64.77,Two year,Fiber,Card,No,No,2,0
C103839,22.0,69,18.58,Two year,None,UPI,Yes,No,1,0
C103840,24.0,63,80.08,One year,Fiber,Bank transfer,No,No,1,0
C103841,22.0,36,76.59,Two year,Fiber,UPI,Yes,Yes,1,0
C103842,49.0,41,21.57,One year,None,UPI,No,No,3,0
C103843,63.0,22,20.01,Month-to-month,DSL,Card,No,Yes,2,1
C103844,44.0,67,37.36,One year,DSL,UPI,No,No,2,0
C103845,43.0,35,56.84,Month-to-month,Fiber,UPI,No,Yes,2,1
C103846,54.0,56,76.99,Month-to-month,Fiber,Cash,No,Yes,1,1
C103847,39.0,26,77.21,Month-to-month,Fiber,Cash,Yes,Yes,0,0
C103848,68.0,54,35.41,Month-to-month,DSL,Cash,No,No,2,1
C103849,60.0,17,76.53,Two year,Fiber,Card,Yes,No,1,0
C103850,78.0,53,78.11,Two year,Fiber,Card,No,No,2,0
C103851,23.0,4,20.88,Month-to-month,None,UPI,No,Yes,1,1
C103852,44.0,8,33.84,One year,DSL,UPI,Yes,No,7,0
C103853,71.0,26,24.37,Month-to-month,DSL,Bank transfer,Yes,Yes,0,0
C103854,59.0,35,17.16,Month-to-month,None,Bank transfer,No,Yes,4,0
C103855,66.0,52,62.03,Month-to-month,Fiber,UPI,No,No,0,0
C103856,47.0,26,26.95,Month-to-month,DSL,UPI,No,Yes,1,0
C103857,42.0,2,29.14,Month-to-month,DSL,Cash,Yes,Yes,1,0
C103858,64.0,24,54.31,Month-to-month,Fiber,Card,No,Yes,1,0
C103859,47.0,32,77.83,Month-to-month,Fiber,Bank transfer,Yes,No,2,1
C103860,43.0,40,71.75,Month-to-month,Fiber,Bank transfer,No,Yes,1,0
C103861,42.0,47,29.29,Two year,None,Card,Yes,Yes,2,0
C103862,25.0,18,41.42,Month-to-month,DSL,Cash,No,Yes,2,1
C103863,66.0,44,38.99,Month-to-month,DSL,Cash,No,No,1,0
C103864,70.0,46,76.35,Month-to-month,Fiber,Bank transfer,Yes,Yes,0,0
C103865,19.0,56,21.21,Month-to-month,None,Card,No,Yes,2,0
C103866,42.0,38,45.44,Month-to-month,DSL,Card,Yes,Yes,3,0
C103867,59.0,59,65.92,Month-to-month,Fiber,Bank transfer,Yes,Yes,2,0
C103868,27.0,16,34.84,One year,DSL,Card,Yes,Yes,1,0
C103869,36.0,52,32.77,One year,DSL,Card,Yes,No,0,0
C103870,77.0,4,36.14,One year,None,UPI,Yes,Yes,0,0
C103871,66.0,8,29.95,One year,DSL,Card,No,Yes,1,0
C103872,72.0,63,45.3,Month-to-month,DSL,Bank transfer,No,Yes,3,0
C103873,79.0,35,59.09,Month-to-month,Fiber,UPI,No,Yes,1,0
C103874,60.0,45,70.8,Month-to-month,Fiber,Card,No,No,1,1
C103875,35.0,44,68.55,Month-to-month,Fiber,UPI,No,No,0,1
C103876,77.0,51,61.83,Month-to-month,Fiber,Card,Yes,No,1,0
C103877,45.0,18,29.68,Month-to-month,DSL,Card,No,Yes,2,0
C103878,51.0,13,74.02,One year,Fiber,UPI,No,Yes,1,1
C103879,51.0,4,32.31,Month-to-month,DSL,UPI,Yes,Yes,0,1
C103880,52.0,63,27.28,Month-to-month,DSL,UPI,Yes,Yes,1,0
C103881,52.0,17,77.18,One year,Fiber,,No,No,1,0
C103882,66.0,42,34.83,Month-to-month,DSL,UPI,No,Yes,1,0
C103883,27.0,33,22.65,Two year,None,UPI,No,Yes,3,0
C103884,45.0,12,28.75,Two year,None,UPI,No,No,0,0
C103885,54.0,30,32.37,Two year,None,Bank transfer,Yes,Yes,2,0
C103886,52.0,6,16.71,Month-to-month,DSL,UPI,No,No,0,0
C103887,62.0,13,34.14,Month-to-month,DSL,,No,Yes,2,0
C103888,38.0,11,10.0,One year,None,Bank transfer,Yes,No,1,0
C103889,76.0,60,91.81,One year,Fiber,Bank transfer,Yes,No,2,0
C103890,18.0,41,71.21,One year,Fiber,Card,Yes,No,1,0
C103891,62.0,67,27.79,Month-to-month,None,UPI,No,Yes,2,0
C103892,28.0,32,29.98,Month-to-month,DSL,Bank transfer,No,Yes,3,0
C103893,55.0,15,32.16,Month-to-month,DSL,Card,No,Yes,1,0
C103894,19.0,44,78.79,Month-to-month,Fiber,Cash,Yes,No,2,0
C103895,32.0,67,74.12,Month-to-month,Fiber,UPI,No,Yes,2,1
C103896,42.0,39,48.42,Two year,DSL,Bank transfer,Yes,Yes,1,0
C103897,24.0,2,63.32,Month-to-month,Fiber,Cash,No,Yes,1,1
C103898,38.0,22,68.26,One year,Fiber,Cash,No,No,3,1
C103899,57.0,67,74.11,Two year,Fiber,UPI,No,Yes,2,0
C103900,28.0,38,40.33,Month-to-month,DSL,Bank transfer,Yes,Yes,1,0
C103901,56.0,69,73.35,Month-to-month,Fiber,Card,Yes,No,1,0
C103902,47.0,37,59.42,One year,Fiber,Card,Yes,No,4,1
C103903,70.0,1,12.46,Month-to-month,None,Cash,No,No,1,1
C103904,57.0,63,37.73,Month-to-month,DSL,UPI,Yes,Yes,2,0
C103905,45.0,55,10.0,Two year,None,Bank transfer,No,Yes,1,0
C103906,69.0,52,62.91,One year,Fiber,Card,Yes,Yes,2,0
C103907,28.0,70,70.3,Two year,Fiber,Card,No,Yes,2,0
C103908,53.0,15,28.79,Two year,DSL,Card,Yes,Yes,1,0
C103909,31.0,66,36.83,Month-to-month,DSL,UPI,Yes,Yes,1,0
C103910,45.0,17,69.28,One year,Fiber,Card,No,Yes,1,0
C103911,47.0,70,28.69,One year,DSL,UPI,Yes,Yes,1,0
C103912,55.0,14,28.88,One year,DSL,Cash,No,No,1,0
C103913,37.0,40,30.22,One year,None,Bank transfer,No,Yes,2,0
C103914,59.0,57,38.07,One year,DSL,Bank transfer,Yes,No,5,0
C103915,29.0,6,21.98,Two year,None,Card,No,No,0,0
C103916,28.0,5,70.44,Month-to-month,Fiber,UPI,No,Yes,0,1
C103917,24.0,62,12.74,One year,None,Bank transfer,Yes,Yes,1,0
C103918,47.0,5,30.49,Month-to-month,DSL,Card,Yes,No,1,1
C103919,43.0,45,50.79,One year,Fiber,UPI,Yes,No,1,0
C103920,69.0,68,64.91,One year,Fiber,Cash,Yes,Yes,1,0
C103921,38.0,45,15.04,One year,None,Card,Yes,Yes,1,0
C103922,54.0,35,39.39,Month-to-month,DSL,Cash,No,No,0,0
C103923,77.0,31,30.17,Month-to-month,DSL,Card,Yes,No,2,0
C103924,56.0,46,26.29,Month-to-month,None,Card,No,No,1,0
C103925,71.0,42,32.92,Month-to-month,DSL,Card,No,Yes,0,0
C103926,49.0,37,71.19,Month-to-month,Fiber,Cash,Yes,No,2,1
C103927,29.0,12,34.75,Two year,DSL,UPI,No,Yes,2,0
C103928,45.0,48,40.6,Month-to-month,DSL,Bank transfer,Yes,Yes,1,0
C103929,64.0,54,79.65,Two year,Fiber,UPI,Yes,No,1,0
C103930,25.0,52,62.1,Month-to-month,Fiber,Cash,No,Yes,1,0
C103931,47.0,6,84.08,One year,Fiber,UPI,No,Yes,3,1
C103932,50.0,51,63.15,One year,Fiber,UPI,Yes,No,2,0
C103933,75.0,53,68.53,One year,Fiber,Bank transfer,No,No,3,0
C103934,78.0,14,15.77,One year,None,Bank transfer,No,No,1,0
C103935,55.0,62,47.06,One year,DSL,Bank transfer,No,Yes,1,0
C103936,31.0,38,26.51,Two year,DSL,Card,No,Yes,5,1
C103937,30.0,35,40.74,One year,DSL,,No,Yes,3,0
C103938,55.0,53,52.33,Month-to-month,Fiber,Card,No,Yes,3,0
C103939,30.0,37,41.51,Month-to-month,DSL,Cash,No,Yes,1,0
C103940,59.0,40,68.47,One year,Fiber,UPI,No,Yes,0,0
C103941,77.0,23,67.0,Month-to-month,Fiber,Card,No,Yes,2,1
C103942,29.0,67,64.47,Month-to-month,Fiber,UPI,Yes,Yes,3,0
C103943,74.0,70,19.47,One year,None,UPI,Yes,Yes,1,0
C103944,20.0,10,67.16,Month-to-month,Fiber,UPI,Yes,Yes,2,1
C103945,47.0,53,58.07,One year,Fiber,Bank transfer,Yes,Yes,1,0
C103946,41.0,2,28.72,One year,DSL,Bank transfer,Yes,No,4,0
C103947,52.0,27,76.39,One year,Fiber,Card,No,Yes,2,1
C103948,47.0,70,31.78,One year,DSL,UPI,No,No,1,0
C103949,51.0,13,13.68,Two year,None,Bank transfer,Yes,Yes,0,0
C103950,25.0,28,70.37,One year,Fiber,Cash,Yes,No,0,0
C103951,65.0,16,38.91,Two year,DSL,UPI,No,No,3,0
C103952,76.0,53,40.2,Month-to-month,DSL,Cash,No,No,0,0
C103953,47.0,34,72.7,One year,Fiber,Card,No,No,2,0
C103954,71.0,43,29.67,One year,None,Bank transfer,No,Yes,0,0
C103955,25.0,68,35.39,Month-to-month,DSL,Bank transfer,No,Yes,2,0
C103956,63.0,38,33.11,Month-to-month,DSL,UPI,Yes,No,2,1
C103957,38.0,53,76.99,One year,Fiber,Card,Yes,Yes,2,0
C103958,59.0,8,14.33,Month-to-month,None,Bank transfer,No,No,2,0
C103959,53.0,16,16.77,Two year,None,UPI,Yes,No,1,0
C103960,20.0,69,22.26,Month-to-month,DSL,Card,Yes,Yes,0,1
C103961,39.0,62,84.51,Month-to-month,Fiber,Card,Yes,Yes,4,1
C103962,44.0,48,86.68,One year,Fiber,Bank transfer,No,No,3,1
C103963,,28,68.6,Month-to-month,Fiber,Card,No,No,1,1
C103964,24.0,15,76.11,Month-to-month,Fiber,UPI,No,No,2,1
C103965,76.0,62,75.6,One year,Fiber,Cash,No,No,3,0
C103966,20.0,57,71.52,Month-to-month,Fiber,Bank transfer,Yes,Yes,2,1
C103967,33.0,18,44.72,Month-to-month,DSL,UPI,No,Yes,0,1
C103968,26.0,43,24.88,One year,DSL,UPI,No,Yes,2,0
C103969,73.0,45,68.52,One year,Fiber,Card,Yes,Yes,2,0
C103970,53.0,35,18.31,One year,DSL,UPI,No,No,2,1
C103971,62.0,67,61.91,Month-to-month,Fiber,Card,Yes,No,0,0
C103972,60.0,9,10.0,Month-to-month,None,Card,No,No,2,0
C103973,54.0,19,10.0,Two year,None,Card,Yes,Yes,0,0
C103974,36.0,7,31.04,One year,DSL,,Yes,Yes,1,0
C103975,26.0,50,37.92,Month-to-month,DSL,Card,No,Yes,1,0
C103976,45.0,47,64.68,Two year,Fiber,Card,No,Yes,2,0
C103977,43.0,72,65.64,Month-to-month,Fiber,Cash,Yes,Yes,0,0
C103978,45.0,40,29.12,One year,DSL,Card,No,Yes,1,0
C103979,79.0,11,21.12,One year,None,Bank transfer,No,Yes,2,0
C103980,25.0,33,30.16,Two year,DSL,UPI,Yes,Yes,3,0
C103981,58.0,7,26.95,Two year,DSL,UPI,No,No,1,0
C103982,27.0,49,77.46,Month-to-month,Fiber,Card,No,No,7,1
C103983,54.0,49,63.02,One year,Fiber,Card,No,Yes,2,0
C103984,59.0,62,59.83,Month-to-month,Fiber,Bank transfer,No,No,2,0
C103985,20.0,25,75.92,One year,Fiber,UPI,No,Yes,1,0
C103986,46.0,23,10.0,One year,None,Card,No,Yes,1,0
C103987,,6,44.83,Month-to-month,DSL,UPI,No,No,2,1
C103988,48.0,30,61.79,Month-to-month,Fiber,UPI,Yes,Yes,1,1
C103989,48.0,35,35.64,Month-to-month,DSL,Card,Yes,No,1,0
C103990,47.0,55,62.04,Month-to-month,Fiber,UPI,No,Yes,2,0
C103991,57.0,55,,Month-to-month,Fiber,UPI,No,Yes,4,0
C103992,30.0,11,65.83,Two year,Fiber,UPI,Yes,Yes,0,0
C103993,71.0,21,27.14,Month-to-month,DSL,Bank transfer,Yes,Yes,1,0
C103994,70.0,37,10.0,One year,None,UPI,Yes,Yes,1,0
C103995,46.0,25,65.67,Two year,Fiber,Cash,Yes,Yes,5,0
C103996,74.0,2,23.8,One year,None,UPI,Yes,Yes,1,0
C103997,35.0,61,75.39,Month-to-month,Fiber,UPI,No,Yes,0,0
C103998,30.0,53,14.25,Two year,None,Bank transfer,Yes,Yes,1,0
C103999,35.0,38,64.27,One year,Fiber,UPI,No,No,1,0
C104000,66.0,23,68.61,One year,Fiber,Card,No,No,3,0
C104001,26.0,61,70.01,Two year,Fiber,Cash,No,No,3,0
C104002,36.0,3,69.97,One year,Fiber,Cash,No,No,0,1
C104003,27.0,33,66.53,Month-to-month,Fiber,Card,No,Yes,2,1
C104004,45.0,58,67.08,Two year,Fiber,UPI,No,No,1,0
C104005,,69,67.7,Month-to-month,Fiber,Bank transfer,No,No,2,0
C104006,68.0,19,50.68,Two year,Fiber,Cash,Yes,No,2,0
C104007,65.0,47,66.76,Month-to-month,Fiber,UPI,No,No,1,0
C104008,72.0,14,76.26,Month-to-month,Fiber,Card,No,No,1,0
C104009,43.0,9,81.15,Month-to-month,Fiber,Bank transfer,No,Yes,2,1
C104010,50.0,26,79.41,Month-to-month,Fiber,Card,Yes,No,2,1
C104011,71.0,64,70.72,Two year,Fiber,Bank transfer,Yes,Yes,0,0
C104012,62.0,50,10.49,Month-to-month,None,UPI,No,Yes,1,0
C104013,76.0,36,30.62,One year,DSL,UPI,Yes,Yes,3,0
C104014,78.0,21,28.91,Month-to-month,DSL,Card,Yes,Yes,3,0
C104015,22.0,11,23.73,Two year,DSL,UPI,No,Yes,3,0
C104016,32.0,20,62.46,Month-to-month,Fiber,UPI,No,Yes,2,0
C104017,62.0,11,64.17,Month-to-month,Fiber,UPI,Yes,Yes,2,0
C104018,24.0,14,58.84,Month-to-month,Fiber,Card,Yes,No,1,0
C104019,23.0,50,42.46,One year,DSL,Card,No,Yes,1,0
C104020,26.0,10,24.87,Two year,None,Cash,No,Yes,0,0
C104021,22.0,4,69.61,Two year,Fiber,UPI,No,No,2,0
C104022,59.0,40,,Month-to-month,Fiber,Bank transfer,No,No,1,0
C104023,35.0,21,37.45,Month-to-month,DSL,UPI,Yes,No,5,0
C104024,76.0,33,29.13,Month-to-month,DSL,Bank transfer,No,Yes,5,0
C104025,24.0,11,49.39,Month-to-month,DSL,UPI,No,No,1,0
C104026,46.0,16,63.85,One year,Fiber,Card,No,No,3,0
C104027,59.0,32,56.66,Month-to-month,Fiber,Card,No,Yes,1,1
C104028,40.0,50,36.29,One year,DSL,Card,Yes,Yes,2,0
C104029,62.0,30,39.51,Two year,DSL,Bank transfer,Yes,Yes,3,0
C104030,70.0,40,32.58,Month-to-month,DSL,Bank transfer,No,No,1,0
C104031,57.0,38,,Month-to-month,Fiber,Bank transfer,Yes,No,1,0
C104032,55.0,20,36.45,Month-to-month,DSL,Bank transfer,No,No,2,0
C104033,53.0,21,28.43,Month-to-month,DSL,Bank transfer,No,No,2,1
C104034,79.0,31,30.25,Month-to-month,DSL,Cash,Yes,No,1,1
C104035,66.0,3,71.19,One year,Fiber,Bank transfer,No,Yes,2,0
C104036,21.0,50,20.64,Month-to-month,None,Card,No,Yes,0,0
C104037,65.0,45,79.71,One year,Fiber,Card,No,Yes,1,0
C104038,28.0,23,,Two year,DSL,UPI,Yes,Yes,3,0
C104039,71.0,27,10.0,Two year,None,Bank transfer,Yes,Yes,1,0
C104040,38.0,24,18.65,One year,None,UPI,Yes,Yes,4,0
C104041,60.0,47,60.06,Month-to-month,Fiber,UPI,Yes,No,3,0
C104042,63.0,55,46.67,Month-to-month,DSL,Bank transfer,No,Yes,0,0
C104043,40.0,8,62.21,Month-to-month,Fiber,UPI,Yes,No,2,1
C104044,77.0,30,21.62,Two year,None,Card,Yes,No,2,0
C104045,50.0,1,64.42,Two year,Fiber,Bank transfer,No,Yes,0,1
C104046,44.0,33,54.17,Month-to-month,Fiber,UPI,Yes,Yes,2,0
C104047,48.0,18,59.96,Month-to-month,Fiber,Card,Yes,Yes,1,0
C104048,37.0,25,18.0,Month-to-month,None,UPI,No,No,1,1
C104049,24.0,33,39.55,Month-to-month,DSL,UPI,No,No,1,0
C104050,,24,39.25,Two year,DSL,UPI,Yes,Yes,2,0
C104051,68.0,29,10.0,Month-to-month,None,Card,No,No,2,0
C104052,68.0,56,37.51,Month-to-month,DSL,UPI,No,No,3,0
C104053,74.0,59,77.6,Month-to-month,Fiber,Bank transfer,Yes,Yes,0,0
C104054,55.0,1,39.1,Month-to-month,DSL,Card,Yes,No,2,1
C104055,79.0,28,32.11,Month-to-month,DSL,UPI,No,Yes,1,0
C104056,79.0,61,35.38,Two year,DSL,UPI,Yes,Yes,1,0
C104057,33.0,39,71.22,Month-to-month,Fiber,UPI,No,No,1,1
C104058,45.0,15,81.18,One year,Fiber,UPI,Yes,Yes,4,0
C104059,23.0,43,83.61,Month-to-month,Fiber,UPI,Yes,No,5,1
C104060,61.0,11,40.16,Month-to-month,DSL,UPI,No,No,3,0
C104061,24.0,2,20.43,Month-to-month,None,Bank transfer,No,Yes,3,1
C104062,,46,69.75,Month-to-month,Fiber,UPI,Yes,No,0,1
C104063,67.0,38,20.58,Month-to-month,None,Cash,Yes,Yes,0,0
C104064,43.0,55,71.64,Month-to-month,Fiber,UPI,No,Yes,1,0
C104065,57.0,25,30.87,Two year,DSL,Bank transfer,No,Yes,1,0
C104066,76.0,62,85.75,One year,Fiber,UPI,No,No,0,0
C104067,64.0,31,13.66,Two year,None,Bank transfer,Yes,No,1,0
C104068,45.0,54,45.36,Month-to-month,DSL,Cash,No,Yes,2,0
C104069,74.0,8,52.42,One year,Fiber,UPI,Yes,Yes,2,0
C104070,20.0,7,67.8,One year,Fiber,UPI,Yes,No,3,1
C104071,32.0,57,32.29,Month-to-month,DSL,Cash,Yes,No,1,0
C104072,38.0,61,71.83,Month-to-month,Fiber,Cash,Yes,Yes,3,0
C104073,40.0,68,32.09,Month-to-month,DSL,Cash,No,Yes,0,0
C104074,59.0,24,46.09,One year,DSL,Card,Yes,Yes,2,0
C104075,67.0,2,18.06,Month-to-month,None,Card,No,Yes,1,0
C104076,21.0,71,61.77,Month-to-month,Fiber,UPI,Yes,Yes,1,0
C104077,34.0,44,62.27,Two year,Fiber,Bank transfer,Yes,No,3,0
C104078,68.0,18,66.22,Month-to-month,Fiber,Card,No,No,0,1
C104079,49.0,55,25.79,Two year,None,UPI,No,Yes,1,0
C104080,37.0,66,77.24,Two year,Fiber,UPI,Yes,No,1,0
C104081,45.0,21,60.38,Two year,Fiber,Card,Yes,Yes,2,0
C104082,55.0,56,28.6,One year,DSL,Bank transfer,No,No,3,0
C104083,54.0,57,61.48,Month-to-month,Fiber,Card,No,Yes,2,0
C104084,69.0,37,67.72,One year,Fiber,Bank transfer,No,Yes,1,0
C104085,79.0,46,77.7,One year,Fiber,UPI,No,Yes,4,0
C104086,68.0,20,71.37,One year,Fiber,UPI,Yes,Yes,2,0
C104087,24.0,67,39.4,Month-to-month,DSL,UPI,No,No,2,0
C104088,44.0,71,25.98,Month-to-month,None,Card,Yes,Yes,0,0
C104089,48.0,71,15.31,Month-to-month,None,UPI,Yes,Yes,2,0
C104090,57.0,54,59.75,Month-to-month,Fiber,Bank transfer,No,Yes,3,0
C104091,77.0,4,65.3,One year,Fiber,UPI,Yes,No,2,1
C104092,45.0,27,76.57,Two year,Fiber,Card,No,No,1,1
C104093,39.0,33,74.82,One year,Fiber,Bank transfer,Yes,No,2,0
C104094,73.0,70,70.63,One year,Fiber,Card,No,No,1,0
C104095,63.0,40,77.59,Month-to-month,Fiber,UPI,No,No,2,0
C104096,46.0,39,36.17,Month-to-month,DSL,UPI,No,Yes,1,1
C104097,75.0,11,32.35,Month-to-month,DSL,UPI,No,No,2,0
C104098,36.0,58,57.45,Month-to-month,Fiber,Card,Yes,Yes,1,0
C104099,32.0,25,80.17,Month-to-month,Fiber,Card,No,No,1,1
C104100,19.0,7,34.23,Month-to-month,DSL,Card,No,No,0,1
C104101,23.0,72,31.39,Month-to-month,DSL,UPI,No,Yes,1,0
C104102,71.0,14,69.18,One year,Fiber,UPI,Yes,Yes,3,1
C104103,22.0,2,81.99,Month-to-month,Fiber,Bank transfer,Yes,Yes,1,1
C104104,65.0,6,77.94,Month-to-month,Fiber,Card,Yes,No,2,1
C104105,22.0,33,67.12,Month-to-month,Fiber,Card,No,Yes,0,1
C104106,32.0,8,23.76,One year,None,Bank transfer,No,No,1,0
C104107,39.0,61,44.82,One year,DSL,UPI,No,Yes,2,0
C104108,31.0,37,22.78,Month-to-month,None,Bank transfer,No,Yes,2,0
C104109,,24,35.97,Month-to-month,DSL,,No,Yes,1,0
C104110,79.0,1,53.28,Two year,Fiber,Card,No,No,0,0
C104111,43.0,35,44.97,One year,DSL,UPI,Yes,Yes,2,0
C104112,44.0,11,26.77,One year,DSL,UPI,No,No,2,0
C104113,64.0,71,20.03,Month-to-month,DSL,UPI,No,No,2,0
C104114,74.0,21,20.57,Two year,DSL,Card,Yes,No,1,0
C104115,36.0,35,13.16,Two year,None,Card,Yes,Yes,2,0
C104116,46.0,2,73.89,Month-to-month,Fiber,,Yes,Yes,2,1
C104117,47.0,10,29.29,One year,None,Card,No,Yes,0,0
C104118,34.0,15,72.73,Month-to-month,Fiber,Bank transfer,Yes,Yes,1,0
C104119,25.0,4,83.88,One year,Fiber,Card,Yes,Yes,1,1
C104120,75.0,53,31.77,Month-to-month,DSL,UPI,Yes,Yes,2,0
C104121,61.0,69,68.14,Month-to-month,Fiber,Card,No,No,0,0
C104122,60.0,71,55.07,Two year,Fiber,Cash,No,Yes,0,0
C104123,37.0,20,15.39,Two year,None,Card,No,Yes,3,0
C104124,58.0,57,10.0,Month-to-month,None,Card,No,No,2,0
C104125,26.0,37,24.27,Two year,DSL,Bank transfer,Yes,Yes,2,0
C104126,25.0,4,75.04,Month-to-month,Fiber,Card,Yes,Yes,2,1
C104127,77.0,7,56.5,Month-to-month,Fiber,Card,No,No,2,0
C104128,32.0,40,57.29,Two year,Fiber,Card,No,Yes,1,0
C104129,65.0,31,20.94,Month-to-month,DSL,Bank transfer,No,Yes,1,0
C104130,35.0,1,76.21,Month-to-month,Fiber,UPI,Yes,Yes,1,1
C104131,58.0,67,83.11,One year,Fiber,Bank transfer,No,Yes,0,0
C104132,55.0,53,34.4,Month-to-month,DSL,Bank transfer,Yes,Yes,0,0
C104133,62.0,37,77.54,Month-to-month,Fiber,UPI,No,No,2,1
C104134,77.0,72,25.69,Month-to-month,DSL,Card,No,Yes,2,0
C104135,44.0,70,29.84,One year,None,Bank transfer,No,Yes,0,0
C104136,71.0,71,29.27,Month-to-month,DSL,Cash,No,Yes,1,0
C104137,36.0,19,40.34,Month-to-month,DSL,Bank transfer,No,No,0,1
C104138,77.0,64,34.78,One year,DSL,Card,No,Yes,1,0
C104139,48.0,37,10.0,Month-to-month,None,Bank transfer,No,Yes,1,0
C104140,70.0,53,62.92,Month-to-month,Fiber,Bank transfer,Yes,Yes,5,1
C104141,69.0,62,36.37,One year,DSL,Cash,Yes,Yes,2,1
C104142,57.0,12,20.2,One year,DSL,Card,No,Yes,0,0
C104143,77.0,33,72.37,Month-to-month,Fiber,Bank transfer,No,Yes,3,1
C104144,59.0,10,58.67,Two year,Fiber,Bank transfer,No,Yes,0,0
C104145,55.0,21,39.33,One year,DSL,Cash,No,Yes,0,0
C104146,33.0,30,10.0,Month-to-month,None,Bank transfer,Yes,No,2,0
C104147,41.0,62,38.55,One year,DSL,Cash,No,Yes,4,0
C104148,18.0,63,76.53,One year,Fiber,UPI,No,Yes,2,0
C104149,62.0,29,33.66,One year,DSL,Card,Yes,Yes,2,0
C104150,55.0,24,,One year,Fiber,UPI,Yes,Yes,3,0
C104151,61.0,39,81.88,One year,Fiber,Bank transfer,Yes,Yes,2,0
C104152,56.0,66,63.73,Two year,Fiber,Card,No,Yes,2,0
C104153,33.0,71,65.73,One year,Fiber,UPI,Yes,Yes,1,0
C104154,79.0,17,25.13,Two year,None,Cash,No,Yes,1,0
C104155,45.0,14,23.38,One year,None,Cash,Yes,Yes,0,0
C104156,61.0,51,68.06,Two year,Fiber,Bank transfer,Yes,Yes,3,0
C104157,26.0,22,60.28,Two year,Fiber,Bank transfer,Yes,Yes,0,0
C104158,55.0,15,27.79,Month-to-month,None,Card,Yes,Yes,2,0
C104159,42.0,3,25.09,Month-to-month,DSL,UPI,No,Yes,1,0
C104160,75.0,30,53.23,One year,DSL,UPI,No,Yes,3,0
C104161,65.0,29,25.44,Month-to-month,DSL,Bank transfer,No,Yes,1,0
C104162,75.0,41,11.16,One year,None,Card,No,No,1,0
C104163,37.0,15,37.73,One year,DSL,Card,Yes,Yes,2,0
C104164,58.0,52,39.39,Two year,DSL,Bank transfer,No,Yes,1,0
C104165,57.0,49,62.21,Month-to-month,Fiber,UPI,No,No,1,1
C104166,33.0,34,48.54,One year,DSL,Bank transfer,No,Yes,0,0
C104167,38.0,14,37.64,Month-to-month,DSL,UPI,No,Yes,0,1
C104168,59.0,37,68.02,Month-to-month,Fiber,Bank transfer,Yes,No,4,1
C104169,27.0,49,38.09,Month-to-month,DSL,UPI,Yes,Yes,2,0
C104170,42.0,27,,Month-to-month,None,Bank transfer,Yes,No,0,0
C104171,63.0,19,47.87,Month-to-month,DSL,Bank transfer,No,Yes,1,0
C104172,70.0,37,21.54,One year,None,Card,No,Yes,1,0
C104173,54.0,26,59.81,One year,Fiber,UPI,No,Yes,1,1
C104174,59.0,29,24.93,Month-to-month,DSL,Cash,Yes,No,1,0
C104175,69.0,26,23.68,Month-to-month,DSL,Card,No,Yes,2,0
C104176,32.0,22,64.86,Month-to-month,Fiber,Bank transfer,No,Yes,1,0
C104177,60.0,52,70.3,Two year,Fiber,Card,Yes,No,1,0
C104178,63.0,34,36.71,Two year,DSL,Bank transfer,Yes,No,2,0
C104179,68.0,34,29.01,Month-to-month,None,Card,No,Yes,3,0
C104180,55.0,48,53.41,Month-to-month,Fiber,UPI,No,Yes,0,0
C104181,27.0,27,,Month-to-month,None,UPI,Yes,No,2,0
C104182,21.0,8,38.69,One year,DSL,Card,Yes,No,2,0
C104183,56.0,62,12.54,Month-to-month,DSL,UPI,Yes,No,3,0
C104184,35.0,5,73.63,Month-to-month,Fiber,Cash,No,No,2,0
C104185,40.0,42,56.84,Month-to-month,DSL,Bank transfer,No,No,0,0
C104186,46.0,20,41.19,Month-to-month,DSL,Cash,Yes,Yes,1,0
C104187,64.0,16,37.46,Month-to-month,DSL,Bank transfer,No,Yes,1,0
C104188,39.0,4,32.81,Month-to-month,DSL,UPI,No,Yes,4,1
C104189,53.0,65,71.86,One year,Fiber,UPI,Yes,No,4,0
C104190,48.0,31,47.3,Month-to-month,DSL,Cash,Yes,Yes,1,0
C104191,21.0,25,17.23,Month-to-month,None,UPI,Yes,Yes,0,1
C104192,60.0,54,44.55,One year,DSL,UPI,Yes,Yes,0,0
C104193,51.0,3,73.71,Month-to-month,Fiber,Bank transfer,No,No,3,1
C104194,,41,83.01,One year,Fiber,Cash,No,Yes,1,0
C104195,64.0,36,78.71,Two year,Fiber,,No,No,0,0
C104196,24.0,40,21.52,Month-to-month,None,Card,Yes,No,1,0
C104197,34.0,9,21.0,Two year,None,UPI,No,Yes,1,0
C104198,32.0,69,32.49,One year,DSL,Bank transfer,Yes,Yes,1,0
C104199,58.0,18,77.82,One year,Fiber,UPI,Yes,Yes,1,1
C104200,79.0,49,15.28,Month-to-month,None,Bank transfer,Yes,No,1,0
C104201,70.0,54,35.91,Month-to-month,DSL,UPI,No,Yes,0,1
C104202,26.0,25,68.45,Month-to-month,Fiber,UPI,No,No,0,0
C104203,22.0,10,24.27,Two year,DSL,UPI,No,No,4,0
C104204,66.0,22,71.76,One year,Fiber,UPI,No,Yes,3,0
C104205,53.0,59,57.8,Month-to-month,Fiber,Bank transfer,Yes,Yes,5,1
C104206,40.0,66,66.41,Month-to-month,Fiber,Card,Yes,Yes,1,0
C104207,73.0,68,25.34,Month-to-month,None,Bank transfer,No,Yes,2,0
C104208,29.0,17,71.35,Month-to-month,Fiber,UPI,No,Yes,2,1
C104209,25.0,44,21.22,One year,None,Cash,No,Yes,2,0
C104210,48.0,11,63.08,Month-to-month,Fiber,Bank transfer,Yes,No,1,1
C104211,34.0,52,78.39,One year,Fiber,Card,No,No,3,0
C104212,32.0,30,62.91,One year,Fiber,Cash,Yes,No,2,1
C104213,56.0,52,75.65,One year,Fiber,UPI,Yes,Yes,2,0
C104214,36.0,50,30.39,Two year,None,UPI,Yes,No,2,0
C104215,,72,22.76,Month-to-month,DSL,Cash,Yes,No,1,0
C104216,53.0,36,16.75,One year,None,Cash,No,Yes,2,0
C104217,67.0,25,66.01,One year,Fiber,Bank transfer,No,No,2,1
C104218,78.0,38,72.18,Month-to-month,Fiber,Cash,Yes,No,0,1
C104219,57.0,12,62.45,Month-to-month,Fiber,UPI,Yes,No,1,1
C104220,35.0,9,60.68,Month-to-month,Fiber,,No,Yes,0,1
C104221,53.0,38,69.57,Month-to-month,Fiber,Card,No,No,2,1
C104222,47.0,60,65.51,Month-to-month,Fiber,UPI,Yes,Yes,2,0
C104223,46.0,39,33.83,Month-to-month,DSL,UPI,Yes,Yes,1,0
C104224,39.0,57,77.14,One year,Fiber,UPI,No,Yes,1,0
C104225,22.0,13,57.06,Month-to-month,Fiber,UPI,No,Yes,1,0
C104226,33.0,33,69.09,Month-to-month,Fiber,Card,Yes,Yes,0,0
C104227,54.0,45,65.27,Month-to-month,Fiber,UPI,No,Yes,2,1
C104228,22.0,26,35.19,Month-to-month,DSL,Bank transfer,No,Yes,2,0
C104229,27.0,2,65.3,Two year,Fiber,Card,Yes,No,4,0
C104230,53.0,6,,Month-to-month,Fiber,Bank transfer,No,No,2,1
C104231,,67,73.14,Month-to-month,Fiber,Bank transfer,No,No,1,1
C104232,28.0,44,92.17,Month-to-month,Fiber,UPI,No,Yes,0,1
C104233,22.0,20,69.2,Month-to-month,Fiber,Cash,No,No,0,1
C104234,39.0,19,64.19,One year,Fiber,Cash,Yes,Yes,0,0
C104235,22.0,3,29.17,One year,DSL,Card,No,Yes,0,0
C104236,73.0,69,42.48,Month-to-month,DSL,Bank transfer,No,Yes,3,1
C104237,66.0,8,62.98,One year,Fiber,Card,Yes,Yes,3,0
C104238,25.0,55,45.4,Month-to-month,DSL,UPI,No,No,1,0
C104239,24.0,18,21.91,Two year,DSL,UPI,No,Yes,2,0
C104240,51.0,25,36.54,One year,DSL,Bank transfer,No,No,1,0
C104241,,20,40.31,Month-to-month,DSL,Bank transfer,No,Yes,3,0
C104242,60.0,60,26.1,One year,None,Bank transfer,Yes,Yes,3,0
C104243,75.0,3,40.54,Two year,DSL,Bank transfer,Yes,Yes,0,0
C104244,38.0,26,37.13,Month-to-month,DSL,UPI,Yes,Yes,2,1
C104245,66.0,21,29.23,Two year,None,Card,No,No,0,0
C104246,38.0,20,12.07,Two year,None,Card,No,Yes,2,0
C104247,32.0,14,29.85,Month-to-month,DSL,UPI,No,Yes,3,0
C104248,78.0,66,16.78,One year,None,Bank transfer,Yes,No,1,0
C104249,33.0,28,46.87,One year,DSL,Card,No,Yes,1,1
C104250,26.0,31,73.73,Month-to-month,Fiber,UPI,No,Yes,0,0
C104251,54.0,28,40.46,Month-to-month,DSL,Card,No,Yes,0,0
C104252,54.0,71,68.57,Two year,Fiber,UPI,No,Yes,0,0
C104253,48.0,25,41.53,One year,DSL,UPI,No,No,2,0
C104254,23.0,25,57.58,Month-to-month,Fiber,Card,Yes,No,0,0
C104255,25.0,24,31.73,Month-to-month,DSL,Card,Yes,Yes,4,0
C104256,64.0,24,68.26,Month-to-month,Fiber,UPI,Yes,No,2,1
C104257,27.0,7,,Two year,Fiber,UPI,Yes,No,3,0
C104258,35.0,44,32.43,One year,DSL,Cash,No,Yes,1,0
C104259,67.0,2,24.37,Month-to-month,None,Card,Yes,Yes,0,0
C104260,38.0,17,71.91,Two year,Fiber,UPI,Yes,Yes,0,0
C104261,39.0,15,44.55,Two year,DSL,UPI,Yes,Yes,1,0
C104262,74.0,21,18.31,Month-to-month,DSL,UPI,No,Yes,0,0
C104263,67.0,55,46.91,Month-to-month,DSL,UPI,No,Yes,0,0
C104264,61.0,44,29.8,One year,DSL,Card,No,Yes,0,0
C104265,29.0,72,80.53,Month-to-month,Fiber,Cash,No,No,1,0
C104266,35.0,26,66.66,Month-to-month,Fiber,Cash,No,Yes,1,0
C104267,55.0,67,72.96,One year,Fiber,UPI,No,No,1,1
C104268,70.0,4,61.39,Two year,Fiber,UPI,No,Yes,0,0
C104269,49.0,37,60.27,Month-to-month,Fiber,Card,No,Yes,2,0
C104270,,58,39.65,Two year,DSL,Card,No,No,2,0
C104271,38.0,39,48.69,Two year,Fiber,Card,Yes,Yes,3,1
C104272,40.0,68,10.28,Month-to-month,None,Bank transfer,No,No,4,0
C104273,55.0,23,41.13,Month-to-month,DSL,Card,No,Yes,3,0
C104274,53.0,3,66.69,One year,Fiber,Card,Yes,Yes,0,1
C104275,25.0,56,12.94,One year,None,Card,No,Yes,1,0
C104276,,5,82.18,Month-to-month,Fiber,Card,No,Yes,0,1
C104277,71.0,56,35.0,One year,None,UPI,No,No,2,0
C104278,51.0,53,35.0,One year,DSL,UPI,No,No,1,0
C104279,64.0,61,80.19,One year,Fiber,UPI,No,Yes,3,0
C104280,69.0,35,47.14,One year,DSL,UPI,No,No,2,1
C104281,35.0,65,34.87,Month-to-month,DSL,UPI,No,No,6,0
C104282,32.0,13,15.9,Month-to-month,None,Bank transfer,Yes,Yes,1,0
C104283,53.0,32,35.71,Month-to-month,DSL,Card,Yes,Yes,5,0
C104284,47.0,9,10.0,Two year,None,Card,No,No,2,0
C104285,73.0,56,74.54,Two year,Fiber,,No,No,1,0
C104286,29.0,52,17.36,One year,None,Bank transfer,No,Yes,2,0
C104287,44.0,59,20.45,Month-to-month,None,UPI,No,Yes,1,0
C104288,21.0,56,70.34,One year,Fiber,Card,Yes,No,0,0
C104289,,23,13.22,Month-to-month,None,Card,No,No,1,0
C104290,54.0,5,69.71,Month-to-month,Fiber,Card,No,Yes,4,1
C104291,67.0,67,59.12,Month-to-month,Fiber,Cash,No,No,2,0
C104292,70.0,36,66.14,Two year,Fiber,UPI,Yes,Yes,4,0
C104293,18.0,7,26.09,Month-to-month,DSL,Card,No,Yes,1,0
C104294,72.0,67,27.99,One year,DSL,Card,No,No,3,0
C104295,60.0,72,16.94,Two year,DSL,Card,No,Yes,1,0
C104296,30.0,33,66.57,One year,Fiber,Card,Yes,Yes,1,0
C104297,31.0,56,38.88,Month-to-month,DSL,UPI,Yes,No,2,0
C104298,66.0,3,71.42,Two year,Fiber,UPI,Yes,Yes,0,0
C104299,61.0,7,78.67,One year,Fiber,Cash,No,Yes,0,1
C104300,30.0,20,62.38,Month-to-month,Fiber,Bank transfer,No,Yes,3,1
C104301,45.0,48,16.17,One year,None,Cash,No,Yes,0,0
C104302,71.0,10,27.34,Two year,None,Cash,No,Yes,1,0
C104303,19.0,3,19.31,Month-to-month,None,Cash,Yes,Yes,0,1
C104304,49.0,49,71.48,Month-to-month,Fiber,Cash,Yes,No,0,0
C104305,72.0,56,51.91,Month-to-month,DSL,UPI,No,No,2,0
C104306,18.0,54,17.97,Month-to-month,None,Card,No,No,4,0
C104307,51.0,58,31.13,One year,DSL,Card,No,Yes,4,0
C104308,52.0,58,27.06,Month-to-month,DSL,UPI,No,Yes,0,0
C104309,37.0,44,32.69,Month-to-month,DSL,Bank transfer,No,No,2,0
C104310,51.0,38,78.17,Month-to-month,Fiber,Card,No,No,2,1
C104311,61.0,62,74.59,Month-to-month,Fiber,Bank transfer,No,No,2,0
C104312,35.0,26,46.46,Month-to-month,DSL,Bank transfer,Yes,Yes,2,0
C104313,48.0,8,72.89,One year,Fiber,UPI,Yes,Yes,1,0
C104314,51.0,55,17.07,Month-to-month,DSL,UPI,No,Yes,0,0
C104315,20.0,20,40.03,Month-to-month,DSL,Card,No,Yes,1,1
C104316,31.0,71,35.83,Two year,DSL,UPI,Yes,No,0,0
C104317,58.0,30,35.01,Two year,DSL,Card,Yes,Yes,5,0
C104318,48.0,62,79.75,Month-to-month,Fiber,UPI,No,Yes,2,1
C104319,78.0,4,32.81,Month-to-month,DSL,UPI,Yes,Yes,1,1
C104320,70.0,48,39.64,Month-to-month,DSL,Card,No,No,1,0
C104321,31.0,33,26.39,Month-to-month,DSL,,No,No,0,0
C104322,79.0,34,57.85,Month-to-month,Fiber,UPI,No,Yes,4,0
C104323,71.0,20,15.21,Two year,None,UPI,Yes,No,1,0
C104324,44.0,70,67.49,One year,Fiber,Cash,No,Yes,0,0
C104325,56.0,29,74.38,Month-to-month,Fiber,Card,No,No,2,0
C104326,35.0,62,11.22,Two year,None,Cash,Yes,No,2,0
C104327,22.0,31,47.06,Month-to-month,DSL,Card,No,No,1,0
C104328,32.0,4,27.28,Month-to-month,DSL,Card,Yes,No,1,0
C104329,63.0,64,69.29,Month-to-month,Fiber,Cash,No,Yes,2,0
C104330,53.0,14,35.09,Month-to-month,DSL,Bank transfer,No,Yes,1,0
C104331,45.0,20,72.39,Two year,Fiber,UPI,No,No,1,0
C104332,47.0,62,73.61,Month-to-month,Fiber,Bank transfer,No,No,1,1
C104333,67.0,65,53.1,One year,DSL,UPI,No,Yes,3,0
C104334,61.0,67,65.18,Month-to-month,Fiber,Bank transfer,No,No,0,0
C104335,57.0,31,72.5,Two year,Fiber,Card,No,Yes,0,0
C104336,,55,34.33,One year,DSL,Bank transfer,Yes,Yes,0,0
C104337,18.0,24,27.86,Month-to-month,None,Cash,No,Yes,2,0
C104338,38.0,54,73.59,Month-to-month,Fiber,Cash,No,No,0,1
C104339,25.0,37,36.76,Two year,DSL,Bank transfer,Yes,No,0,0
C104340,66.0,4,23.05,Month-to-month,DSL,Bank transfer,No,No,2,0
C104341,39.0,31,31.37,Month-to-month,DSL,UPI,Yes,Yes,2,1
C104342,33.0,34,27.19,Two year,DSL,UPI,Yes,Yes,3,0
C104343,47.0,19,31.42,Month-to-month,DSL,Cash,Yes,Yes,0,0
C104344,47.0,27,28.39,Month-to-month,DSL,UPI,No,Yes,1,0
C104345,75.0,37,15.85,Month-to-month,None,UPI,Yes,Yes,0,0
C104346,29.0,4,16.71,Month-to-month,None,Bank transfer,Yes,No,7,1
C104347,68.0,11,66.85,Month-to-month,Fiber,Card,No,No,3,1
C104348,31.0,56,67.65,Month-to-month,Fiber,Bank transfer,No,No,1,0
C104349,67.0,26,62.58,Month-to-month,Fiber,Bank transfer,No,Yes,2,1
C104350,51.0,44,70.3,Month-to-month,Fiber,Card,Yes,No,2,1
C104351,51.0,41,12.78,Month-to-month,None,Card,Yes,Yes,2,0
C104352,61.0,40,65.21,Two year,Fiber,Bank transfer,No,Yes,1,0
C104353,23.0,30,69.6,One year,Fiber,Card,Yes,No,0,1
C104354,67.0,35,10.0,Month-to-month,None,Cash,No,No,1,0
C104355,64.0,60,89.93,Month-to-month,Fiber,Card,No,Yes,1,0
C104356,30.0,70,39.2,One year,DSL,Card,Yes,No,1,0
C104357,23.0,19,37.56,Month-to-month,DSL,Card,No,Yes,2,0
C104358,62.0,49,65.83,Month-to-month,Fiber,Bank transfer,No,Yes,0,1
C104359,23.0,70,35.75,One year,DSL,UPI,Yes,Yes,3,0
C104360,53.0,1,25.32,Month-to-month,DSL,Bank transfer,No,Yes,1,0
C104361,33.0,57,38.92,One year,DSL,Cash,No,No,1,0
C104362,62.0,36,21.53,Two year,DSL,UPI,Yes,Yes,2,0
C104363,75.0,70,10.0,Two year,None,,No,No,0,0
C104364,70.0,42,64.32,Month-to-month,Fiber,Card,No,No,3,0
C104365,64.0,61,47.08,Month-to-month,DSL,Cash,No,No,0,0
C104366,57.0,12,61.19,Month-to-month,Fiber,Card,No,Yes,1,1
C104367,22.0,11,37.67,One year,DSL,Cash,No,Yes,1,0
C104368,76.0,67,53.5,Two year,Fiber,Cash,Yes,Yes,2,0
C104369,74.0,38,70.2,Two year,Fiber,UPI,No,Yes,3,0
C104370,21.0,41,48.88,Month-to-month,DSL,UPI,No,Yes,2,0
C104371,66.0,13,74.0,Two year,Fiber,Cash,Yes,Yes,0,0
C104372,24.0,17,18.42,Month-to-month,DSL,Bank transfer,Yes,No,1,0
C104373,55.0,59,70.35,Two year,Fiber,Bank transfer,Yes,Yes,1,0
C104374,33.0,22,16.29,Month-to-month,None,UPI,Yes,Yes,0,1
C104375,25.0,43,29.81,Month-to-month,None,UPI,No,No,1,0
C104376,32.0,23,34.2,Month-to-month,DSL,UPI,Yes,No,0,0
C104377,37.0,19,58.48,Two year,Fiber,Cash,No,No,4,0
C104378,39.0,12,68.91,Month-to-month,Fiber,UPI,No,Yes,2,1
C104379,36.0,67,14.43,Month-to-month,None,Bank transfer,Yes,No,2,0
C104380,,68,17.72,Month-to-month,DSL,Card,No,Yes,2,0
C104381,57.0,9,68.61,Month-to-month,Fiber,Cash,No,No,1,1
C104382,46.0,26,35.04,Two year,DSL,UPI,Yes,Yes,0,0
C104383,54.0,41,38.05,Month-to-month,DSL,Bank transfer,Yes,No,1,0
C104384,41.0,28,78.14,Month-to-month,Fiber,Card,No,Yes,1,0
C104385,35.0,52,67.75,One year,Fiber,Cash,No,No,1,0
C104386,27.0,19,,Month-to-month,DSL,Bank transfer,No,No,0,0
C104387,37.0,5,13.31,Month-to-month,None,UPI,No,No,5,1
C104388,29.0,25,69.85,Month-to-month,Fiber,UPI,No,Yes,0,1
C104389,50.0,44,29.72,Month-to-month,None,UPI,No,No,0,0
C104390,58.0,14,70.03,Month-to-month,Fiber,UPI,No,Yes,1,0
C104391,70.0,59,18.94,Month-to-month,None,Card,No,No,1,0
C104392,36.0,1,68.11,Month-to-month,Fiber,UPI,Yes,Yes,3,1
C104393,25.0,5,34.93,One year,DSL,UPI,No,Yes,0,0
C104394,68.0,37,50.28,Two year,DSL,UPI,No,No,1,0
C104395,62.0,37,,Two year,None,Bank transfer,No,Yes,1,0
C104396,37.0,22,32.89,Month-to-month,DSL,UPI,Yes,No,1,0
C104397,79.0,19,70.31,Month-to-month,Fiber,Card,No,Yes,0,0
C104398,57.0,6,64.59,Two year,Fiber,Cash,Yes,No,0,1
C104399,64.0,48,22.51,One year,DSL,UPI,No,Yes,1,0
C104400,39.0,28,21.08,Month-to-month,DSL,Bank transfer,Yes,No,2,0
C104401,45.0,9,64.19,Month-to-month,Fiber,Cash,No,Yes,2,1
C104402,39.0,29,79.45,Month-to-month,Fiber,Bank transfer,Yes,Yes,0,0
C104403,63.0,68,79.34,Month-to-month,Fiber,UPI,No,Yes,2,0
C104404,68.0,19,26.07,Month-to-month,DSL,UPI,No,No,2,0
C104405,71.0,65,68.73,Month-to-month,Fiber,Bank transfer,Yes,Yes,1,0
C104406,38.0,19,36.05,Two year,DSL,Bank transfer,No,Yes,2,0
C104407,65.0,14,64.2,One year,Fiber,Card,No,Yes,2,1
C104408,,19,45.47,One year,DSL,UPI,No,No,0,0
C104409,18.0,24,41.1,Month-to-month,DSL,Cash,No,Yes,1,0
C104410,67.0,9,22.89,One year,None,Bank transfer,No,Yes,1,0
C104411,26.0,43,35.55,One year,DSL,Card,No,Yes,1,0
C104412,25.0,25,57.5,Month-to-month,Fiber,UPI,No,Yes,1,0
C104413,24.0,52,45.86,One year,DSL,UPI,No,Yes,1,0
C104414,52.0,36,39.64,One year,DSL,Card,No,Yes,3,0
C104415,19.0,32,38.27,Two year,DSL,Bank transfer,No,Yes,1,0
C104416,49.0,34,14.1,Month-to-month,None,UPI,No,No,2,0
C104417,62.0,12,64.79,Two year,Fiber,Card,No,Yes,0,0
C104418,51.0,52,38.96,Month-to-month,DSL,UPI,No,No,5,0
C104419,34.0,8,78.82,Month-to-month,Fiber,,No,Yes,3,1
C104420,38.0,52,83.8,Month-to-month,Fiber,Cash,Yes,Yes,1,0
C104421,62.0,72,64.12,Month-to-month,Fiber,Bank transfer,No,No,4,0
C104422,39.0,56,18.73,Month-to-month,None,Cash,No,No,1,0
C104423,59.0,33,53.25,Month-to-month,Fiber,Cash,Yes,No,0,1
C104424,60.0,23,50.31,One year,Fiber,UPI,Yes,No,0,1
C104425,50.0,63,39.2,Month-to-month,DSL,Card,Yes,Yes,1,0
C104426,41.0,19,13.17,Two year,None,Bank transfer,No,No,2,0
C104427,21.0,35,54.21,Month-to-month,Fiber,UPI,Yes,Yes,0,0
C104428,,56,25.7,One year,DSL,UPI,Yes,No,3,0
C104429,36.0,67,22.74,Two year,None,Cash,Yes,No,0,0
C104430,46.0,67,23.07,Two year,None,UPI,Yes,Yes,0,0
C104431,19.0,7,56.9,One year,Fiber,Cash,Yes,Yes,1,1
C104432,64.0,65,44.89,One year,DSL,UPI,Yes,No,0,0
C104433,74.0,9,64.43,Month-to-month,Fiber,Card,No,Yes,2,1
C104434,72.0,43,22.2,Month-to-month,None,Cash,No,Yes,2,0
C104435,37.0,67,70.3,Month-to-month,Fiber,Bank transfer,No,No,1,1
C104436,23.0,48,34.91,Month-to-month,DSL,UPI,Yes,Yes,1,0
C104437,23.0,69,27.5,Month-to-month,DSL,UPI,Yes,Yes,3,1
C104438,41.0,25,34.81,Month-to-month,DSL,Card,Yes,No,2,0
C104439,18.0,23,37.15,Two year,DSL,Card,No,No,4,0
C104440,29.0,24,68.41,Two year,Fiber,Card,Yes,Yes,3,0
C104441,55.0,26,35.81,Two year,DSL,,Yes,No,1,0
C104442,20.0,50,78.81,One year,Fiber,UPI,No,Yes,2,0
C104443,56.0,33,16.23,Month-to-month,None,UPI,Yes,Yes,1,1
C104444,71.0,54,75.23,Month-to-month,Fiber,Card,No,Yes,2,0
C104445,79.0,30,33.32,One year,DSL,UPI,No,Yes,3,0
C104446,78.0,23,31.4,One year,None,Card,No,No,1,1
C104447,35.0,14,23.75,Month-to-month,DSL,Card,Yes,Yes,0,0
C104448,58.0,40,30.43,Month-to-month,None,Cash,Yes,Yes,1,0
C104449,20.0,65,30.75,Month-to-month,DSL,Cash,No,No,1,0
C104450,32.0,62,86.89,Month-to-month,Fiber,Bank transfer,Yes,No,1,1
C104451,66.0,19,73.48,Month-to-month,Fiber,Card,Yes,No,3,1
C104452,30.0,35,76.8,Month-to-month,Fiber,Bank transfer,No,No,1,1
C104453,36.0,51,68.71,One year,Fiber,Card,Yes,No,3,1
C104454,43.0,45,40.45,Two year,DSL,UPI,Yes,No,1,0
C104455,38.0,5,75.44,Month-to-month,Fiber,Cash,No,No,2,1
C104456,63.0,43,33.86,One year,DSL,UPI,No,No,1,0
C104457,74.0,3,76.11,Two year,Fiber,Cash,Yes,No,1,0
C104458,51.0,9,43.11,Month-to-month,Fiber,Bank transfer,No,Yes,0,1
C104459,53.0,48,64.85,One year,Fiber,UPI,No,Yes,1,0
C104460,63.0,8,35.17,Month-to-month,DSL,Card,Yes,Yes,0,0
C104461,42.0,25,74.02,One year,Fiber,Bank transfer,No,Yes,1,0
C104462,46.0,43,77.78,Month-to-month,Fiber,UPI,Yes,Yes,1,0
C104463,76.0,48,32.98,Two year,DSL,Card,No,Yes,2,0
C104464,41.0,33,66.88,Two year,Fiber,Card,Yes,Yes,0,0
C104465,34.0,7,41.97,Month-to-month,DSL,Cash,Yes,No,3,0
C104466,19.0,58,44.21,Month-to-month,DSL,Card,No,Yes,3,0
C104467,19.0,69,75.92,Month-to-month,Fiber,Cash,No,No,2,1
C104468,65.0,64,33.78,One year,DSL,Bank transfer,Yes,No,1,0
C104469,32.0,54,55.39,One year,DSL,UPI,No,No,2,0
C104470,63.0,29,70.63,Month-to-month,Fiber,UPI,No,Yes,0,1
C104471,20.0,64,71.73,Two year,Fiber,Bank transfer,No,No,3,0
C104472,67.0,36,48.06,Month-to-month,DSL,UPI,Yes,Yes,1,0
C104473,43.0,10,47.22,Month-to-month,DSL,Card,Yes,No,2,1
C104474,68.0,62,75.66,Month-to-month,Fiber,Card,No,Yes,0,0
C104475,69.0,24,62.79,Month-to-month,Fiber,Cash,Yes,Yes,3,0
C104476,53.0,68,70.9,Month-to-month,Fiber,Bank transfer,Yes,Yes,1,0
C104477,78.0,27,74.14,Month-to-month,Fiber,UPI,Yes,No,1,1
C104478,76.0,63,85.62,Month-to-month,Fiber,Card,Yes,No,2,1
C104479,61.0,39,43.6,Two year,None,UPI,No,No,3,0
C104480,48.0,34,30.21,Month-to-month,DSL,Bank transfer,Yes,No,0,0
C104481,75.0,22,41.82,Two year,DSL,Card,Yes,Yes,2,0
C104482,78.0,61,28.48,One year,DSL,Cash,Yes,No,2,1
C104483,43.0,5,34.0,One year,DSL,Cash,Yes,Yes,1,0
C104484,38.0,34,63.06,Month-to-month,Fiber,UPI,Yes,No,4,0
C104485,36.0,27,33.35,One year,None,Cash,Yes,No,2,0
C104486,75.0,40,36.9,Month-to-month,DSL,Bank transfer,No,Yes,0,0
C104487,27.0,19,37.35,Month-to-month,DSL,Bank transfer,Yes,Yes,1,0
C104488,18.0,48,70.39,Month-to-month,Fiber,Card,Yes,No,2,0
C104489,49.0,28,23.01,Month-to-month,None,,No,No,2,0
C104490,76.0,14,38.28,Two year,DSL,UPI,No,No,0,0
C104491,38.0,15,64.52,Two year,Fiber,Bank transfer,No,No,2,0
C104492,49.0,51,10.0,One year,None,Card,No,No,0,0
C104493,24.0,19,59.38,Month-to-month,Fiber,UPI,Yes,Yes,0,1
C104494,68.0,23,57.11,Two year,Fiber,Cash,Yes,Yes,2,0
C104495,75.0,46,71.56,One year,Fiber,UPI,Yes,No,2,0
C104496,57.0,24,28.47,Month-to-month,DSL,Card,Yes,Yes,0,0
C104497,25.0,28,77.84,Month-to-month,Fiber,Bank transfer,No,No,2,1
C104498,24.0,18,36.93,One year,DSL,Card,No,Yes,2,1
C104499,63.0,25,55.32,Month-to-month,Fiber,Cash,No,No,1,1
C104500,25.0,50,16.72,Month-to-month,None,,No,Yes,1,0
C104501,22.0,39,18.02,One year,DSL,Card,No,No,2,0
C104502,73.0,72,60.85,Month-to-month,Fiber,UPI,No,Yes,1,0
C104503,50.0,56,31.08,Month-to-month,DSL,Cash,No,Yes,0,0
C104504,54.0,2,27.44,Month-to-month,DSL,Cash,No,Yes,2,0
C104505,59.0,28,85.08,One year,Fiber,UPI,Yes,No,2,0
C104506,39.0,21,40.99,Two year,DSL,Bank transfer,No,Yes,2,0
C104507,32.0,43,67.38,Two year,Fiber,UPI,No,Yes,0,0
C104508,50.0,20,46.42,One year,DSL,Card,No,No,1,0
C104509,22.0,70,12.2,One year,None,Bank transfer,No,Yes,1,0
C104510,36.0,22,67.34,One year,Fiber,UPI,No,Yes,1,0
C104511,54.0,38,76.83,Month-to-month,Fiber,UPI,No,Yes,1,1
C104512,76.0,9,61.07,Month-to-month,Fiber,UPI,No,Yes,1,1
C104513,55.0,66,75.48,One year,Fiber,Cash,Yes,Yes,0,0
C104514,64.0,66,37.34,One year,DSL,Card,Yes,Yes,2,0
C104515,37.0,58,24.7,Month-to-month,None,Card,Yes,Yes,1,0
C104516,21.0,26,49.38,Two year,DSL,Card,No,Yes,3,0
C104517,41.0,5,38.64,One year,DSL,Card,No,Yes,2,0
C104518,60.0,52,,Month-to-month,Fiber,Cash,Yes,Yes,0,0
C104519,20.0,31,58.02,Month-to-month,Fiber,UPI,Yes,Yes,0,0
C104520,71.0,72,71.68,Month-to-month,Fiber,Card,Yes,Yes,1,0
C104521,36.0,51,,Month-to-month,None,Cash,No,Yes,2,0
C104522,60.0,39,69.01,Month-to-month,Fiber,Card,No,No,1,1
C104523,72.0,72,31.21,Month-to-month,DSL,UPI,No,Yes,1,0
C104524,55.0,58,38.93,Month-to-month,DSL,Bank transfer,Yes,No,0,0
C104525,28.0,34,27.08,Month-to-month,DSL,Bank transfer,Yes,Yes,3,0
C104526,33.0,2,71.7,One year,Fiber,Card,No,Yes,0,1
C104527,47.0,7,26.67,One year,DSL,Bank transfer,No,No,1,0
C104528,78.0,32,55.61,Month-to-month,Fiber,UPI,Yes,Yes,5,1
C104529,59.0,41,67.27,Month-to-month,Fiber,Bank transfer,Yes,No,3,0
C104530,56.0,3,73.71,Month-to-month,Fiber,Card,Yes,Yes,2,1
C104531,67.0,10,28.78,Month-to-month,DSL,Bank transfer,Yes,Yes,1,0
C104532,26.0,51,36.09,Month-to-month,DSL,UPI,Yes,Yes,1,1
C104533,23.0,55,17.1,Month-to-month,None,Bank transfer,No,No,0,1
C104534,54.0,3,61.72,Month-to-month,Fiber,Cash,Yes,Yes,1,1
C104535,54.0,37,74.46,Two year,Fiber,Cash,Yes,Yes,1,0
C104536,33.0,6,64.79,Month-to-month,Fiber,Bank transfer,No,No,2,1
C104537,56.0,53,23.0,Two year,None,Card,Yes,Yes,1,0
C104538,27.0,61,23.32,Month-to-month,DSL,Card,No,Yes,2,1
C104539,30.0,63,21.09,Month-to-month,None,UPI,No,Yes,2,1
C104540,73.0,44,39.99,Two year,DSL,Card,Yes,No,1,0
C104541,19.0,46,22.81,Month-to-month,None,Bank transfer,No,Yes,0,0
C104542,52.0,67,42.14,One year,DSL,Bank transfer,Yes,No,2,0
C104543,70.0,45,40.16,Two year,DSL,UPI,Yes,No,2,0
C104544,62.0,33,37.39,One year,DSL,Card,Yes,Yes,1,0
C104545,45.0,55,26.77,Month-to-month,None,Cash,No,Yes,0,0
C104546,37.0,43,17.01,Month-to-month,None,UPI,No,Yes,1,0
C104547,21.0,61,39.17,Month-to-month,DSL,UPI,No,Yes,1,0
C104548,25.0,38,35.17,Month-to-month,DSL,UPI,Yes,Yes,1,0
C104549,53.0,63,49.8,Month-to-month,DSL,,No,Yes,2,0
C104550,50.0,4,37.19,Two year,DSL,Bank transfer,Yes,No,3,0
C104551,41.0,3,59.72,One year,Fiber,Card,Yes,Yes,2,1
C104552,36.0,8,37.02,Month-to-month,DSL,UPI,No,No,1,0
C104553,22.0,41,12.39,Month-to-month,None,Card,Yes,No,0,0
C104554,25.0,52,25.83,One year,None,Card,Yes,Yes,0,0
C104555,35.0,16,40.97,Two year,DSL,Card,No,No,2,0
C104556,75.0,12,65.13,Month-to-month,Fiber,Card,No,No,0,0
C104557,38.0,62,11.7,Month-to-month,None,Cash,No,Yes,0,1
C104558,25.0,55,21.06,Two year,None,Bank transfer,Yes,Yes,1,0
C104559,53.0,47,62.77,Two year,Fiber,Card,Yes,Yes,3,0
C104560,25.0,36,28.29,Two year,DSL,,Yes,Yes,2,0
C104561,43.0,31,30.95,Month-to-month,DSL,Bank transfer,Yes,No,2,0
C104562,63.0,2,74.99,Month-to-month,Fiber,Card,Yes,Yes,1,0
C104563,24.0,14,58.13,Month-to-month,Fiber,UPI,Yes,Yes,0,1
C104564,75.0,65,63.96,Month-to-month,Fiber,Card,Yes,No,1,0
C104565,57.0,25,89.19,Two year,Fiber,UPI,No,No,3,1
C104566,74.0,51,85.63,Month-to-month,Fiber,Cash,Yes,Yes,1,0
C104567,63.0,51,44.68,One year,DSL,Card,Yes,Yes,1,0
C104568,77.0,23,70.35,Two year,Fiber,Cash,Yes,Yes,1,1
C104569,49.0,15,26.02,Two year,None,Cash,Yes,No,2,0
C104570,19.0,50,31.92,One year,DSL,Cash,No,Yes,2,0
C104571,21.0,7,13.36,Two year,DSL,Bank transfer,Yes,Yes,2,0
C104572,29.0,36,15.44,Month-to-month,None,Cash,Yes,No,1,0
C104573,24.0,64,66.21,Month-to-month,Fiber,UPI,No,Yes,1,1
C104574,68.0,52,70.23,Month-to-month,Fiber,Cash,Yes,Yes,1,1
C104575,76.0,56,23.86,Two year,None,Card,Yes,No,1,0
C104576,56.0,6,83.21,Two year,Fiber,Bank transfer,No,No,1,0
C104577,29.0,15,20.25,Month-to-month,None,UPI,No,Yes,0,1
C104578,78.0,20,11.97,Month-to-month,None,Card,No,No,0,0
C104579,37.0,22,33.43,Month-to-month,DSL,Card,No,Yes,1,0
C104580,72.0,14,75.15,Month-to-month,Fiber,Card,No,Yes,1,1
C104581,60.0,70,34.1,Two year,DSL,UPI,Yes,Yes,1,0
C104582,45.0,12,63.57,Month-to-month,Fiber,Card,No,Yes,3,1
C104583,67.0,51,74.2,One year,Fiber,Card,Yes,Yes,3,0
C104584,59.0,43,60.86,One year,Fiber,Card,No,Yes,2,0
C104585,74.0,44,12.97,Month-to-month,None,UPI,No,Yes,3,1
C104586,55.0,16,73.33,Month-to-month,Fiber,Card,Yes,No,0,1
C104587,42.0,23,63.72,Two year,Fiber,Card,No,Yes,1,0
C104588,23.0,44,67.18,One year,Fiber,UPI,No,Yes,4,0
C104589,79.0,22,70.13,Month-to-month,Fiber,UPI,Yes,Yes,0,1
C104590,66.0,50,34.66,Month-to-month,DSL,Card,No,No,3,0
C104591,24.0,3,62.26,Two year,Fiber,Cash,No,Yes,1,1
C104592,55.0,6,72.63,Two year,Fiber,UPI,No,Yes,1,1
C104593,69.0,53,27.66,Two year,DSL,Card,No,No,0,0
C104594,61.0,45,83.21,One year,Fiber,UPI,Yes,Yes,1,0
C104595,34.0,4,66.79,Two year,Fiber,Cash,Yes,No,2,0
C104596,26.0,65,39.86,Month-to-month,DSL,UPI,No,Yes,0,0
C104597,76.0,1,25.87,One year,None,Card,No,No,1,0
C104598,40.0,69,32.16,Month-to-month,DSL,UPI,No,Yes,2,0
C104599,71.0,53,62.26,One year,Fiber,UPI,No,No,5,1
C104600,46.0,72,,Two year,Fiber,UPI,No,Yes,2,0
C104601,65.0,69,23.62,Two year,DSL,Cash,Yes,Yes,1,0
C104602,33.0,23,59.84,Month-to-month,Fiber,Cash,No,No,0,1
C104603,55.0,55,39.86,One year,DSL,UPI,No,Yes,3,0
C104604,52.0,16,33.39,Two year,DSL,Card,Yes,Yes,1,0
C104605,31.0,34,64.34,Two year,Fiber,UPI,No,Yes,0,0
C104606,60.0,18,31.01,One year,DSL,Cash,No,Yes,0,0
C104607,46.0,35,13.64,Month-to-month,None,Cash,No,Yes,3,0
C104608,58.0,63,87.45,Month-to-month,Fiber,Card,No,Yes,1,1
C104609,20.0,32,43.15,Two year,DSL,Card,No,Yes,0,0
C104610,25.0,7,13.41,One year,None,,No,Yes,5,0
C104611,61.0,24,67.5,One year,Fiber,Bank transfer,No,No,3,0
C104612,79.0,57,74.77,One year,Fiber,UPI,No,Yes,1,0
C104613,25.0,38,62.19,Month-to-month,Fiber,UPI,No,Yes,1,0
C104614,19.0,41,15.53,Month-to-month,None,UPI,No,Yes,2,1
C104615,34.0,32,32.62,Two year,DSL,Card,No,Yes,2,0
C104616,20.0,22,27.95,Month-to-month,DSL,Cash,Yes,Yes,1,0
C104617,33.0,44,28.77,One year,None,UPI,No,Yes,2,0
C104618,60.0,46,29.29,One year,DSL,Card,No,Yes,1,0
C104619,66.0,65,69.07,Two year,Fiber,Bank transfer,Yes,No,1,0
C104620,57.0,45,70.93,Month-to-month,Fiber,UPI,Yes,Yes,1,0
C104621,42.0,72,82.69,One year,Fiber,Bank transfer,No,Yes,3,1
C104622,27.0,60,69.31,Month-to-month,Fiber,Bank transfer,Yes,Yes,2,0
C104623,51.0,6,37.1,Month-to-month,None,Card,Yes,Yes,0,0
C104624,77.0,29,32.1,Month-to-month,DSL,Card,No,No,1,0
C104625,30.0,28,68.23,Month-to-month,Fiber,Card,Yes,No,3,1
C104626,51.0,1,77.5,Two year,Fiber,Bank transfer,No,No,2,0
C104627,38.0,14,50.36,Two year,DSL,Cash,No,Yes,2,0
C104628,,55,17.88,Month-to-month,None,UPI,Yes,Yes,0,0
C104629,49.0,26,79.89,Two year,Fiber,Bank transfer,No,No,0,1
C104630,28.0,11,41.78,Month-to-month,DSL,Bank transfer,Yes,No,2,0
C104631,30.0,21,13.91,One year,None,Cash,No,Yes,0,0
C104632,20.0,20,19.86,Two year,None,UPI,Yes,Yes,2,0
C104633,60.0,13,34.67,One year,DSL,Card,No,Yes,1,0
C104634,74.0,8,61.75,Month-to-month,Fiber,Bank transfer,No,Yes,0,1
C104635,45.0,56,36.31,Month-to-month,DSL,Bank transfer,No,Yes,3,1
C104636,56.0,60,35.64,Month-to-month,DSL,Bank transfer,No,Yes,1,0
C104637,78.0,36,38.0,Two year,DSL,Cash,No,No,2,1
C104638,65.0,45,20.56,One year,None,UPI,Yes,Yes,1,0
C104639,33.0,67,29.66,Month-to-month,DSL,Bank transfer,No,No,3,0
C104640,66.0,61,54.57,Month-to-month,DSL,Card,No,Yes,0,0
C104641,42.0,3,,Two year,Fiber,UPI,No,No,3,0
C104642,77.0,69,80.4,Month-to-month,Fiber,Card,Yes,No,1,1
C104643,75.0,5,38.5,One year,DSL,Card,No,Yes,1,1
C104644,20.0,2,47.06,One year,DSL,Card,No,Yes,2,1
C104645,72.0,30,63.79,Month-to-month,Fiber,Bank transfer,No,Yes,2,1
C104646,32.0,54,69.29,Month-to-month,Fiber,Cash,No,Yes,2,1
C104647,48.0,6,66.42,Month-to-month,Fiber,UPI,Yes,No,1,1
C104648,64.0,22,30.42,Month-to-month,DSL,UPI,No,No,1,1
C104649,25.0,19,,One year,Fiber,Card,Yes,No,0,0
C104650,18.0,29,68.03,Two year,Fiber,UPI,No,Yes,0,0
C104651,43.0,71,23.58,Month-to-month,DSL,Card,No,No,3,0
C104652,54.0,24,32.58,Month-to-month,DSL,UPI,Yes,No,2,0
C104653,54.0,16,66.91,Month-to-month,Fiber,Cash,Yes,Yes,3,1
C104654,77.0,9,42.05,Month-to-month,DSL,UPI,No,No,0,1
C104655,33.0,15,23.42,One year,DSL,Bank transfer,No,Yes,3,0
C104656,62.0,10,15.9,One year,None,Bank transfer,Yes,Yes,1,0
C104657,29.0,42,64.0,One year,Fiber,Card,No,No,0,0
C104658,45.0,31,75.96,Month-to-month,Fiber,UPI,Yes,Yes,3,0
C104659,50.0,36,30.64,One year,DSL,Card,No,Yes,0,0
C104660,44.0,60,78.37,Month-to-month,Fiber,UPI,Yes,Yes,2,0
C104661,28.0,42,69.62,Two year,Fiber,Cash,No,No,3,1
C104662,29.0,12,23.92,One year,None,UPI,No,Yes,2,0
C104663,72.0,28,78.85,Two year,Fiber,UPI,No,Yes,2,1
C104664,76.0,23,60.38,Month-to-month,Fiber,Card,No,Yes,3,1
C104665,22.0,60,33.02,Month-to-month,DSL,UPI,No,Yes,1,0
C104666,32.0,23,73.37,One year,Fiber,Cash,No,Yes,2,1
C104667,79.0,10,21.58,Month-to-month,None,UPI,No,No,1,1
C104668,25.0,53,59.62,One year,Fiber,Bank transfer,No,No,2,0
C104669,51.0,31,75.57,Month-to-month,Fiber,Card,No,No,0,1
C104670,35.0,7,,Two year,None,Card,Yes,No,2,0
C104671,78.0,50,21.03,Month-to-month,None,UPI,No,Yes,1,0
C104672,64.0,16,33.23,Two year,DSL,Cash,Yes,Yes,1,0
C104673,64.0,63,10.0,Month-to-month,DSL,Card,No,Yes,1,0
C104674,22.0,60,74.36,Month-to-month,Fiber,Bank transfer,Yes,Yes,1,0
C104675,27.0,27,24.7,Month-to-month,None,Card,No,No,1,1
C104676,67.0,41,66.63,Month-to-month,Fiber,UPI,No,Yes,0,1
C104677,32.0,41,23.12,Two year,DSL,UPI,No,No,4,0
C104678,44.0,48,65.72,Two year,Fiber,UPI,No,Yes,4,0
C104679,24.0,5,42.96,Two year,DSL,Card,Yes,Yes,0,0
C104680,19.0,24,,Two year,DSL,Card,Yes,No,0,0
C104681,63.0,13,35.18,One year,DSL,Cash,Yes,Yes,3,0
C104682,29.0,51,32.33,Month-to-month,DSL,UPI,No,Yes,1,0
C104683,28.0,5,72.52,Two year,Fiber,Card,No,Yes,1,0
C104684,70.0,38,24.47,Month-to-month,DSL,UPI,Yes,Yes,0,0
C104685,62.0,53,33.38,Two year,DSL,Card,Yes,Yes,2,0
C104686,,69,78.77,Month-to-month,Fiber,UPI,No,No,2,0
C104687,71.0,21,27.66,One year,DSL,UPI,No,No,0,0
C104688,78.0,1,67.8,Month-to-month,Fiber,Card,No,No,0,1
C104689,43.0,53,43.42,Month-to-month,DSL,UPI,No,No,1,1
C104690,46.0,1,40.97,Month-to-month,DSL,UPI,No,Yes,1,1
C104691,58.0,5,73.62,Month-to-month,Fiber,Cash,Yes,No,0,0
C104692,27.0,72,38.11,Month-to-month,DSL,Bank transfer,Yes,Yes,0,0
C104693,73.0,63,37.98,Month-to-month,DSL,UPI,No,Yes,2,1
C104694,25.0,51,,Month-to-month,DSL,Bank transfer,Yes,No,2,0
C104695,64.0,61,43.82,One year,DSL,Card,Yes,Yes,0,0
C104696,53.0,6,31.25,Month-to-month,DSL,Bank transfer,No,Yes,1,1
C104697,26.0,7,27.05,Two year,DSL,Card,No,No,0,0
C104698,45.0,22,23.93,Month-to-month,DSL,Card,No,Yes,4,1
C104699,,2,30.07,One year,DSL,UPI,No,Yes,5,0
C104700,76.0,64,14.96,Month-to-month,None,Card,No,Yes,2,0
C104701,51.0,5,29.31,Month-to-month,DSL,Bank transfer,Yes,Yes,1,0
C104702,40.0,40,25.6,One year,DSL,UPI,No,Yes,0,0
C104703,34.0,62,72.99,One year,Fiber,Card,Yes,Yes,0,0
C104704,26.0,53,27.43,Month-to-month,DSL,UPI,Yes,Yes,1,0
C104705,49.0,17,74.39,Month-to-month,Fiber,UPI,No,Yes,0,1
C104706,49.0,34,40.77,Month-to-month,DSL,Bank transfer,Yes,Yes,3,1
C104707,77.0,40,90.58,Month-to-month,Fiber,Bank transfer,Yes,Yes,3,0
C104708,58.0,56,16.36,Month-to-month,None,UPI,Yes,Yes,1,0
C104709,46.0,31,33.72,One year,DSL,Bank transfer,No,Yes,2,1
C104710,41.0,21,29.03,Month-to-month,DSL,UPI,No,Yes,0,0
C104711,34.0,58,60.63,One year,Fiber,Card,Yes,Yes,0,0
C104712,58.0,64,16.64,Month-to-month,None,UPI,Yes,No,1,0
C104713,27.0,36,63.79,Month-to-month,Fiber,Card,No,Yes,1,1
C104714,18.0,3,60.53,Month-to-month,Fiber,Card,No,Yes,0,0
C104715,73.0,37,36.89,Month-to-month,DSL,Card,Yes,Yes,1,0
C104716,20.0,65,61.42,Month-to-month,Fiber,Bank transfer,Yes,No,1,1
C104717,32.0,72,39.53,Two year,DSL,Cash,No,Yes,2,0
C104718,52.0,29,76.85,One year,Fiber,Cash,Yes,No,2,0
C104719,30.0,11,28.08,Month-to-month,DSL,UPI,No,No,1,1
C104720,59.0,42,81.19,Month-to-month,Fiber,UPI,Yes,Yes,0,0
C104721,52.0,60,38.21,Two year,DSL,Bank transfer,No,Yes,2,0
C104722,22.0,69,69.42,Month-to-month,Fiber,UPI,No,No,0,1
C104723,46.0,4,55.77,Month-to-month,Fiber,UPI,No,Yes,0,0
C104724,69.0,21,10.0,Two year,None,Card,No,Yes,1,0
C104725,41.0,35,,Month-to-month,None,UPI,Yes,Yes,0,0
C104726,60.0,8,80.56,Month-to-month,Fiber,Bank transfer,Yes,Yes,1,1
C104727,53.0,64,82.8,Month-to-month,Fiber,UPI,No,No,3,1
C104728,46.0,9,49.86,One year,DSL,Card,No,Yes,0,0
C104729,53.0,48,31.0,Month-to-month,None,Bank transfer,No,Yes,1,1
C104730,48.0,67,71.91,One year,Fiber,UPI,Yes,Yes,2,0
C104731,22.0,50,74.48,Month-to-month,Fiber,Card,No,No,0,0
C104732,45.0,55,64.53,Month-to-month,Fiber,UPI,Yes,Yes,1,0
C104733,43.0,19,71.91,Month-to-month,Fiber,Cash,Yes,No,3,1
C104734,66.0,60,25.96,Two year,None,UPI,Yes,Yes,0,0
C104735,62.0,31,26.12,Month-to-month,None,UPI,No,No,1,0
C104736,53.0,5,69.0,One year,Fiber,UPI,No,Yes,2,0
C104737,41.0,27,53.76,Month-to-month,Fiber,Cash,No,Yes,0,1
C104738,57.0,26,10.0,Month-to-month,None,UPI,No,No,1,0
C104739,79.0,38,73.81,Month-to-month,Fiber,Card,Yes,No,1,0
C104740,69.0,20,65.96,Month-to-month,Fiber,UPI,Yes,Yes,2,1
C104741,32.0,34,75.32,Month-to-month,Fiber,Bank transfer,Yes,No,1,0
C104742,35.0,31,60.26,Two year,Fiber,Card,Yes,Yes,1,0
C104743,48.0,24,80.89,Two year,Fiber,Card,No,No,1,0
C104744,58.0,51,62.5,One year,Fiber,Card,Yes,No,1,0
C104745,59.0,22,31.81,One year,None,UPI,No,No,0,0
C104746,66.0,56,10.0,Month-to-month,None,UPI,No,Yes,1,0
C104747,51.0,19,74.83,One year,Fiber,UPI,No,No,2,0
C104748,69.0,63,27.55,Month-to-month,DSL,Card,Yes,No,1,0
C104749,20.0,27,69.93,Two year,Fiber,Bank transfer,No,Yes,6,1
C104750,31.0,3,78.61,Two year,Fiber,Card,Yes,No,3,0
C104751,49.0,11,77.21,Month-to-month,Fiber,Bank transfer,Yes,Yes,1,1
C104752,50.0,59,13.42,Two year,None,Card,No,Yes,1,0
C104753,77.0,63,30.1,Two year,DSL,Cash,No,No,3,0
C104754,58.0,16,22.42,Month-to-month,DSL,UPI,No,Yes,1,0
C104755,43.0,44,10.0,Two year,None,UPI,No,No,1,0
C104756,54.0,42,13.33,Month-to-month,None,Card,Yes,Yes,1,0
C104757,25.0,10,63.16,Month-to-month,Fiber,Card,No,Yes,3,1
C104758,42.0,33,22.95,Month-to-month,DSL,Bank transfer,Yes,No,0,1
C104759,19.0,50,68.36,One year,Fiber,UPI,No,No,0,0
C104760,27.0,70,69.74,Month-to-month,Fiber,Bank transfer,No,No,2,0
C104761,43.0,62,69.89,Two year,Fiber,UPI,Yes,Yes,1,0
C104762,18.0,8,28.61,Month-to-month,DSL,UPI,Yes,Yes,1,1
C104763,29.0,18,30.37,Month-to-month,DSL,Cash,Yes,No,2,1
C104764,73.0,32,67.47,One year,Fiber,UPI,No,No,1,1
C104765,69.0,11,76.54,Month-to-month,Fiber,Cash,Yes,No,1,1
C104766,53.0,42,,One year,Fiber,UPI,No,Yes,1,1
C104767,77.0,1,56.57,Month-to-month,Fiber,UPI,Yes,Yes,1,0
C104768,19.0,9,32.43,Two year,DSL,Bank transfer,No,Yes,1,0
C104769,76.0,4,66.51,One year,Fiber,Card,Yes,Yes,4,1
C104770,48.0,22,10.0,Month-to-month,None,Card,No,Yes,1,0
C104771,41.0,55,66.81,Month-to-month,Fiber,Card,No,Yes,1,0
C104772,67.0,13,62.92,Month-to-month,Fiber,UPI,Yes,No,1,0
C104773,46.0,72,69.38,Two year,Fiber,UPI,Yes,Yes,0,0
C104774,55.0,20,23.36,One year,None,Card,No,Yes,3,0
C104775,37.0,4,65.71,Month-to-month,Fiber,Card,No,No,2,1
C104776,50.0,25,74.09,Month-to-month,Fiber,UPI,No,Yes,1,1
C104777,26.0,54,,Two year,None,Card,Yes,No,1,0
C104778,31.0,8,32.88,Month-to-month,DSL,Card,No,No,3,0
C104779,52.0,6,67.53,One year,Fiber,Card,No,No,2,1
C104780,76.0,62,68.45,One year,Fiber,Bank transfer,No,No,2,0
C104781,29.0,43,10.0,Month-to-month,None,Bank transfer,Yes,No,1,0
C104782,,25,55.37,Month-to-month,Fiber,,Yes,Yes,4,0
C104783,,55,43.94,Month-to-month,DSL,Card,No,No,2,0
C104784,49.0,61,21.69,Month-to-month,None,Card,No,No,0,1
C104785,70.0,26,65.66,Two year,Fiber,UPI,No,Yes,1,0
C104786,39.0,41,78.51,One year,Fiber,UPI,No,No,1,0
C104787,67.0,1,57.92,Two year,DSL,Cash,Yes,Yes,2,0
C104788,42.0,23,23.0,Month-to-month,DSL,Bank transfer,No,Yes,3,1
C104789,75.0,43,69.69,Month-to-month,Fiber,UPI,No,Yes,2,1
C104790,56.0,15,75.34,One year,Fiber,Card,No,No,0,0
C104791,38.0,72,10.0,Month-to-month,None,Bank transfer,No,Yes,1,0
C104792,34.0,70,22.79,Month-to-month,DSL,Cash,No,Yes,3,1
C104793,71.0,19,77.62,Month-to-month,Fiber,Card,Yes,Yes,1,0
C104794,47.0,29,34.57,One year,DSL,Bank transfer,No,No,0,0
C104795,42.0,14,64.45,One year,Fiber,Card,No,No,1,0
C104796,54.0,37,21.87,Month-to-month,DSL,Bank transfer,Yes,Yes,0,0
C104797,22.0,9,72.61,Two year,Fiber,Card,No,Yes,0,0
C104798,29.0,29,23.79,Month-to-month,DSL,UPI,Yes,No,0,0
C104799,46.0,40,61.85,Month-to-month,Fiber,,Yes,Yes,4,0
C104800,36.0,45,27.35,Month-to-month,DSL,UPI,No,Yes,0,0
C104801,52.0,43,67.29,Two year,Fiber,UPI,No,No,1,0
C104802,39.0,16,26.19,Month-to-month,DSL,UPI,No,No,1,0
C104803,44.0,58,62.4,Month-to-month,Fiber,Bank transfer,No,Yes,1,0
C104804,66.0,50,77.56,Month-to-month,Fiber,Card,No,Yes,2,0
C104805,66.0,55,36.34,One year,DSL,Bank transfer,Yes,Yes,4,0
C104806,36.0,34,35.12,One year,DSL,Card,No,No,1,0
C104807,39.0,65,38.49,Month-to-month,DSL,Bank transfer,No,No,0,0
C104808,57.0,29,61.53,Two year,Fiber,Card,No,Yes,3,0
C104809,75.0,59,22.91,Month-to-month,None,UPI,No,No,1,0
C104810,51.0,15,38.41,Month-to-month,DSL,UPI,Yes,Yes,0,0
C104811,22.0,18,61.81,One year,Fiber,Cash,Yes,No,1,0
C104812,54.0,38,74.77,One year,Fiber,UPI,No,No,0,0
C104813,62.0,41,71.89,Month-to-month,Fiber,Card,No,No,1,0
C104814,76.0,54,72.1,One year,Fiber,Bank transfer,No,No,0,0
C104815,,22,33.33,Month-to-month,None,Card,Yes,Yes,2,1
C104816,,63,70.98,One year,Fiber,Card,No,Yes,0,0
C104817,52.0,24,12.61,One year,None,UPI,No,Yes,1,0
C104818,28.0,39,36.04,Two year,DSL,Bank transfer,Yes,No,4,0
C104819,72.0,68,20.11,Month-to-month,None,Cash,No,Yes,2,0
C104820,47.0,39,11.13,One year,None,Cash,No,Yes,3,0
C104821,60.0,50,10.0,One year,None,Card,No,Yes,3,0
C104822,63.0,66,34.48,Month-to-month,DSL,Card,No,Yes,3,0
C104823,18.0,71,27.54,Month-to-month,None,Bank transfer,No,Yes,1,0
C104824,41.0,36,42.62,Two year,DSL,Card,Yes,Yes,4,0
C104825,59.0,31,72.26,Month-to-month,Fiber,UPI,Yes,Yes,1,0
C104826,47.0,15,,One year,DSL,Cash,Yes,Yes,1,0
C104827,58.0,39,71.4,Month-to-month,Fiber,Card,No,Yes,2,0
C104828,52.0,67,68.42,Two year,Fiber,UPI,No,No,3,0
C104829,18.0,36,36.63,Month-to-month,DSL,Cash,No,No,0,0
C104830,36.0,26,29.14,Two year,DSL,UPI,No,No,1,0
C104831,43.0,8,24.86,One year,DSL,Cash,No,No,2,1
C104832,41.0,29,62.17,Month-to-month,Fiber,UPI,Yes,Yes,3,1
C104833,20.0,18,16.17,One year,None,UPI,Yes,No,1,0
C104834,19.0,71,76.93,One year,Fiber,Bank transfer,No,Yes,4,0
C104835,36.0,38,58.42,Month-to-month,Fiber,Bank transfer,No,Yes,1,0
C104836,70.0,10,12.21,Month-to-month,None,Cash,No,Yes,2,0
C104837,79.0,5,76.44,One year,Fiber,UPI,No,No,1,0
C104838,69.0,62,67.15,One year,Fiber,UPI,No,Yes,1,0
C104839,76.0,68,68.41,Month-to-month,Fiber,UPI,Yes,Yes,2,0
C104840,75.0,55,32.0,Two year,DSL,Card,No,No,2,0
C104841,60.0,9,85.46,Month-to-month,Fiber,Cash,No,Yes,1,1
C104842,25.0,8,74.48,Month-to-month,Fiber,Cash,No,No,1,0
C104843,40.0,15,72.02,One year,Fiber,UPI,Yes,No,0,1
C104844,63.0,55,71.58,Month-to-month,Fiber,Cash,No,Yes,2,0
C104845,42.0,56,38.28,Month-to-month,DSL,UPI,Yes,Yes,1,0
C104846,34.0,61,84.79,Month-to-month,Fiber,Bank transfer,Yes,Yes,1,1
C104847,20.0,7,32.01,Month-to-month,DSL,UPI,No,No,1,1
C104848,38.0,12,21.35,Month-to-month,None,Bank transfer,No,No,3,1
C104849,38.0,65,35.23,One year,DSL,Bank transfer,No,No,1,0
C104850,68.0,67,77.23,Month-to-month,Fiber,UPI,Yes,Yes,0,0
C104851,66.0,53,83.64,Two year,Fiber,Cash,Yes,Yes,1,0
C104852,25.0,8,30.29,One year,DSL,UPI,No,No,3,1
C104853,50.0,5,73.62,Month-to-month,Fiber,Bank transfer,No,No,1,1
C104854,73.0,5,36.41,Month-to-month,DSL,Card,No,Yes,0,0
C104855,47.0,50,58.86,One year,Fiber,Card,Yes,Yes,0,0
C104856,77.0,61,27.76,Month-to-month,None,Bank transfer,No,Yes,0,0
C104857,23.0,46,47.51,Month-to-month,DSL,Bank transfer,Yes,Yes,2,1
C104858,37.0,19,76.56,Two year,Fiber,Cash,Yes,No,2,1
C104859,74.0,55,14.94,One year,None,Card,No,No,2,0
C104860,62.0,5,59.15,One year,Fiber,Card,Yes,Yes,1,0
C104861,,60,25.13,Month-to-month,None,UPI,No,Yes,0,0
C104862,73.0,65,61.36,Month-to-month,Fiber,Cash,No,Yes,2,0
C104863,41.0,52,62.16,Month-to-month,Fiber,Cash,No,Yes,0,1
C104864,67.0,64,36.67,One year,DSL,Cash,Yes,Yes,0,0
C104865,38.0,43,,Month-to-month,DSL,UPI,No,Yes,2,0
C104866,39.0,34,67.31,Month-to-month,Fiber,Cash,No,Yes,3,1
C104867,38.0,24,18.35,Month-to-month,None,Card,No,No,1,0
C104868,40.0,67,34.1,One year,DSL,Cash,No,No,1,1
C104869,55.0,51,12.67,One year,None,UPI,No,No,2,0
C104870,68.0,14,66.96,Month-to-month,Fiber,,No,Yes,2,1
C104871,56.0,69,57.06,Month-to-month,Fiber,UPI,Yes,Yes,0,0
C104872,19.0,5,25.88,Month-to-month,None,Bank transfer,Yes,Yes,0,1
C104873,55.0,43,42.31,Month-to-month,None,Card,No,Yes,1,0
C104874,44.0,14,70.48,Month-to-month,Fiber,,No,Yes,1,0
C104875,22.0,48,44.53,Month-to-month,DSL,Bank transfer,Yes,Yes,3,0
C104876,38.0,30,32.91,One year,DSL,Cash,No,No,4,0
C104877,78.0,32,24.23,One year,DSL,UPI,Yes,No,2,0
C104878,39.0,49,88.01,Two year,Fiber,Card,No,No,4,1
C104879,62.0,55,28.23,Two year,DSL,UPI,No,No,5,0
C104880,30.0,28,77.58,Month-to-month,Fiber,Card,No,No,2,0
C104881,72.0,72,36.73,Month-to-month,DSL,UPI,No,No,1,0
C104882,68.0,36,79.5,Month-to-month,Fiber,Card,Yes,No,2,0
C104883,27.0,12,69.46,One year,Fiber,UPI,No,Yes,1,0
C104884,60.0,1,60.69,Month-to-month,Fiber,UPI,No,No,1,1
C104885,75.0,15,64.68,Month-to-month,Fiber,Card,Yes,No,0,0
C104886,74.0,50,38.82,Month-to-month,None,UPI,Yes,Yes,4,0
C104887,62.0,39,22.56,Month-to-month,None,UPI,No,Yes,3,1
C104888,63.0,25,87.42,One year,Fiber,Card,Yes,No,1,0
C104889,49.0,35,32.06,One year,DSL,Card,No,No,0,0
C104890,27.0,61,25.71,Month-to-month,None,UPI,No,Yes,2,0
C104891,19.0,42,10.0,Two year,None,Bank transfer,Yes,Yes,2,0
C104892,36.0,5,20.24,Month-to-month,None,Bank transfer,No,Yes,0,0
C104893,33.0,4,87.78,Month-to-month,Fiber,UPI,No,Yes,3,1
C104894,74.0,35,28.73,Month-to-month,DSL,Bank transfer,No,Yes,2,0
C104895,70.0,30,64.48,One year,Fiber,Bank transfer,No,Yes,1,0
C104896,38.0,62,76.62,One year,Fiber,Bank transfer,Yes,Yes,2,0
C104897,41.0,42,35.92,Month-to-month,DSL,UPI,No,Yes,0,0
C104898,64.0,55,85.17,Two year,Fiber,Card,Yes,No,1,0
C104899,60.0,43,68.07,Month-to-month,Fiber,Card,No,Yes,1,1
C104900,72.0,25,35.55,Month-to-month,DSL,UPI,No,Yes,1,0
C104901,63.0,48,72.53,One year,Fiber,UPI,Yes,Yes,2,0
C104902,60.0,45,61.39,Two year,Fiber,Cash,No,No,1,0
C104903,66.0,52,59.61,One year,Fiber,Card,No,Yes,4,1
C104904,73.0,14,23.88,Two year,DSL,UPI,No,Yes,5,0
C104905,41.0,47,10.0,Month-to-month,None,Cash,No,Yes,1,0
C104906,33.0,21,69.32,One year,Fiber,UPI,Yes,Yes,6,0
C104907,74.0,57,59.59,Two year,Fiber,Card,Yes,No,0,0
C104908,28.0,58,65.69,Month-to-month,Fiber,Cash,Yes,Yes,3,0
C104909,36.0,45,78.16,Month-to-month,Fiber,UPI,No,Yes,1,0
C104910,26.0,69,62.43,Two year,Fiber,Card,No,Yes,1,0
C104911,69.0,39,40.52,Month-to-month,DSL,UPI,No,Yes,1,0
C104912,74.0,2,10.0,Month-to-month,None,Card,No,No,2,0
C104913,44.0,44,29.52,Two year,DSL,Bank transfer,No,No,4,0
C104914,24.0,56,33.93,Two year,None,Card,Yes,No,4,0
C104915,32.0,8,66.58,Two year,Fiber,Bank transfer,Yes,Yes,3,0
C104916,53.0,8,45.3,Two year,DSL,Card,No,Yes,3,0
C104917,39.0,20,88.84,Month-to-month,Fiber,Cash,Yes,No,0,1
C104918,64.0,61,31.65,Two year,DSL,Card,No,Yes,1,0
C104919,67.0,38,14.67,Month-to-month,None,Cash,Yes,No,1,0
C104920,45.0,71,52.72,One year,Fiber,Card,No,No,0,0
C104921,56.0,63,72.33,Month-to-month,Fiber,Cash,No,Yes,1,1
C104922,21.0,40,73.03,Two year,Fiber,Bank transfer,No,No,2,0
C104923,26.0,49,26.17,One year,None,UPI,No,Yes,3,0
C104924,38.0,24,81.13,Two year,Fiber,Card,No,No,1,0
C104925,25.0,7,61.79,Month-to-month,Fiber,UPI,Yes,Yes,0,0
C104926,18.0,29,84.97,Month-to-month,Fiber,UPI,No,Yes,3,1
C104927,60.0,43,32.75,Month-to-month,DSL,UPI,Yes,Yes,2,0
C104928,19.0,14,72.91,Month-to-month,Fiber,UPI,Yes,Yes,0,0
C104929,32.0,16,69.46,One year,Fiber,Cash,No,No,1,0
C104930,62.0,2,13.83,Month-to-month,None,Cash,Yes,Yes,4,1
C104931,30.0,53,60.41,One year,Fiber,UPI,Yes,Yes,0,0
C104932,32.0,65,71.68,Month-to-month,Fiber,Card,No,Yes,2,0
C104933,64.0,60,62.29,Month-to-month,Fiber,Card,No,No,2,0
C104934,19.0,28,68.24,One year,Fiber,Bank transfer,No,Yes,2,1
C104935,,43,66.7,Month-to-month,Fiber,Cash,Yes,Yes,0,0
C104936,51.0,70,17.1,Month-to-month,None,UPI,No,No,3,0
C104937,22.0,43,20.61,Month-to-month,DSL,Card,No,No,3,0
C104938,58.0,22,44.66,Month-to-month,Fiber,UPI,No,No,1,0
C104939,44.0,25,26.71,One year,None,UPI,Yes,No,2,0
C104940,37.0,53,79.0,Month-to-month,Fiber,Cash,No,Yes,2,0
C104941,53.0,33,14.51,Month-to-month,DSL,Bank transfer,No,No,3,0
C104942,20.0,61,73.35,One year,Fiber,Card,Yes,Yes,4,0
C104943,55.0,63,36.74,Month-to-month,DSL,UPI,Yes,Yes,3,0
C104944,46.0,3,24.41,One year,DSL,Card,No,Yes,0,1
C104945,21.0,53,77.18,Month-to-month,Fiber,Bank transfer,Yes,Yes,0,0
C104946,66.0,27,29.11,Two year,None,Bank transfer,Yes,Yes,1,0
C104947,46.0,38,43.47,Month-to-month,DSL,Card,No,Yes,1,0
C104948,22.0,20,33.96,Month-to-month,None,UPI,Yes,No,2,1
C104949,40.0,27,78.0,Two year,Fiber,Cash,Yes,No,1,0
C104950,,24,13.35,One year,None,Bank transfer,No,Yes,2,0
C104951,45.0,4,70.14,One year,Fiber,UPI,No,Yes,1,1
C104952,42.0,57,23.08,Two year,None,UPI,No,Yes,1,0
C104953,20.0,11,32.15,Month-to-month,None,Cash,Yes,Yes,1,1
C104954,22.0,28,17.99,Two year,None,Bank transfer,Yes,No,1,0
C104955,36.0,14,64.94,One year,Fiber,Cash,No,Yes,2,1
C104956,34.0,12,21.77,Month-to-month,DSL,Card,No,Yes,4,1
C104957,57.0,27,76.98,Month-to-month,Fiber,Card,No,Yes,3,0
C104958,47.0,67,71.67,Month-to-month,Fiber,Card,Yes,Yes,1,0
C104959,25.0,68,28.07,Two year,DSL,Cash,Yes,Yes,2,0
C104960,58.0,28,,Month-to-month,None,Bank transfer,Yes,No,1,1
C104961,77.0,37,32.28,Month-to-month,DSL,Card,No,No,4,1
C104962,71.0,71,10.0,One year,None,Cash,No,Yes,4,0
C104963,79.0,17,80.65,One year,Fiber,Cash,Yes,No,2,0
C104964,47.0,69,10.0,Month-to-month,None,Card,No,No,1,0
C104965,40.0,8,21.15,Two year,None,UPI,No,Yes,0,0
C104966,21.0,17,69.11,Month-to-month,Fiber,Bank transfer,No,No,4,1
C104967,60.0,25,56.89,Two year,Fiber,,No,No,0,0
C104968,45.0,3,37.6,Month-to-month,DSL,Bank transfer,Yes,No,0,1
C104969,57.0,59,14.45,Month-to-month,None,Card,No,Yes,2,0
C104970,36.0,62,33.47,One year,None,Cash,Yes,No,1,0
C104971,28.0,28,43.03,Month-to-month,DSL,Bank transfer,Yes,No,3,0
C104972,60.0,61,36.77,Month-to-month,DSL,Cash,Yes,No,0,0
C104973,42.0,56,50.07,Month-to-month,Fiber,Bank transfer,No,Yes,1,1
C104974,50.0,58,30.55,One year,DSL,Card,Yes,Yes,1,0
C104975,78.0,58,14.94,Two year,None,UPI,No,No,1,0
C104976,35.0,42,44.68,Two year,DSL,Bank transfer,No,No,1,0
C104977,25.0,8,21.42,Two year,None,UPI,No,No,2,0
C104978,62.0,67,22.54,Two year,None,Bank transfer,No,Yes,2,0
C104979,53.0,44,28.14,Month-to-month,None,UPI,No,Yes,6,1
C104980,42.0,65,83.05,Month-to-month,Fiber,Card,No,No,3,1
C104981,55.0,70,46.67,Two year,DSL,UPI,No,No,1,0
C104982,75.0,14,24.37,Two year,None,Bank transfer,No,Yes,3,0
C104983,28.0,29,67.83,Two year,Fiber,UPI,No,No,2,0
C104984,67.0,14,23.48,One year,None,UPI,Yes,Yes,2,0
C104985,51.0,4,69.74,Month-to-month,Fiber,UPI,No,Yes,1,1
C104986,67.0,70,41.29,Two year,DSL,Bank transfer,No,Yes,2,0
C104987,74.0,67,15.46,Two year,None,UPI,No,Yes,0,0
C104988,27.0,68,27.23,One year,None,UPI,Yes,No,2,0
C104989,25.0,64,35.37,Two year,DSL,UPI,Yes,Yes,1,0
C104990,18.0,47,73.09,One year,Fiber,UPI,No,No,0,0
C104991,29.0,38,25.43,Two year,DSL,Card,No,Yes,3,0
C104992,39.0,72,67.81,Month-to-month,Fiber,Bank transfer,No,No,0,0
C104993,33.0,40,73.57,Two year,Fiber,Card,No,Yes,2,0
C104994,69.0,47,68.54,Month-to-month,Fiber,Cash,No,Yes,2,1
C104995,64.0,16,16.23,Month-to-month,DSL,Bank transfer,Yes,Yes,2,0
C104996,39.0,54,25.13,Month-to-month,DSL,UPI,No,No,2,0
C104997,53.0,60,72.73,Month-to-month,Fiber,Bank transfer,Yes,No,2,0
C104998,37.0,49,47.03,Month-to-month,DSL,Bank transfer,No,Yes,2,0
C104999,49.0,36,68.14,Two year,Fiber,Card,Yes,Yes,2,1
C105000,,15,66.09,One year,Fiber,Bank transfer,Yes,Yes,2,0
C105001,67.0,3,78.42,Two year,Fiber,Cash,No,Yes,2,0
C105002,32.0,46,70.09,Month-to-month,Fiber,Card,Yes,Yes,0,1
C105003,78.0,50,40.94,Month-to-month,DSL,Card,No,No,3,0
C105004,75.0,56,32.63,One year,DSL,UPI,No,No,1,0
C105005,30.0,69,16.75,One year,None,UPI,Yes,Yes,0,0
C105006,53.0,36,26.58,Month-to-month,None,UPI,No,No,5,0
C105007,68.0,60,25.38,Two year,None,UPI,Yes,No,3,0
C105008,70.0,52,17.43,Two year,None,Bank transfer,No,Yes,2,0
C105009,40.0,20,61.01,One year,Fiber,Card,No,No,1,0
C105010,51.0,61,10.0,Two year,None,UPI,No,Yes,0,0
C105011,27.0,4,57.7,One year,Fiber,Cash,Yes,Yes,0,1
C105012,33.0,44,64.93,One year,Fiber,UPI,No,Yes,1,1
C105013,33.0,68,22.53,Month-to-month,None,UPI,No,Yes,1,0
C105014,35.0,48,56.67,Month-to-month,Fiber,Card,No,Yes,0,0
C105015,42.0,68,57.2,Month-to-month,Fiber,Card,No,No,1,0
C105016,60.0,5,73.02,One year,Fiber,UPI,Yes,Yes,3,1
C105017,73.0,39,47.55,One year,DSL,UPI,Yes,Yes,3,0
C105018,54.0,57,,Month-to-month,Fiber,Bank transfer,No,No,0,1
C105019,47.0,47,10.0,One year,None,UPI,Yes,No,4,0
C105020,61.0,64,73.13,Month-to-month,Fiber,Cash,No,No,0,0
C105021,56.0,34,42.65,Month-to-month,DSL,Cash,Yes,No,1,0
C105022,45.0,50,66.04,Two year,Fiber,Card,Yes,No,2,0
C105023,20.0,31,68.11,Month-to-month,Fiber,Card,No,No,2,1
C105024,51.0,63,72.67,Month-to-month,Fiber,Cash,Yes,Yes,2,0
C105025,21.0,9,73.9,Month-to-month,Fiber,UPI,No,Yes,1,0
C105026,55.0,19,73.02,Month-to-month,Fiber,UPI,No,Yes,1,0
C105027,76.0,7,75.79,One year,Fiber,Card,Yes,Yes,2,1
C105028,67.0,51,71.73,Two year,Fiber,Bank transfer,Yes,Yes,2,0
C105029,69.0,17,64.99,One year,Fiber,Card,Yes,Yes,1,0
C105030,46.0,23,66.43,One year,Fiber,Card,No,Yes,2,0
C105031,48.0,61,63.77,Month-to-month,Fiber,UPI,Yes,Yes,3,0
C105032,50.0,26,31.31,One year,DSL,Bank transfer,No,Yes,2,0
C105033,30.0,11,74.49,Month-to-month,Fiber,Card,No,Yes,3,1
C105034,78.0,2,63.82,Month-to-month,Fiber,Bank transfer,Yes,No,2,1
C105035,20.0,17,78.56,Two year,Fiber,UPI,Yes,Yes,6,0
C105036,79.0,66,12.09,Month-to-month,None,UPI,Yes,Yes,2,0
C105037,78.0,40,36.63,Month-to-month,DSL,UPI,Yes,Yes,2,0
C105038,76.0,72,26.69,Month-to-month,None,Card,Yes,No,1,0
C105039,18.0,16,38.59,Two year,DSL,UPI,No,No,0,0
C105040,77.0,26,55.22,Month-to-month,Fiber,Cash,Yes,Yes,2,0
C105041,32.0,12,21.07,Month-to-month,None,Card,Yes,No,3,0
C105042,34.0,29,64.1,Two year,Fiber,Cash,No,No,2,1
C105043,60.0,41,10.0,Month-to-month,None,Card,No,No,2,0
C105044,42.0,59,21.78,Two year,None,UPI,No,No,1,0
C105045,76.0,27,25.01,Month-to-month,DSL,UPI,No,Yes,1,0
C105046,48.0,56,21.96,One year,None,Bank transfer,Yes,Yes,1,0
C105047,25.0,46,31.65,Two year,None,Card,No,Yes,0,0
C105048,32.0,22,72.42,Month-to-month,Fiber,Card,No,Yes,0,1
C105049,65.0,66,33.14,One year,DSL,UPI,No,Yes,1,0
C105050,53.0,32,33.71,Month-to-month,DSL,Card,Yes,No,2,0
C105051,38.0,11,27.31,One year,None,UPI,No,Yes,0,0
C105052,31.0,70,17.56,Two year,None,Bank transfer,No,Yes,1,0
C105053,60.0,66,,One year,None,Card,Yes,No,0,0
C105054,34.0,4,62.55,Two year,Fiber,Bank transfer,No,Yes,0,1
C105055,23.0,65,27.85,One year,DSL,Card,Yes,Yes,1,0
C105056,52.0,69,77.15,One year,Fiber,Cash,No,Yes,3,0
C105057,71.0,60,66.11,Month-to-month,Fiber,Cash,Yes,Yes,2,0
C105058,37.0,19,39.44,One year,DSL,Bank transfer,No,Yes,0,0
C105059,61.0,46,40.09,Two year,DSL,Cash,No,Yes,1,0
C105060,45.0,39,27.35,One year,DSL,Bank transfer,No,Yes,3,0
C105061,77.0,45,28.64,Month-to-month,DSL,Card,Yes,Yes,2,0
C105062,55.0,45,74.62,Month-to-month,Fiber,Card,No,No,0,1
C105063,49.0,47,71.12,One year,Fiber,Card,Yes,Yes,2,0
C105064,32.0,38,68.57,Two year,Fiber,UPI,Yes,Yes,2,0
C105065,73.0,50,73.69,Month-to-month,Fiber,UPI,Yes,Yes,2,1
C105066,20.0,38,28.1,Month-to-month,None,UPI,Yes,No,2,0
C105067,51.0,2,69.69,Month-to-month,Fiber,Bank transfer,No,No,0,1
C105068,34.0,3,65.45,Month-to-month,Fiber,UPI,Yes,Yes,0,0
C105069,49.0,69,70.94,Two year,Fiber,Card,No,No,2,0
C105070,78.0,66,63.56,Month-to-month,Fiber,Card,No,Yes,1,0
C105071,23.0,43,71.14,Month-to-month,Fiber,Cash,No,No,1,0
C105072,21.0,13,,Month-to-month,Fiber,UPI,Yes,No,0,1
C105073,68.0,57,63.47,Month-to-month,Fiber,UPI,No,Yes,2,0
C105074,61.0,11,66.76,Two year,Fiber,Card,No,Yes,1,0
C105075,43.0,28,67.41,Month-to-month,Fiber,Cash,Yes,Yes,2,1
C105076,31.0,24,40.87,Month-to-month,DSL,Card,Yes,No,0,0
C105077,55.0,1,63.0,Month-to-month,Fiber,,Yes,Yes,1,1
C105078,33.0,59,63.52,Two year,Fiber,Card,No,Yes,3,0
C105079,58.0,37,67.01,Two year,Fiber,Card,Yes,No,1,0
C105080,43.0,23,74.51,Month-to-month,Fiber,Bank transfer,Yes,Yes,2,0
C105081,66.0,37,40.82,One year,DSL,UPI,No,No,0,0
C105082,58.0,1,37.1,Month-to-month,DSL,Bank transfer,No,Yes,1,0
C105083,53.0,32,75.72,One year,Fiber,Card,Yes,No,1,0
C105084,24.0,38,79.3,Month-to-month,Fiber,Cash,No,No,2,0
C105085,56.0,25,36.26,Two year,DSL,UPI,Yes,Yes,2,0
C105086,61.0,60,28.59,Two year,DSL,Cash,Yes,Yes,0,0
C105087,50.0,18,34.38,Month-to-month,DSL,Card,Yes,Yes,0,0
C105088,54.0,10,59.11,Month-to-month,Fiber,UPI,Yes,No,2,1
C105089,56.0,38,38.16,Month-to-month,DSL,UPI,No,Yes,1,0
C105090,32.0,64,66.07,Month-to-month,Fiber,Bank transfer,Yes,No,5,0
C105091,45.0,28,70.9,Month-to-month,Fiber,Bank transfer,No,No,2,1
C105092,25.0,4,19.32,Month-to-month,None,UPI,No,No,2,1
C105093,66.0,70,66.94,Two year,Fiber,Card,Yes,Yes,4,0
C105094,27.0,32,36.8,Month-to-month,DSL,Card,No,Yes,1,0
C105095,68.0,13,69.0,Two year,Fiber,Card,No,Yes,0,0
C105096,,45,,Month-to-month,Fiber,Bank transfer,No,Yes,3,1
C105097,50.0,24,26.22,Month-to-month,DSL,Card,Yes,Yes,3,0
C105098,49.0,68,22.85,Month-to-month,None,Card,No,Yes,5,0
C105099,27.0,22,60.35,Two year,Fiber,UPI,Yes,No,0,0
C105100,58.0,40,49.36,Month-to-month,DSL,Card,Yes,Yes,3,0
C105101,41.0,40,45.3,Month-to-month,DSL,Cash,No,Yes,2,0
C105102,66.0,18,10.0,One year,None,UPI,Yes,Yes,1,0
C105103,70.0,36,25.02,One year,None,Cash,No,No,1,0
C105104,74.0,8,29.11,One year,None,Bank transfer,Yes,No,1,0
C105105,74.0,47,30.31,Month-to-month,DSL,UPI,No,Yes,3,0
C105106,65.0,55,72.81,Month-to-month,Fiber,UPI,Yes,Yes,1,0
C105107,34.0,69,34.0,Two year,DSL,Bank transfer,Yes,Yes,2,0
C105108,34.0,24,75.45,One year,Fiber,Bank transfer,No,No,2,1
C105109,76.0,21,66.43,One year,Fiber,Card,Yes,Yes,2,0
C105110,77.0,40,28.11,Month-to-month,None,Cash,Yes,Yes,3,0
C105111,35.0,50,68.85,Month-to-month,Fiber,UPI,No,No,4,1
C105112,58.0,72,67.46,Two year,Fiber,UPI,No,Yes,2,0
C105113,74.0,2,40.19,One year,DSL,UPI,No,Yes,1,0
C105114,70.0,18,77.21,Month-to-month,Fiber,Bank transfer,Yes,Yes,1,0
C105115,75.0,19,16.31,Two year,DSL,UPI,Yes,No,1,0
C105116,39.0,19,10.0,One year,None,UPI,No,Yes,3,0
C105117,,34,37.73,Month-to-month,DSL,Card,Yes,No,2,0
C105118,55.0,63,64.7,Month-to-month,Fiber,UPI,No,No,2,0
C105119,76.0,3,24.43,One year,DSL,Card,No,No,0,0
C105120,78.0,59,67.01,Month-to-month,Fiber,Cash,No,Yes,2,1
C105121,52.0,45,58.29,One year,DSL,UPI,Yes,Yes,2,0
C105122,70.0,45,59.36,One year,Fiber,Cash,No,No,2,0
C105123,41.0,49,77.09,Month-to-month,Fiber,Bank transfer,No,No,0,0
C105124,55.0,9,63.91,Two year,Fiber,Bank transfer,No,No,0,1
C105125,68.0,54,10.0,Month-to-month,None,Cash,Yes,No,1,0
C105126,73.0,18,30.1,Month-to-month,DSL,Card,No,No,3,0
C105127,24.0,38,58.63,One year,Fiber,UPI,Yes,Yes,0,0
C105128,22.0,49,10.0,One year,None,Card,Yes,Yes,0,0
C105129,31.0,44,29.2,Month-to-month,DSL,,No,Yes,2,1
C105130,24.0,24,11.28,One year,None,UPI,Yes,Yes,2,0
C105131,31.0,29,18.83,Two year,None,Bank transfer,No,Yes,1,0
C105132,76.0,35,21.35,Two year,None,Bank transfer,No,Yes,2,0
C105133,56.0,3,,Two year,Fiber,Card,No,Yes,4,1
C105134,24.0,53,75.04,Month-to-month,Fiber,Bank transfer,No,Yes,2,0
C105135,,8,64.69,Month-to-month,Fiber,Card,Yes,No,3,0
C105136,76.0,34,68.77,One year,Fiber,Card,Yes,No,2,0
C105137,69.0,48,,Month-to-month,None,Card,Yes,Yes,3,0
C105138,71.0,6,35.66,One year,DSL,UPI,No,No,0,0
C105139,73.0,72,88.02,Month-to-month,Fiber,UPI,No,Yes,2,0
C105140,64.0,28,76.36,Month-to-month,Fiber,Card,Yes,Yes,1,1
C105141,72.0,2,33.62,Month-to-month,DSL,Card,Yes,Yes,1,0
C105142,67.0,48,60.74,Month-to-month,Fiber,UPI,Yes,Yes,0,1
C105143,60.0,41,83.06,Month-to-month,Fiber,Bank transfer,No,Yes,2,0
C105144,30.0,47,68.71,One year,Fiber,Card,Yes,No,3,1
C105145,74.0,55,14.61,One year,None,Bank transfer,No,Yes,1,0
C105146,23.0,35,64.81,Month-to-month,Fiber,UPI,Yes,No,0,1
C105147,35.0,60,36.58,Month-to-month,None,UPI,Yes,Yes,1,0
C105148,62.0,27,69.05,Two year,Fiber,Card,No,Yes,0,0
C105149,62.0,40,23.6,Month-to-month,None,Cash,No,No,1,0
C105150,72.0,12,33.38,Month-to-month,DSL,UPI,Yes,No,0,0
C105151,22.0,45,69.48,Month-to-month,Fiber,UPI,Yes,Yes,0,0
C105152,66.0,19,16.6,One year,None,Cash,Yes,No,2,0
C105153,25.0,51,46.38,Two year,DSL,Bank transfer,No,Yes,1,0
C105154,55.0,58,70.35,One year,Fiber,Bank transfer,No,No,2,0
C105155,32.0,62,58.74,Two year,Fiber,Bank transfer,No,No,2,0
C105156,53.0,67,73.15,Two year,Fiber,Card,No,Yes,0,0
C105157,24.0,9,19.08,Month-to-month,None,Bank transfer,No,Yes,3,1
C105158,20.0,10,73.05,Month-to-month,Fiber,UPI,Yes,No,0,1
C105159,77.0,67,17.35,Month-to-month,None,Cash,Yes,Yes,1,0
C105160,49.0,28,65.67,Month-to-month,Fiber,UPI,Yes,No,1,1
C105161,46.0,2,77.15,One year,Fiber,Card,No,Yes,4,0
C105162,42.0,21,34.87,Month-to-month,None,UPI,Yes,Yes,2,0
C105163,74.0,61,55.13,Month-to-month,Fiber,Bank transfer,No,Yes,1,1
C105164,66.0,26,35.66,Month-to-month,DSL,UPI,No,No,1,0
C105165,47.0,6,65.68,One year,Fiber,Bank transfer,No,Yes,2,0
C105166,25.0,52,62.7,One year,Fiber,Card,No,Yes,0,0
C105167,61.0,15,,Two year,Fiber,Card,No,Yes,0,0
C105168,30.0,26,72.89,Month-to-month,Fiber,UPI,No,No,1,1
C105169,37.0,1,66.13,Month-to-month,Fiber,UPI,No,Yes,0,1
C105170,58.0,44,15.66,Two year,None,Bank transfer,Yes,Yes,2,0
C105171,76.0,33,44.62,One year,DSL,Cash,No,Yes,1,0
C105172,31.0,63,66.48,One year,Fiber,Bank transfer,No,Yes,4,0
C105173,20.0,25,66.15,Month-to-month,Fiber,UPI,No,Yes,0,0
C105174,44.0,15,24.31,Month-to-month,DSL,UPI,No,Yes,1,0
C105175,61.0,12,62.74,Two year,Fiber,Cash,Yes,No,3,0
C105176,58.0,15,81.73,One year,Fiber,Bank transfer,No,No,3,0
C105177,76.0,33,24.89,One year,None,Bank transfer,Yes,Yes,2,1
C105178,30.0,7,80.3,Month-to-month,Fiber,,No,Yes,3,1
C105179,66.0,29,28.28,Month-to-month,DSL,Bank transfer,No,No,0,0
C105180,65.0,62,72.89,Month-to-month,Fiber,Card,No,Yes,2,0
C105181,69.0,56,28.38,One year,None,Bank transfer,Yes,Yes,1,0
C105182,,46,74.63,Month-to-month,Fiber,Cash,No,No,2,1
C105183,36.0,65,47.64,Month-to-month,DSL,Cash,Yes,Yes,1,0
C105184,37.0,57,23.22,Month-to-month,None,Card,Yes,Yes,0,0
C105185,46.0,47,34.99,Two year,DSL,Bank transfer,Yes,No,1,0
C105186,39.0,63,16.16,Month-to-month,DSL,,No,Yes,1,0
C105187,26.0,9,73.33,Month-to-month,Fiber,UPI,Yes,No,3,1
C105188,38.0,59,74.78,One year,Fiber,Bank transfer,Yes,Yes,0,0
C105189,41.0,22,29.18,Two year,None,UPI,No,Yes,1,0
C105190,,53,28.64,One year,DSL,UPI,No,No,1,0
C105191,18.0,66,69.73,Two year,Fiber,Bank transfer,No,No,2,0
C105192,64.0,36,57.28,Month-to-month,Fiber,Bank transfer,No,No,1,0
C105193,66.0,7,10.0,Two year,None,UPI,Yes,Yes,0,0
C105194,26.0,27,24.1,Two year,None,UPI,No,No,3,0
C105195,77.0,30,80.13,Month-to-month,Fiber,Bank transfer,Yes,Yes,2,1
C105196,62.0,68,45.41,One year,DSL,,No,Yes,0,0
C105197,61.0,68,38.51,Month-to-month,DSL,Card,Yes,No,1,0
C105198,65.0,41,36.37,Month-to-month,None,UPI,No,Yes,0,0
C105199,68.0,69,66.86,Month-to-month,Fiber,Bank transfer,No,Yes,0,0
C105200,42.0,32,77.19,Month-to-month,Fiber,Card,No,No,0,1
C105201,49.0,30,10.0,Two year,None,Card,Yes,No,1,0
C105202,,61,10.0,Month-to-month,None,Cash,No,Yes,1,0
C105203,29.0,49,66.15,One year,Fiber,Cash,Yes,Yes,0,0
C105204,21.0,38,19.03,Month-to-month,None,UPI,No,No,0,0
C105205,62.0,33,36.88,Month-to-month,DSL,Bank transfer,Yes,Yes,1,0
C105206,,51,68.51,Month-to-month,Fiber,Cash,No,Yes,1,0
C105207,36.0,55,22.89,Month-to-month,None,UPI,No,Yes,0,0
C105208,24.0,36,48.92,One year,DSL,Card,No,Yes,0,0
C105209,46.0,3,40.9,Two year,DSL,UPI,No,Yes,4,0
C105210,53.0,8,63.87,Month-to-month,Fiber,Cash,No,No,2,1
C105211,,11,49.9,Two year,Fiber,Bank transfer,Yes,No,3,1
C105212,48.0,34,26.4,One year,DSL,Card,No,Yes,0,0
C105213,41.0,45,45.74,One year,DSL,Cash,No,Yes,1,1
C105214,67.0,58,30.97,Month-to-month,DSL,Bank transfer,No,No,0,0
C105215,35.0,17,40.43,Month-to-month,DSL,UPI,Yes,Yes,0,1
C105216,18.0,57,25.12,Two year,None,Cash,No,No,2,0
C105217,19.0,48,69.55,One year,Fiber,Bank transfer,No,Yes,1,0
C105218,70.0,4,69.31,Month-to-month,Fiber,Bank transfer,No,No,1,1
C105219,61.0,26,29.69,Two year,DSL,Cash,No,Yes,1,0
C105220,29.0,22,87.82,Month-to-month,Fiber,Card,No,No,0,1
C105221,31.0,64,27.35,One year,DSL,Bank transfer,Yes,No,2,0
C105222,69.0,67,28.97,Month-to-month,None,UPI,No,Yes,2,0
C105223,57.0,59,26.65,Two year,None,Cash,Yes,No,4,0
C105224,47.0,39,74.92,Month-to-month,Fiber,Cash,No,Yes,1,0
C105225,40.0,36,19.04,Month-to-month,None,Bank transfer,Yes,Yes,0,0
C105226,41.0,23,23.16,One year,DSL,Bank transfer,No,No,0,0
C105227,66.0,56,25.82,Month-to-month,DSL,Bank transfer,Yes,No,0,0
C105228,30.0,7,63.8,Two year,Fiber,Card,Yes,Yes,3,0
C105229,73.0,20,72.96,One year,Fiber,UPI,No,Yes,1,0
C105230,32.0,10,27.12,Month-to-month,None,Card,Yes,Yes,2,0
C105231,32.0,36,37.51,Month-to-month,DSL,Bank transfer,Yes,Yes,2,0
C105232,41.0,22,72.08,Two year,Fiber,UPI,No,Yes,2,1
C105233,67.0,15,43.34,One year,DSL,UPI,No,Yes,2,1
C105234,18.0,28,18.28,Two year,DSL,Card,Yes,Yes,3,1
C105235,27.0,62,52.34,Month-to-month,Fiber,UPI,No,No,2,1
C105236,41.0,41,10.0,Two year,None,UPI,Yes,No,1,0
C105237,26.0,60,77.4,Month-to-month,Fiber,,No,No,3,1
C105238,41.0,66,53.93,One year,Fiber,Cash,Yes,Yes,1,0
C105239,44.0,65,34.92,Month-to-month,DSL,UPI,No,Yes,4,0
C105240,56.0,26,27.72,Month-to-month,DSL,Bank transfer,No,Yes,2,1
C105241,38.0,64,36.24,Two year,DSL,Card,No,Yes,0,0
C105242,51.0,66,,Two year,None,Card,No,Yes,4,0
C105243,79.0,70,37.0,Month-to-month,DSL,UPI,No,Yes,2,0
C105244,46.0,26,31.81,Two year,DSL,Bank transfer,No,No,6,0
C105245,67.0,17,75.66,Month-to-month,Fiber,Card,Yes,No,3,1
C105246,34.0,43,81.71,Month-to-month,Fiber,Card,Yes,Yes,0,0
C105247,73.0,68,80.12,Month-to-month,Fiber,UPI,No,Yes,1,0
C105248,53.0,65,32.1,Month-to-month,DSL,Card,Yes,No,2,0
C105249,26.0,42,63.08,Month-to-month,Fiber,UPI,Yes,No,1,1
C105250,74.0,11,71.56,Month-to-month,Fiber,UPI,Yes,Yes,2,0
C105251,62.0,31,50.8,Month-to-month,DSL,Cash,Yes,No,0,0
C105252,39.0,52,69.57,One year,Fiber,UPI,Yes,Yes,0,0
C105253,55.0,41,41.71,Two year,DSL,Card,No,No,5,0
C105254,76.0,25,26.27,One year,None,Card,No,No,1,0
C105255,24.0,25,26.18,Month-to-month,None,Card,Yes,Yes,1,0
C105256,20.0,5,45.18,One year,DSL,Bank transfer,No,Yes,0,1
C105257,67.0,21,59.47,Month-to-month,Fiber,UPI,Yes,No,0,1
C105258,35.0,49,62.29,One year,Fiber,Card,No,Yes,0,0
C105259,70.0,18,20.38,One year,None,Cash,No,No,2,0
C105260,65.0,72,79.84,Month-to-month,Fiber,Bank transfer,No,Yes,1,0
C105261,74.0,6,79.82,Month-to-month,Fiber,Card,No,No,4,1
C105262,65.0,43,34.63,Two year,DSL,Card,No,No,1,0
C105263,76.0,36,42.99,Two year,DSL,Bank transfer,No,No,0,0
C105264,56.0,60,66.63,One year,Fiber,Bank transfer,Yes,Yes,3,0
C105265,24.0,64,63.39,Two year,Fiber,Cash,No,Yes,0,0
C105266,30.0,40,10.0,Two year,None,Card,No,Yes,2,0
C105267,72.0,46,18.9,Month-to-month,None,Bank transfer,No,Yes,1,0
C105268,36.0,51,67.23,One year,Fiber,Card,No,Yes,0,0
C105269,76.0,38,78.03,Month-to-month,Fiber,UPI,Yes,Yes,0,0
C105270,72.0,14,24.5,Month-to-month,None,Bank transfer,No,No,0,1
C105271,60.0,31,20.43,Month-to-month,None,Bank transfer,No,No,1,0
C105272,26.0,18,20.47,Two year,None,Card,Yes,No,0,0
C105273,29.0,34,16.65,One year,None,Card,No,No,3,0
C105274,64.0,45,,Month-to-month,Fiber,Bank transfer,No,No,2,1
C105275,42.0,16,60.54,Month-to-month,Fiber,Card,No,Yes,0,1
C105276,42.0,18,76.29,Month-to-month,Fiber,UPI,No,Yes,2,1
C105277,23.0,60,33.89,One year,DSL,Card,Yes,No,0,0
C105278,46.0,28,59.51,Two year,Fiber,Card,No,No,2,0
C105279,18.0,15,80.94,Month-to-month,Fiber,Bank transfer,Yes,No,1,1
C105280,,52,83.59,Month-to-month,Fiber,Card,No,Yes,0,0
C105281,,52,44.64,One year,DSL,UPI,Yes,No,1,0
C105282,64.0,60,73.39,Month-to-month,Fiber,Bank transfer,No,Yes,2,0
C105283,78.0,55,72.29,Month-to-month,Fiber,Card,No,Yes,1,1
C105284,74.0,72,69.8,Month-to-month,Fiber,,Yes,Yes,1,0
C105285,74.0,42,36.31,Month-to-month,DSL,UPI,Yes,Yes,0,0
C105286,43.0,21,75.03,Month-to-month,Fiber,Bank transfer,No,Yes,1,0
C105287,33.0,63,40.66,Two year,DSL,Bank transfer,Yes,No,0,0
C105288,60.0,20,38.63,Month-to-month,DSL,Bank transfer,No,Yes,3,0
C105289,56.0,21,43.78,Month-to-month,Fiber,,Yes,No,0,1
C105290,44.0,60,29.21,One year,None,Bank transfer,No,Yes,0,0
C105291,48.0,64,71.6,Two year,Fiber,,Yes,Yes,1,0
C105292,30.0,25,59.14,Month-to-month,Fiber,UPI,Yes,Yes,1,0
C105293,48.0,53,21.58,Month-to-month,None,Card,Yes,Yes,3,0
C105294,77.0,67,72.42,One year,Fiber,Card,No,Yes,0,0
C105295,44.0,58,10.0,Month-to-month,None,Card,No,Yes,0,0
C105296,50.0,1,29.86,One year,DSL,Card,No,Yes,0,0
C105297,76.0,48,61.15,Month-to-month,Fiber,,No,Yes,2,1
C105298,70.0,13,27.21,Month-to-month,DSL,Cash,Yes,Yes,1,1
C105299,67.0,61,74.56,Month-to-month,Fiber,Card,Yes,Yes,1,0
C105300,18.0,5,15.02,One year,None,Cash,No,Yes,1,1
C105301,70.0,72,70.75,Month-to-month,Fiber,Bank transfer,Yes,Yes,0,0
C105302,,13,75.9,Month-to-month,Fiber,UPI,Yes,Yes,4,1
C105303,20.0,31,31.53,Month-to-month,DSL,Cash,No,No,1,0
C105304,39.0,17,26.22,One year,None,Bank transfer,Yes,Yes,0,0
C105305,43.0,59,80.84,Month-to-month,Fiber,UPI,No,No,3,1
C105306,25.0,29,41.77,One year,DSL,Card,No,No,3,0
C105307,55.0,54,24.8,One year,None,Card,No,Yes,2,0
C105308,75.0,5,76.84,Month-to-month,Fiber,Cash,Yes,No,4,0
C105309,,33,73.16,Two year,Fiber,Card,No,No,0,0
C105310,77.0,66,41.79,Two year,DSL,Card,Yes,No,1,0
C105311,73.0,67,25.61,Month-to-month,DSL,Card,Yes,No,1,0
C105312,68.0,16,19.4,Month-to-month,None,UPI,Yes,Yes,2,0
C105313,28.0,29,73.14,Month-to-month,Fiber,UPI,Yes,Yes,1,1
C105314,57.0,30,19.4,Month-to-month,None,Cash,No,Yes,1,1
C105315,23.0,41,55.02,Month-to-month,DSL,UPI,No,No,0,0
C105316,65.0,39,68.47,Two year,Fiber,Cash,No,Yes,2,0
C105317,73.0,8,55.74,Two year,Fiber,UPI,Yes,Yes,2,0
C105318,25.0,55,70.44,Month-to-month,Fiber,UPI,Yes,No,4,0
C105319,49.0,17,76.63,Month-to-month,Fiber,Card,Yes,Yes,1,1
C105320,25.0,23,63.02,Month-to-month,Fiber,Card,No,Yes,1,1
C105321,51.0,61,69.71,Month-to-month,Fiber,Cash,Yes,Yes,1,1
C105322,45.0,50,19.41,Month-to-month,None,Bank transfer,No,Yes,1,0
C105323,73.0,29,34.52,Two year,DSL,UPI,Yes,Yes,1,0
C105324,34.0,66,65.21,Two year,Fiber,Cash,No,Yes,3,0
C105325,64.0,29,78.78,Month-to-month,Fiber,,No,No,0,0
C105326,58.0,41,52.34,One year,DSL,Card,Yes,Yes,0,0
C105327,63.0,18,28.28,One year,DSL,UPI,No,Yes,3,0
C105328,77.0,14,10.0,Two year,None,Bank transfer,No,No,1,0
C105329,29.0,36,31.5,Month-to-month,DSL,Bank transfer,No,Yes,4,1
C105330,18.0,41,46.26,Month-to-month,DSL,Card,No,Yes,2,1
C105331,56.0,59,67.94,One year,Fiber,Card,No,Yes,0,0
C105332,25.0,29,37.93,Month-to-month,DSL,UPI,No,No,3,0
C105333,45.0,65,27.7,One year,DSL,Card,No,Yes,2,0
C105334,50.0,44,49.27,Month-to-month,DSL,Card,No,No,2,0
C105335,55.0,6,32.64,One year,DSL,UPI,Yes,No,3,0
C105336,18.0,54,72.0,Two year,Fiber,UPI,No,No,2,0
C105337,53.0,42,13.63,Month-to-month,None,Card,No,Yes,3,0
C105338,66.0,29,27.86,Month-to-month,DSL,UPI,No,No,6,0
C105339,19.0,34,69.97,One year,Fiber,Card,No,Yes,1,1
C105340,42.0,22,70.83,Month-to-month,Fiber,UPI,No,Yes,1,0
C105341,39.0,45,41.9,One year,DSL,Bank transfer,No,Yes,0,0
C105342,39.0,41,56.5,One year,Fiber,Cash,Yes,Yes,2,1
C105343,46.0,33,62.39,Month-to-month,Fiber,Card,No,No,2,0
C105344,26.0,21,29.5,Two year,DSL,Cash,No,Yes,1,0
C105345,49.0,29,70.96,Month-to-month,Fiber,Cash,No,Yes,1,0
C105346,22.0,36,25.96,One year,DSL,UPI,No,Yes,1,0
C105347,24.0,34,19.24,Month-to-month,None,Cash,Yes,Yes,0,1
C105348,51.0,23,14.85,Month-to-month,None,Card,Yes,No,2,0
C105349,73.0,42,18.92,Month-to-month,None,Card,Yes,Yes,1,0
C105350,61.0,17,28.8,Two year,DSL,Bank transfer,Yes,No,0,0
C105351,38.0,37,61.91,Two year,Fiber,UPI,Yes,Yes,0,0
C105352,39.0,9,72.28,Two year,Fiber,UPI,Yes,No,1,0
C105353,48.0,34,43.9,Month-to-month,DSL,Card,No,No,2,1
C105354,20.0,57,26.51,Month-to-month,None,Card,Yes,Yes,1,0
C105355,59.0,59,78.9,One year,Fiber,Card,Yes,No,1,0
C105356,26.0,51,44.84,One year,DSL,Card,No,Yes,2,0
C105357,62.0,54,18.72,Month-to-month,None,Cash,Yes,Yes,2,0
C105358,41.0,5,49.97,Two year,DSL,Card,No,Yes,1,1
C105359,41.0,25,76.05,Month-to-month,Fiber,Bank transfer,No,Yes,3,1
C105360,45.0,48,27.4,Month-to-month,DSL,Card,Yes,No,3,0
C105361,26.0,58,29.65,Two year,DSL,UPI,No,No,2,0
C105362,32.0,42,21.21,Month-to-month,None,Cash,Yes,Yes,2,1
C105363,30.0,62,77.04,Month-to-month,Fiber,Card,No,No,1,1
C105364,70.0,20,33.17,One year,DSL,Card,No,Yes,3,0
C105365,28.0,12,62.23,Two year,Fiber,Bank transfer,Yes,Yes,5,0
C105366,25.0,7,26.32,Month-to-month,None,Card,No,No,2,0
C105367,33.0,42,11.06,One year,None,Card,No,Yes,0,0
C105368,44.0,48,22.43,Month-to-month,None,Cash,Yes,No,0,1
C105369,,21,20.35,Month-to-month,None,UPI,Yes,Yes,3,1
C105370,44.0,57,59.26,Month-to-month,Fiber,,No,Yes,3,1
C105371,51.0,54,49.22,Month-to-month,DSL,Card,Yes,Yes,1,0
C105372,50.0,26,20.13,Month-to-month,None,Card,No,Yes,0,0
C105373,,18,25.51,Month-to-month,DSL,UPI,No,Yes,2,1
C105374,18.0,54,35.39,One year,DSL,Bank transfer,No,Yes,4,0
C105375,60.0,49,56.16,One year,Fiber,Card,Yes,Yes,1,0
C105376,76.0,13,37.89,One year,DSL,Cash,No,No,1,1
C105377,21.0,19,76.89,Two year,Fiber,Bank transfer,No,Yes,1,1
C105378,74.0,35,41.62,Month-to-month,None,UPI,No,Yes,2,1
C105379,74.0,37,70.78,Month-to-month,Fiber,UPI,No,Yes,1,1
C105380,66.0,12,64.73,Month-to-month,Fiber,UPI,No,Yes,1,1
C105381,53.0,69,71.65,One year,Fiber,Bank transfer,Yes,Yes,1,0
C105382,39.0,28,81.52,Month-to-month,Fiber,Card,Yes,Yes,2,1
C105383,54.0,28,39.01,Month-to-month,DSL,Cash,No,Yes,1,0
C105384,18.0,5,41.66,Month-to-month,DSL,UPI,No,No,1,1
C105385,35.0,64,76.08,Month-to-month,Fiber,Cash,No,Yes,1,0
C105386,42.0,17,74.05,Two year,Fiber,Cash,No,Yes,1,0
C105387,49.0,72,58.79,One year,Fiber,Card,No,No,3,0
C105388,34.0,36,23.35,Month-to-month,DSL,UPI,No,Yes,1,0
C105389,44.0,63,22.37,One year,DSL,UPI,No,Yes,1,0
C105390,62.0,13,60.42,One year,Fiber,UPI,No,Yes,2,0
C105391,76.0,12,61.34,Month-to-month,Fiber,Bank transfer,No,Yes,1,1
C105392,,58,84.88,Month-to-month,Fiber,Card,No,No,2,0
C105393,22.0,60,14.35,One year,None,UPI,No,Yes,3,0
C105394,54.0,40,70.8,Month-to-month,Fiber,Cash,No,No,2,1
C105395,46.0,3,33.05,Month-to-month,DSL,Cash,No,Yes,1,1
C105396,50.0,68,71.55,Month-to-month,Fiber,Card,No,No,1,0
C105397,67.0,29,35.56,One year,DSL,Cash,No,Yes,1,0
C105398,38.0,68,24.95,Two year,DSL,Card,No,No,1,0
C105399,51.0,63,74.78,One year,Fiber,UPI,No,Yes,2,0
C105400,72.0,62,29.56,Month-to-month,DSL,Card,No,Yes,5,0
C105401,53.0,50,29.29,Month-to-month,DSL,UPI,No,Yes,3,0
C105402,52.0,49,17.55,One year,None,Card,No,No,1,0
C105403,74.0,39,76.47,Two year,Fiber,Card,No,Yes,1,0
C105404,19.0,2,15.0,Two year,None,UPI,No,Yes,3,0
C105405,41.0,28,20.73,Two year,None,Cash,No,No,0,0
C105406,48.0,53,38.22,Month-to-month,DSL,UPI,No,No,2,1
C105407,18.0,59,72.05,One year,Fiber,Bank transfer,No,No,3,0
C105408,47.0,41,71.62,Two year,Fiber,Bank transfer,No,Yes,1,0
C105409,,52,58.77,One year,Fiber,UPI,No,Yes,3,0
C105410,66.0,2,36.01,One year,DSL,Card,Yes,No,3,0
C105411,20.0,34,27.68,Month-to-month,DSL,Card,Yes,Yes,2,0
C105412,72.0,37,20.92,One year,DSL,UPI,No,No,3,0
C105413,67.0,65,66.3,Month-to-month,Fiber,Cash,No,No,2,0
C105414,72.0,23,30.85,Month-to-month,DSL,Card,No,No,1,0
C105415,26.0,17,93.68,Two year,Fiber,Bank transfer,No,Yes,1,0
C105416,73.0,26,,Two year,None,Bank transfer,No,Yes,2,0
C105417,19.0,13,76.27,Two year,Fiber,Cash,Yes,No,2,1
C105418,20.0,41,66.74,Month-to-month,Fiber,Card,No,No,2,1
C105419,39.0,47,33.52,Month-to-month,DSL,Cash,Yes,No,0,0
C105420,,58,40.57,Month-to-month,None,UPI,Yes,Yes,3,0
C105421,71.0,70,64.91,Two year,Fiber,UPI,No,Yes,1,0
C105422,57.0,6,72.04,One year,Fiber,Bank transfer,No,No,4,0
C105423,20.0,18,34.73,Two year,None,Card,Yes,Yes,3,0
C105424,72.0,22,29.21,Month-to-month,DSL,Bank transfer,No,Yes,1,0
C105425,34.0,18,71.2,One year,Fiber,UPI,No,Yes,1,0
C105426,64.0,60,34.85,One year,DSL,Bank transfer,No,Yes,2,0
C105427,35.0,11,27.89,Month-to-month,DSL,Cash,Yes,Yes,1,0
C105428,53.0,3,76.2,Two year,Fiber,UPI,Yes,Yes,1,1
C105429,,62,61.08,One year,Fiber,Card,No,No,2,0
C105430,79.0,70,41.21,Month-to-month,DSL,Card,No,No,4,0
C105431,23.0,17,73.44,Month-to-month,Fiber,Cash,No,Yes,0,1
C105432,77.0,24,27.18,Two year,None,UPI,Yes,No,4,0
C105433,74.0,37,18.45,One year,None,Cash,No,Yes,1,0
C105434,27.0,38,38.12,One year,DSL,UPI,No,No,3,0
C105435,61.0,72,78.21,One year,Fiber,UPI,Yes,No,0,0
C105436,39.0,30,23.73,Month-to-month,DSL,,Yes,Yes,1,0
C105437,37.0,1,60.33,One year,Fiber,Bank transfer,No,No,2,1
C105438,38.0,31,74.65,Two year,Fiber,UPI,No,Yes,2,0
C105439,32.0,41,76.58,Month-to-month,Fiber,Card,Yes,No,0,0
C105440,77.0,38,36.08,One year,DSL,Cash,Yes,No,2,0
C105441,20.0,37,77.36,Month-to-month,Fiber,,No,No,3,0
C105442,39.0,67,32.1,Month-to-month,DSL,UPI,No,Yes,0,0
C105443,40.0,59,45.14,Month-to-month,DSL,UPI,Yes,Yes,2,0
C105444,43.0,19,69.42,Two year,Fiber,Card,Yes,Yes,0,0
C105445,36.0,26,28.77,Month-to-month,DSL,UPI,Yes,Yes,2,0
C105446,59.0,49,81.4,Month-to-month,Fiber,Card,No,Yes,0,1
C105447,74.0,30,76.61,One year,Fiber,Card,No,Yes,3,0
C105448,,31,66.4,Month-to-month,Fiber,Bank transfer,No,Yes,3,1
C105449,31.0,13,66.56,One year,Fiber,,No,Yes,0,0
C105450,79.0,19,74.81,Two year,Fiber,Bank transfer,No,Yes,4,0
C105451,43.0,54,12.0,Month-to-month,None,UPI,No,No,2,0
C105452,37.0,61,37.56,Month-to-month,DSL,Card,Yes,Yes,0,0
C105453,60.0,57,,Two year,Fiber,UPI,Yes,No,1,0
C105454,78.0,23,71.72,Month-to-month,Fiber,Card,No,No,2,1
C105455,37.0,10,,Month-to-month,DSL,Bank transfer,Yes,Yes,0,0
C105456,30.0,12,27.74,Two year,DSL,Cash,No,Yes,3,0
C105457,66.0,29,37.03,Two year,DSL,Bank transfer,No,No,4,0
C105458,47.0,38,78.42,One year,Fiber,Bank transfer,Yes,Yes,5,1
C105459,63.0,65,68.95,One year,Fiber,Cash,No,Yes,4,0
C105460,46.0,65,75.78,Two year,Fiber,Bank transfer,No,No,1,0
C105461,20.0,1,58.15,One year,Fiber,UPI,No,No,2,0
C105462,40.0,51,66.41,One year,Fiber,Bank transfer,Yes,Yes,1,1
C105463,71.0,22,37.24,Two year,DSL,UPI,No,Yes,3,0
C105464,76.0,15,69.5,One year,Fiber,Card,No,No,0,0
C105465,40.0,40,76.1,Month-to-month,Fiber,Bank transfer,No,Yes,3,1
C105466,60.0,3,32.95,Month-to-month,DSL,Bank transfer,No,No,2,1
C105467,23.0,25,33.02,Month-to-month,DSL,Card,No,Yes,1,0
C105468,31.0,40,40.23,Month-to-month,DSL,Cash,Yes,Yes,1,0
C105469,61.0,20,15.7,Month-to-month,None,Card,No,Yes,1,0
C105470,20.0,43,27.74,Month-to-month,DSL,Bank transfer,Yes,No,1,0
C105471,64.0,34,38.72,Two year,DSL,Cash,No,Yes,1,0
C105472,77.0,58,27.29,Month-to-month,DSL,UPI,Yes,No,0,0
C105473,22.0,14,46.35,Month-to-month,DSL,Cash,Yes,No,2,0
C105474,54.0,5,55.26,Month-to-month,Fiber,Bank transfer,No,No,2,0
C105475,39.0,39,67.61,Month-to-month,Fiber,,No,No,0,1
C105476,57.0,19,83.01,One year,Fiber,Cash,No,Yes,1,1
C105477,73.0,51,35.81,Month-to-month,None,Bank transfer,No,Yes,4,0
C105478,23.0,7,34.27,Month-to-month,DSL,UPI,No,Yes,1,1
C105479,59.0,42,78.83,Two year,Fiber,Bank transfer,No,Yes,1,0
C105480,29.0,72,76.2,Month-to-month,Fiber,UPI,No,Yes,0,1
C105481,51.0,7,66.07,Month-to-month,Fiber,UPI,No,No,1,0
C105482,45.0,22,23.74,Two year,None,Card,No,No,0,0
C105483,49.0,61,28.11,One year,DSL,UPI,Yes,Yes,1,0
C105484,65.0,39,57.5,One year,Fiber,Bank transfer,Yes,Yes,0,0
C105485,55.0,13,74.03,Two year,Fiber,Cash,Yes,No,0,0
C105486,39.0,16,39.51,Two year,DSL,Cash,No,No,4,0
C105487,58.0,56,10.52,Month-to-month,None,Card,No,No,3,0
C105488,55.0,62,33.86,One year,DSL,UPI,Yes,Yes,1,0
C105489,22.0,26,25.51,One year,DSL,UPI,Yes,Yes,4,0
C105490,56.0,35,66.31,Month-to-month,Fiber,Card,Yes,No,2,0
C105491,38.0,57,66.51,Two year,Fiber,UPI,No,Yes,0,0
C105492,27.0,13,25.93,Month-to-month,None,UPI,Yes,No,2,0
C105493,50.0,15,16.0,Two year,None,Cash,No,Yes,0,0
C105494,50.0,56,24.91,One year,DSL,Card,No,Yes,3,0
C105495,63.0,14,83.73,Month-to-month,Fiber,Bank transfer,No,Yes,0,1
C105496,44.0,56,23.96,Month-to-month,None,Cash,No,No,1,1
C105497,64.0,36,42.17,Two year,DSL,Bank transfer,No,Yes,0,0
C105498,35.0,72,74.87,One year,Fiber,Card,No,No,2,0
C105499,55.0,3,27.53,Month-to-month,None,Card,No,No,2,1
C105500,,69,38.49,Month-to-month,DSL,Cash,No,No,2,1
C105501,54.0,17,23.72,One year,None,Card,No,No,0,0
C105502,60.0,3,71.02,Month-to-month,Fiber,Card,No,No,2,1
C105503,40.0,53,16.49,One year,None,Cash,Yes,No,1,0
C105504,59.0,39,77.09,One year,Fiber,Bank transfer,No,Yes,1,0
C105505,69.0,61,67.88,Month-to-month,Fiber,Bank transfer,No,No,2,0
C105506,72.0,8,70.94,One year,Fiber,Card,No,No,2,1
C105507,74.0,6,37.96,Month-to-month,DSL,UPI,No,No,1,0
C105508,,41,73.64,Two year,Fiber,Bank transfer,No,Yes,3,0
C105509,70.0,64,11.89,Two year,None,UPI,No,Yes,1,0
C105510,39.0,30,21.61,Month-to-month,None,,No,No,2,0
C105511,72.0,58,11.83,Month-to-month,None,Card,No,No,0,0
C105512,18.0,66,71.43,Month-to-month,Fiber,UPI,Yes,Yes,3,0
C105513,74.0,63,76.24,Two year,Fiber,Card,Yes,No,1,0
C105514,31.0,37,84.4,Month-to-month,Fiber,Cash,No,Yes,4,1
C105515,,51,74.62,One year,Fiber,Card,Yes,Yes,0,0
C105516,52.0,38,76.91,Two year,Fiber,Card,No,No,3,0
C105517,49.0,49,26.3,Month-to-month,DSL,Cash,Yes,No,1,0
C105518,27.0,41,39.31,One year,DSL,Cash,No,Yes,2,0
C105519,51.0,38,61.08,Month-to-month,Fiber,Bank transfer,No,No,0,0
C105520,67.0,32,44.62,One year,DSL,Cash,No,No,0,0
C105521,,48,26.47,Month-to-month,DSL,Card,No,No,1,0
C105522,54.0,55,27.18,Two year,DSL,UPI,No,No,1,0
C105523,70.0,67,26.04,Month-to-month,None,Card,No,Yes,2,0
C105524,29.0,45,33.44,Month-to-month,None,UPI,Yes,Yes,0,0
C105525,38.0,8,78.46,Two year,Fiber,Bank transfer,Yes,Yes,2,0
C105526,73.0,43,17.17,Two year,None,Bank transfer,Yes,Yes,1,0
C105527,28.0,23,12.09,One year,None,Card,No,Yes,0,0
C105528,33.0,2,31.58,One year,DSL,,No,Yes,3,1
C105529,35.0,6,36.01,Month-to-month,DSL,Cash,Yes,Yes,1,0
C105530,69.0,43,34.38,One year,DSL,UPI,No,Yes,0,0
C105531,,69,26.77,Month-to-month,DSL,Card,Yes,Yes,0,0
C105532,41.0,37,80.29,Month-to-month,Fiber,UPI,Yes,Yes,2,1
C105533,43.0,33,45.46,Two year,DSL,UPI,Yes,Yes,6,0
C105534,23.0,7,35.08,One year,None,UPI,No,Yes,1,0
C105535,25.0,49,56.72,Month-to-month,Fiber,UPI,Yes,No,2,0
C105536,41.0,4,63.53,Month-to-month,Fiber,UPI,No,No,1,1
C105537,23.0,61,22.01,Two year,None,UPI,No,No,1,0
C105538,78.0,59,20.04,Month-to-month,None,UPI,No,No,2,0
C105539,45.0,72,66.4,Month-to-month,Fiber,Card,Yes,No,1,1
C105540,18.0,21,63.15,Month-to-month,Fiber,,No,No,0,1
C105541,55.0,12,12.02,Month-to-month,None,UPI,No,Yes,1,1
C105542,64.0,22,86.21,Month-to-month,Fiber,Cash,No,Yes,1,1
C105543,55.0,58,10.0,Two year,None,Bank transfer,Yes,No,3,0
C105544,53.0,16,22.54,Month-to-month,DSL,Card,Yes,No,1,1
C105545,23.0,64,60.49,Month-to-month,Fiber,UPI,No,No,5,0
C105546,63.0,12,71.54,One year,Fiber,UPI,Yes,Yes,1,0
C105547,78.0,4,32.82,One year,DSL,UPI,No,No,0,0
C105548,40.0,16,38.31,One year,DSL,Bank transfer,Yes,Yes,1,0
C105549,25.0,55,29.35,One year,DSL,Cash,No,No,0,0
C105550,31.0,44,35.7,One year,DSL,Card,No,Yes,0,0
C105551,58.0,26,35.68,One year,DSL,UPI,No,Yes,1,0
C105552,57.0,48,82.6,One year,Fiber,UPI,No,Yes,1,0
C105553,73.0,47,34.23,One year,None,UPI,No,Yes,1,0
C105554,43.0,40,68.79,One year,Fiber,Card,Yes,Yes,2,1
C105555,72.0,38,76.84,Month-to-month,Fiber,UPI,No,No,1,1
C105556,35.0,8,36.3,One year,DSL,Card,No,Yes,0,0
C105557,49.0,19,26.17,One year,None,Bank transfer,No,Yes,1,0
C105558,58.0,38,38.08,Month-to-month,DSL,Bank transfer,No,Yes,2,0
C105559,35.0,10,40.89,Two year,DSL,UPI,No,No,0,0
C105560,,35,76.82,Month-to-month,Fiber,Cash,No,Yes,0,1
C105561,69.0,9,,Month-to-month,None,Bank transfer,Yes,Yes,2,0
C105562,53.0,57,21.09,Two year,None,UPI,Yes,No,1,0
C105563,55.0,8,78.34,Month-to-month,Fiber,Cash,Yes,Yes,1,1
C105564,56.0,7,68.92,Month-to-month,Fiber,Bank transfer,No,No,0,0
C105565,67.0,46,65.39,Month-to-month,Fiber,Card,Yes,Yes,1,0
C105566,78.0,16,57.57,Two year,Fiber,UPI,Yes,No,2,1
C105567,42.0,26,38.4,Month-to-month,DSL,UPI,No,No,2,0
C105568,39.0,23,40.54,One year,DSL,Bank transfer,Yes,Yes,0,0
C105569,74.0,16,10.0,One year,None,Cash,Yes,No,1,0
C105570,47.0,55,15.09,One year,None,UPI,Yes,Yes,2,0
C105571,75.0,50,41.01,Two year,DSL,Card,Yes,Yes,2,0
C105572,72.0,18,33.85,Two year,DSL,UPI,Yes,No,4,0
C105573,63.0,50,35.44,Month-to-month,DSL,Bank transfer,Yes,No,1,0
C105574,62.0,52,77.3,Two year,Fiber,,Yes,Yes,2,0
C105575,76.0,39,34.13,Month-to-month,DSL,Card,No,No,0,0
C105576,34.0,42,,Month-to-month,Fiber,UPI,No,Yes,1,1
C105577,46.0,68,26.35,Month-to-month,DSL,Bank transfer,No,Yes,2,0
C105578,51.0,33,37.81,One year,DSL,Card,No,Yes,3,0
C105579,30.0,28,24.29,Month-to-month,DSL,UPI,No,No,2,1
C105580,50.0,39,59.63,One year,Fiber,Card,No,No,1,0
C105581,58.0,61,30.97,Month-to-month,DSL,UPI,No,Yes,1,1
C105582,49.0,52,74.39,Month-to-month,Fiber,Card,Yes,No,1,0
C105583,58.0,6,70.42,Month-to-month,Fiber,Card,Yes,No,2,1
C105584,24.0,34,63.69,Two year,Fiber,Bank transfer,Yes,Yes,2,0
C105585,48.0,54,42.02,Month-to-month,DSL,Card,No,Yes,0,0
C105586,75.0,17,72.55,Month-to-month,Fiber,Card,No,Yes,2,1
C105587,34.0,72,43.36,Month-to-month,DSL,UPI,Yes,Yes,0,0
C105588,46.0,59,62.87,Month-to-month,Fiber,Card,Yes,Yes,2,1
C105589,56.0,61,81.47,One year,Fiber,Card,No,Yes,2,1
C105590,56.0,6,32.66,Month-to-month,None,UPI,No,Yes,0,0
C105591,29.0,42,27.29,Month-to-month,None,UPI,Yes,Yes,2,0
C105592,25.0,39,,Two year,Fiber,UPI,No,No,2,0
C105593,64.0,46,23.97,Month-to-month,None,Cash,No,No,1,0
C105594,51.0,62,37.65,Month-to-month,DSL,UPI,No,No,2,0
C105595,74.0,26,59.01,One year,Fiber,UPI,No,No,2,1
C105596,79.0,39,30.21,One year,DSL,Cash,No,Yes,2,0
C105597,28.0,49,34.17,One year,DSL,UPI,Yes,Yes,0,0
C105598,40.0,55,61.76,Month-to-month,Fiber,Bank transfer,No,Yes,0,0
C105599,68.0,56,81.48,Month-to-month,Fiber,UPI,No,No,0,0
C105600,36.0,25,74.0,Month-to-month,Fiber,UPI,No,Yes,1,1
C105601,30.0,72,34.26,Month-to-month,None,Cash,No,Yes,2,0
C105602,27.0,1,76.32,Month-to-month,Fiber,Card,No,No,0,0
C105603,49.0,36,10.0,Two year,None,Cash,Yes,Yes,0,0
C105604,41.0,44,30.46,One year,None,UPI,Yes,No,2,0
C105605,75.0,5,16.39,Month-to-month,None,UPI,No,Yes,0,1
C105606,77.0,33,45.92,Month-to-month,DSL,UPI,Yes,Yes,2,0
C105607,23.0,43,82.06,One year,Fiber,Card,No,No,1,0
C105608,73.0,44,80.81,Month-to-month,Fiber,Card,No,Yes,2,1
C105609,23.0,9,28.59,Month-to-month,None,Cash,Yes,Yes,1,1
C105610,62.0,20,38.47,Month-to-month,DSL,UPI,Yes,No,2,0
C105611,77.0,18,34.92,One year,DSL,Cash,No,No,1,0
C105612,39.0,47,50.08,One year,DSL,Card,Yes,Yes,1,0
C105613,27.0,24,37.18,Month-to-month,DSL,Card,Yes,Yes,3,0
C105614,22.0,42,16.92,Month-to-month,None,UPI,No,Yes,2,0
C105615,39.0,53,38.54,One year,DSL,Card,Yes,Yes,2,0
C105616,77.0,58,79.19,One year,Fiber,UPI,No,Yes,2,1
C105617,46.0,14,78.9,One year,Fiber,Cash,No,Yes,2,1
C105618,43.0,66,61.31,Month-to-month,Fiber,Cash,No,No,2,0
C105619,18.0,12,43.64,One year,DSL,UPI,No,Yes,0,0
C105620,59.0,2,,Two year,Fiber,UPI,Yes,Yes,2,0
C105621,29.0,4,67.24,One year,Fiber,UPI,No,Yes,1,1
C105622,60.0,15,13.4,Month-to-month,None,UPI,No,Yes,2,0
C105623,69.0,63,81.44,One year,Fiber,Bank transfer,No,Yes,1,0
C105624,66.0,15,32.23,Month-to-month,None,UPI,Yes,No,2,1
C105625,50.0,50,47.56,Month-to-month,DSL,Card,Yes,Yes,5,0
C105626,,31,59.54,Month-to-month,Fiber,Card,Yes,No,2,1
C105627,42.0,3,68.32,Two year,Fiber,Cash,Yes,No,1,1
C105628,61.0,32,70.46,Month-to-month,Fiber,Bank transfer,Yes,No,2,0
C105629,60.0,3,82.02,Two year,Fiber,Cash,No,No,1,0
C105630,29.0,35,41.46,Month-to-month,DSL,UPI,Yes,No,4,1
C105631,38.0,41,33.21,Month-to-month,DSL,,Yes,Yes,2,0
C105632,66.0,38,21.3,Month-to-month,None,UPI,No,Yes,1,0
C105633,45.0,21,25.71,One year,None,Cash,No,No,3,0
C105634,32.0,56,40.98,Month-to-month,DSL,Card,Yes,Yes,1,0
C105635,,43,83.44,Month-to-month,Fiber,Bank transfer,Yes,Yes,1,0
C105636,71.0,19,81.65,Month-to-month,Fiber,Card,No,No,0,0
C105637,66.0,32,79.98,Month-to-month,Fiber,Card,No,Yes,0,1
C105638,44.0,8,28.89,Month-to-month,DSL,Card,No,Yes,3,0
C105639,52.0,67,14.38,Month-to-month,None,UPI,No,No,0,0
C105640,76.0,55,62.07,Month-to-month,Fiber,Bank transfer,No,Yes,0,0
C105641,50.0,21,73.39,Two year,Fiber,Cash,No,No,0,0
C105642,69.0,49,66.24,Month-to-month,Fiber,UPI,Yes,No,1,0
C105643,70.0,49,74.77,Month-to-month,Fiber,UPI,No,Yes,1,0
C105644,67.0,44,40.92,Month-to-month,DSL,Bank transfer,No,Yes,2,0
C105645,55.0,4,21.97,Month-to-month,None,Card,No,No,1,1
C105646,39.0,64,42.26,One year,DSL,Bank transfer,Yes,Yes,2,0
C105647,39.0,69,15.07,Month-to-month,None,Bank transfer,No,No,0,0
C105648,68.0,71,10.0,Month-to-month,None,UPI,No,Yes,0,0
C105649,43.0,71,64.59,One year,Fiber,Card,Yes,Yes,0,0
C105650,33.0,67,76.94,Month-to-month,Fiber,Card,Yes,No,0,1
C105651,29.0,54,49.97,Two year,DSL,UPI,Yes,Yes,0,0
C105652,56.0,5,82.08,Two year,Fiber,Cash,No,Yes,0,1
C105653,77.0,34,68.66,Month-to-month,Fiber,UPI,Yes,No,0,0
C105654,41.0,18,42.95,Month-to-month,DSL,UPI,No,Yes,1,0
C105655,58.0,16,24.18,Month-to-month,DSL,UPI,No,Yes,2,1
C105656,37.0,60,32.68,Month-to-month,None,Bank transfer,No,No,2,0
C105657,42.0,59,39.51,Month-to-month,DSL,UPI,No,Yes,0,0
C105658,43.0,38,41.64,One year,DSL,Card,No,No,1,0
C105659,40.0,54,20.03,Month-to-month,DSL,Bank transfer,No,Yes,3,0
C105660,70.0,10,74.04,Month-to-month,Fiber,UPI,No,No,1,0
C105661,74.0,16,85.1,Month-to-month,Fiber,,Yes,Yes,1,1
C105662,34.0,62,72.73,Two year,Fiber,UPI,Yes,No,2,0
C105663,40.0,33,69.64,Two year,Fiber,Card,No,Yes,3,0
C105664,19.0,40,33.33,Month-to-month,DSL,Cash,Yes,No,3,1
C105665,64.0,34,64.62,One year,Fiber,Bank transfer,No,No,3,1
C105666,61.0,15,36.11,Month-to-month,DSL,Cash,Yes,No,2,0
C105667,69.0,60,10.66,One year,None,Cash,No,Yes,0,0
C105668,52.0,55,39.0,One year,DSL,,Yes,Yes,0,0
C105669,74.0,50,44.28,Two year,DSL,UPI,Yes,Yes,1,0
C105670,26.0,26,66.96,Month-to-month,Fiber,Bank transfer,No,No,1,0
C105671,41.0,47,,Month-to-month,DSL,Card,No,Yes,1,1
C105672,45.0,69,69.89,Two year,Fiber,Cash,No,Yes,2,0
C105673,65.0,47,73.56,Month-to-month,Fiber,Card,No,Yes,2,0
C105674,31.0,36,27.68,Month-to-month,None,UPI,No,Yes,1,0
C105675,38.0,20,38.72,One year,DSL,Bank transfer,Yes,Yes,3,0
C105676,23.0,38,77.28,One year,Fiber,Cash,Yes,Yes,2,1
C105677,76.0,27,74.57,One year,Fiber,UPI,No,Yes,2,1
C105678,46.0,45,42.31,One year,DSL,UPI,Yes,Yes,2,0
C105679,18.0,4,72.93,One year,Fiber,UPI,No,Yes,3,1
C105680,32.0,14,23.05,Month-to-month,None,UPI,No,Yes,3,0
C105681,53.0,57,75.93,One year,Fiber,Bank transfer,Yes,No,1,0
C105682,48.0,28,19.82,One year,None,UPI,No,Yes,3,0
C105683,49.0,32,74.0,Two year,Fiber,Bank transfer,No,No,1,0
C105684,21.0,40,63.27,Month-to-month,Fiber,Card,Yes,Yes,2,0
C105685,72.0,32,10.0,Month-to-month,None,UPI,No,No,3,0
C105686,69.0,55,36.14,One year,DSL,Cash,No,Yes,1,0
C105687,31.0,18,64.0,Month-to-month,Fiber,UPI,No,No,0,1
C105688,40.0,55,85.84,Month-to-month,Fiber,UPI,Yes,No,2,0
C105689,23.0,16,13.98,Two year,None,UPI,No,No,1,0
C105690,25.0,27,26.49,Month-to-month,None,Cash,Yes,Yes,0,1
C105691,70.0,43,29.68,Month-to-month,DSL,Card,Yes,No,1,0
C105692,25.0,64,70.17,Month-to-month,Fiber,,No,Yes,0,0
C105693,39.0,17,26.42,Month-to-month,DSL,Cash,No,Yes,1,0
C105694,79.0,43,60.68,One year,Fiber,Bank transfer,No,No,0,1
C105695,38.0,5,72.64,Month-to-month,Fiber,UPI,No,No,2,1
C105696,60.0,6,32.17,Month-to-month,DSL,,Yes,No,0,1
C105697,24.0,56,26.29,Month-to-month,None,UPI,No,No,3,0
C105698,72.0,52,80.33,Month-to-month,Fiber,Cash,Yes,No,0,0
C105699,75.0,28,57.59,Month-to-month,Fiber,Bank transfer,No,Yes,0,0
C105700,74.0,45,28.74,Month-to-month,None,Cash,Yes,Yes,1,0
C105701,57.0,28,62.31,Month-to-month,Fiber,Cash,Yes,Yes,1,0
C105702,78.0,20,67.34,Month-to-month,Fiber,UPI,No,Yes,1,1
C105703,60.0,32,23.79,Month-to-month,DSL,UPI,Yes,No,0,0
C105704,41.0,23,24.02,Month-to-month,DSL,Bank transfer,No,Yes,3,0
C105705,73.0,59,19.44,Month-to-month,DSL,Bank transfer,No,No,1,0
C105706,34.0,30,31.76,Month-to-month,DSL,Bank transfer,No,Yes,1,0
C105707,70.0,24,35.49,Month-to-month,DSL,Card,No,Yes,3,1
C105708,75.0,39,67.03,Month-to-month,Fiber,Cash,No,No,3,1
C105709,46.0,55,55.67,Month-to-month,Fiber,Bank transfer,No,Yes,0,0
C105710,32.0,20,19.34,One year,DSL,Cash,Yes,Yes,2,0
C105711,27.0,68,70.08,Month-to-month,Fiber,UPI,No,No,1,0
C105712,51.0,34,26.31,One year,None,UPI,No,Yes,0,0
C105713,59.0,48,36.98,One year,DSL,Bank transfer,No,Yes,2,0
C105714,54.0,69,84.94,Month-to-month,Fiber,Bank transfer,No,No,1,0
C105715,58.0,32,34.7,Month-to-month,DSL,Card,Yes,Yes,3,0
C105716,19.0,15,72.52,Month-to-month,Fiber,UPI,No,No,3,1
C105717,20.0,54,69.83,Month-to-month,Fiber,Bank transfer,Yes,No,2,0
C105718,34.0,1,28.75,Month-to-month,DSL,Cash,No,Yes,1,1
C105719,73.0,33,33.69,Month-to-month,DSL,Card,No,No,0,0
C105720,49.0,71,26.71,Two year,None,Card,No,Yes,2,0
C105721,38.0,30,42.02,Month-to-month,DSL,UPI,Yes,Yes,0,0
C105722,59.0,50,72.86,One year,Fiber,Card,No,No,3,0
C105723,44.0,38,82.66,One year,Fiber,Card,Yes,Yes,2,0
C105724,26.0,16,38.66,Month-to-month,DSL,UPI,Yes,Yes,1,0
C105725,49.0,23,72.61,Two year,Fiber,UPI,Yes,Yes,0,0
C105726,61.0,38,82.02,Two year,Fiber,UPI,No,Yes,2,1
C105727,74.0,8,29.28,Month-to-month,DSL,UPI,No,Yes,2,0
C105728,40.0,30,,Month-to-month,None,Cash,No,Yes,1,0
C105729,28.0,30,62.21,Month-to-month,Fiber,UPI,Yes,No,2,0
C105730,71.0,61,67.87,Month-to-month,Fiber,Bank transfer,No,No,1,0
C105731,40.0,9,20.31,Month-to-month,DSL,Card,No,Yes,3,0
C105732,27.0,61,37.01,Month-to-month,DSL,Bank transfer,Yes,Yes,0,0
C105733,,30,80.6,Month-to-month,Fiber,Bank transfer,No,Yes,4,1
C105734,21.0,47,62.5,One year,Fiber,Card,No,Yes,0,0
C105735,79.0,41,32.74,Month-to-month,DSL,Bank transfer,No,No,2,0
C105736,66.0,22,68.23,Month-to-month,Fiber,Bank transfer,No,No,2,1
C105737,45.0,68,68.28,Month-to-month,Fiber,UPI,No,Yes,1,0
C105738,51.0,17,26.62,One year,DSL,Bank transfer,No,No,0,0
C105739,42.0,3,70.3,One year,Fiber,UPI,Yes,No,2,0
C105740,47.0,55,82.56,Month-to-month,Fiber,UPI,No,Yes,2,0
C105741,75.0,45,65.99,One year,Fiber,Cash,No,No,2,1
C105742,,65,71.84,Month-to-month,Fiber,Card,Yes,Yes,5,0
C105743,59.0,33,71.78,One year,Fiber,Card,No,No,1,1
C105744,78.0,2,16.83,One year,None,Card,No,No,2,0
C105745,28.0,2,22.23,Month-to-month,None,Cash,Yes,Yes,0,0
C105746,74.0,32,66.95,One year,Fiber,Card,No,Yes,1,0
C105747,28.0,18,73.34,Two year,Fiber,Card,No,Yes,0,0
C105748,34.0,67,19.44,One year,None,Bank transfer,Yes,No,2,0
C105749,57.0,9,10.0,Month-to-month,None,Bank transfer,Yes,No,2,0
C105750,26.0,64,20.61,One year,DSL,UPI,No,Yes,1,0
C105751,46.0,16,17.9,Month-to-month,DSL,Cash,No,No,2,0
C105752,38.0,9,66.72,One year,Fiber,Card,No,Yes,1,0
C105753,18.0,20,26.65,Two year,None,UPI,No,Yes,5,0
C105754,29.0,11,14.16,Month-to-month,None,UPI,Yes,Yes,1,0
C105755,45.0,29,18.02,Month-to-month,None,UPI,No,No,1,0
C105756,23.0,24,29.77,Month-to-month,DSL,Cash,Yes,No,1,0
C105757,76.0,39,13.32,Month-to-month,None,UPI,No,Yes,1,0
C105758,44.0,39,52.62,Month-to-month,DSL,Card,No,No,0,0
C105759,64.0,1,63.62,Month-to-month,Fiber,Card,Yes,No,2,0
C105760,30.0,9,59.18,One year,Fiber,Card,No,Yes,2,0
C105761,52.0,12,62.84,Month-to-month,Fiber,Cash,No,Yes,0,0
C105762,25.0,15,70.6,Month-to-month,Fiber,Card,No,Yes,1,0
C105763,30.0,7,30.41,One year,DSL,Cash,No,Yes,3,0
C105764,60.0,23,37.29,Month-to-month,DSL,Card,Yes,Yes,0,0
C105765,38.0,40,14.16,Month-to-month,None,Cash,No,No,4,1
C105766,78.0,23,30.3,One year,DSL,Bank transfer,No,Yes,1,0
C105767,79.0,24,64.34,Two year,Fiber,Card,No,No,3,1
C105768,26.0,34,34.27,One year,DSL,Card,Yes,No,0,0
C105769,58.0,40,40.71,Month-to-month,DSL,Bank transfer,No,Yes,1,0
C105770,,24,41.55,Month-to-month,DSL,Card,No,Yes,3,0
C105771,35.0,16,81.26,Two year,Fiber,Card,Yes,Yes,2,0
C105772,70.0,30,59.5,One year,Fiber,Bank transfer,Yes,No,1,0
C105773,63.0,2,26.68,One year,DSL,Cash,Yes,Yes,1,0
C105774,38.0,36,12.65,One year,None,Bank transfer,No,Yes,5,0
C105775,23.0,68,34.97,Month-to-month,DSL,Cash,Yes,No,1,0
C105776,45.0,29,61.38,Month-to-month,Fiber,UPI,No,No,1,0
C105777,40.0,8,,One year,DSL,Bank transfer,Yes,Yes,2,1
C105778,50.0,51,25.48,Two year,None,UPI,Yes,No,4,0
C105779,32.0,10,43.56,Month-to-month,DSL,Bank transfer,Yes,No,3,0
C105780,37.0,14,75.54,One year,Fiber,Bank transfer,Yes,No,3,1
C105781,73.0,11,72.56,Month-to-month,Fiber,UPI,No,Yes,1,0
C105782,70.0,64,64.7,Two year,Fiber,Cash,No,No,1,0
C105783,63.0,71,20.17,Month-to-month,None,UPI,No,No,1,0
C105784,39.0,42,44.13,One year,DSL,UPI,No,Yes,1,0
C105785,48.0,45,75.29,Month-to-month,Fiber,UPI,No,No,1,0
C105786,36.0,47,27.08,One year,None,Card,Yes,Yes,1,0
C105787,43.0,44,27.61,One year,None,UPI,No,Yes,3,0
C105788,50.0,40,67.38,Month-to-month,Fiber,Cash,Yes,No,0,1
C105789,71.0,72,75.07,Two year,Fiber,UPI,No,No,2,0
C105790,67.0,53,66.96,Two year,Fiber,Bank transfer,No,Yes,0,0
C105791,30.0,7,74.76,Two year,Fiber,,No,Yes,2,0
C105792,76.0,29,29.81,Month-to-month,None,Cash,No,Yes,3,0
C105793,22.0,71,,One year,None,Bank transfer,Yes,Yes,2,0
C105794,20.0,30,74.76,One year,Fiber,,Yes,No,2,0
C105795,70.0,15,73.15,One year,Fiber,UPI,No,Yes,1,1
C105796,35.0,63,81.1,Month-to-month,Fiber,Bank transfer,Yes,No,2,1
C105797,71.0,45,28.08,One year,DSL,Card,Yes,Yes,0,0
C105798,22.0,41,31.57,Month-to-month,None,UPI,Yes,No,1,0
C105799,33.0,31,71.05,Month-to-month,Fiber,UPI,No,Yes,2,0
C105800,69.0,9,36.1,Month-to-month,DSL,Card,No,No,1,1
C105801,30.0,28,66.39,Month-to-month,Fiber,Cash,Yes,Yes,3,1
C105802,50.0,32,25.61,Month-to-month,DSL,Cash,Yes,Yes,1,0
C105803,62.0,68,46.77,Month-to-month,DSL,Bank transfer,No,No,0,0
C105804,39.0,23,73.23,One year,Fiber,Card,Yes,Yes,1,0
C105805,26.0,11,67.05,Month-to-month,Fiber,Cash,Yes,Yes,0,0
C105806,69.0,31,72.8,Month-to-month,Fiber,UPI,No,No,0,0
C105807,56.0,72,32.31,One year,DSL,Cash,No,No,1,0
C105808,74.0,35,56.36,Two year,Fiber,,Yes,Yes,2,0
C105809,61.0,28,33.58,Two year,DSL,Card,No,No,3,0
C105810,64.0,49,10.0,Two year,None,Bank transfer,No,Yes,3,0
C105811,56.0,47,36.9,Two year,DSL,Cash,No,Yes,1,0
C105812,59.0,22,32.69,One year,None,Card,Yes,Yes,0,1
C105813,44.0,70,29.87,Two year,DSL,UPI,Yes,Yes,2,0
C105814,75.0,43,41.33,Two year,DSL,UPI,No,Yes,0,0
C105815,68.0,5,64.88,Month-to-month,Fiber,Cash,Yes,Yes,0,1
C105816,33.0,30,69.84,Two year,Fiber,Bank transfer,Yes,Yes,0,0
C105817,75.0,67,12.98,One year,None,Cash,Yes,Yes,2,0
C105818,32.0,29,74.95,One year,Fiber,Bank transfer,Yes,Yes,0,0
C105819,61.0,41,,Two year,Fiber,Cash,No,Yes,1,0
C105820,75.0,45,,Month-to-month,DSL,UPI,Yes,Yes,1,0
C105821,43.0,51,74.28,Month-to-month,Fiber,Card,No,Yes,2,0
C105822,29.0,63,74.27,One year,Fiber,Bank transfer,Yes,Yes,1,0
C105823,79.0,11,18.01,One year,None,UPI,No,Yes,0,0
C105824,67.0,38,80.46,Two year,Fiber,UPI,No,Yes,2,0
C105825,45.0,39,65.86,Two year,Fiber,Card,Yes,No,0,0
C105826,79.0,11,10.0,One year,None,Bank transfer,No,No,1,1
C105827,25.0,49,27.63,Two year,DSL,Bank transfer,No,No,0,0
C105828,50.0,9,74.93,Month-to-month,Fiber,UPI,Yes,Yes,0,0
C105829,29.0,33,16.9,Two year,None,Cash,No,Yes,1,0
C105830,29.0,24,70.74,Month-to-month,Fiber,UPI,No,Yes,0,0
C105831,39.0,12,68.09,One year,Fiber,Card,No,No,2,1
C105832,53.0,60,21.45,Month-to-month,None,Card,Yes,Yes,1,0
C105833,28.0,18,43.75,One year,DSL,UPI,Yes,No,1,0
C105834,50.0,19,32.2,Month-to-month,None,Card,Yes,Yes,1,0
C105835,66.0,62,62.25,Month-to-month,Fiber,Bank transfer,Yes,No,1,0
C105836,27.0,64,77.46,One year,Fiber,Bank transfer,Yes,Yes,2,0
C105837,18.0,3,36.57,One year,DSL,UPI,No,Yes,1,0
C105838,64.0,21,60.21,Month-to-month,Fiber,Cash,Yes,Yes,0,0
C105839,43.0,52,38.95,One year,DSL,Cash,Yes,No,0,0
C105840,29.0,57,49.79,Month-to-month,DSL,UPI,Yes,No,1,1
C105841,72.0,72,,Month-to-month,Fiber,Card,No,No,0,0
C105842,44.0,40,33.17,Month-to-month,DSL,Card,No,No,2,0
C105843,25.0,1,57.15,One year,Fiber,Bank transfer,No,Yes,1,1
C105844,37.0,63,34.07,One year,DSL,UPI,No,Yes,0,0
C105845,53.0,12,36.28,One year,DSL,Bank transfer,Yes,No,2,0
C105846,36.0,9,50.79,Two year,DSL,Bank transfer,Yes,Yes,4,0
C105847,75.0,49,62.53,One year,Fiber,UPI,No,Yes,1,0
C105848,,44,42.71,One year,DSL,Card,Yes,Yes,1,0
C105849,22.0,5,37.41,Two year,DSL,Card,Yes,Yes,1,0
C105850,39.0,13,87.87,Month-to-month,Fiber,UPI,No,Yes,2,1
C105851,39.0,43,71.4,Month-to-month,Fiber,Bank transfer,Yes,No,4,0
C105852,27.0,19,,Month-to-month,Fiber,Bank transfer,Yes,No,3,1
C105853,20.0,50,41.77,One year,DSL,UPI,No,Yes,3,0
C105854,24.0,30,23.91,Month-to-month,None,Bank transfer,Yes,Yes,1,0
C105855,60.0,43,77.49,Month-to-month,Fiber,UPI,Yes,No,0,0
C105856,33.0,35,74.49,Two year,Fiber,Card,Yes,No,2,0
C105857,43.0,27,23.2,Two year,DSL,Card,Yes,No,2,0
C105858,26.0,25,39.18,Month-to-month,DSL,Card,No,Yes,1,0
C105859,76.0,51,73.99,Month-to-month,Fiber,Card,No,No,3,0
C105860,79.0,38,29.08,Month-to-month,DSL,UPI,No,No,1,0
C105861,60.0,43,72.32,Month-to-month,Fiber,Bank transfer,No,Yes,0,0
C105862,38.0,42,20.31,Two year,DSL,Card,No,No,4,0
C105863,55.0,15,37.04,One year,DSL,Card,No,Yes,2,0
C105864,41.0,66,40.48,Month-to-month,DSL,Card,No,No,3,0
C105865,74.0,41,42.68,Month-to-month,DSL,,No,No,2,0
C105866,55.0,52,75.61,Month-to-month,Fiber,Card,No,Yes,3,1
C105867,26.0,64,27.91,Month-to-month,DSL,Card,No,Yes,2,0
C105868,23.0,67,58.28,Month-to-month,Fiber,Card,No,Yes,2,1
C105869,66.0,49,,One year,DSL,Cash,No,No,2,0
C105870,63.0,57,73.24,Month-to-month,Fiber,UPI,Yes,No,3,0
C105871,63.0,34,23.95,Two year,None,Card,No,Yes,0,0
C105872,38.0,54,33.45,Month-to-month,None,UPI,No,No,0,0
C105873,59.0,24,57.14,One year,Fiber,Card,No,Yes,2,1
C105874,34.0,52,84.42,Month-to-month,Fiber,UPI,No,Yes,1,0
C105875,57.0,7,65.5,Month-to-month,Fiber,UPI,No,Yes,4,1
C105876,38.0,66,26.6,Two year,None,Cash,No,No,4,0
C105877,25.0,18,69.89,One year,Fiber,Cash,Yes,No,1,0
C105878,69.0,48,32.23,Month-to-month,DSL,Bank transfer,Yes,No,1,0
C105879,68.0,1,57.93,Month-to-month,Fiber,Card,Yes,No,2,1
C105880,66.0,12,29.62,One year,DSL,UPI,Yes,Yes,1,0
C105881,57.0,72,73.74,Two year,Fiber,UPI,Yes,Yes,0,0
C105882,57.0,61,37.84,One year,DSL,Bank transfer,No,No,2,0
C105883,65.0,17,42.62,Month-to-month,DSL,Card,No,Yes,1,1
C105884,52.0,10,64.47,Month-to-month,Fiber,Bank transfer,Yes,Yes,1,1
C105885,72.0,59,75.97,Month-to-month,Fiber,UPI,No,Yes,2,0
C105886,65.0,72,70.53,Month-to-month,Fiber,UPI,Yes,Yes,2,0
C105887,51.0,13,25.06,One year,None,,No,Yes,2,0
C105888,54.0,48,24.11,One year,None,UPI,No,Yes,1,0
C105889,77.0,21,66.23,Month-to-month,Fiber,Bank transfer,No,No,3,1
C105890,49.0,54,22.02,One year,None,UPI,Yes,Yes,1,0
C105891,24.0,31,73.69,One year,Fiber,Card,Yes,No,2,0
C105892,70.0,10,41.29,One year,DSL,Card,Yes,Yes,1,0
C105893,18.0,24,32.04,Month-to-month,None,Cash,No,No,2,1
C105894,33.0,39,,Month-to-month,Fiber,UPI,No,Yes,1,0
C105895,38.0,58,10.67,Month-to-month,None,UPI,No,Yes,0,0
C105896,19.0,2,45.29,Month-to-month,DSL,UPI,No,Yes,3,1
C105897,31.0,69,24.71,Month-to-month,DSL,UPI,Yes,Yes,2,0
C105898,28.0,47,43.27,Month-to-month,DSL,UPI,No,No,2,0
C105899,52.0,64,62.73,Month-to-month,Fiber,Card,No,Yes,0,0
C105900,72.0,67,14.96,Month-to-month,None,UPI,No,Yes,2,0
C105901,35.0,12,69.37,Two year,Fiber,UPI,No,No,1,0
C105902,42.0,7,23.39,One year,DSL,Card,Yes,No,1,0
C105903,60.0,56,62.24,Month-to-month,Fiber,Bank transfer,Yes,Yes,2,0
C105904,59.0,14,,Two year,DSL,Card,Yes,Yes,1,0
C105905,76.0,11,75.35,Month-to-month,Fiber,Card,No,Yes,1,1
C105906,50.0,34,69.91,Month-to-month,Fiber,Bank transfer,No,Yes,3,1
C105907,65.0,66,35.12,Two year,DSL,Cash,Yes,No,2,0
C105908,70.0,58,69.51,Month-to-month,Fiber,Card,No,Yes,3,0
C105909,44.0,38,69.86,Month-to-month,Fiber,Bank transfer,No,No,1,0
C105910,69.0,15,31.14,Month-to-month,DSL,Card,No,Yes,2,1
C105911,79.0,25,77.65,Month-to-month,Fiber,Bank transfer,No,Yes,0,1
C105912,25.0,50,55.89,One year,Fiber,UPI,No,No,1,0
C105913,65.0,12,58.46,Month-to-month,Fiber,Bank transfer,Yes,No,1,0
C105914,56.0,38,,Month-to-month,DSL,UPI,No,No,1,1
C105915,68.0,1,37.14,Month-to-month,DSL,UPI,No,Yes,0,1
C105916,52.0,24,53.8,Month-to-month,Fiber,,Yes,No,1,0
C105917,30.0,18,37.56,Month-to-month,DSL,Card,Yes,Yes,4,1
C105918,44.0,50,10.0,Two year,None,Card,No,No,1,0
C105919,60.0,66,80.4,One year,Fiber,UPI,No,No,1,0
C105920,73.0,11,77.36,Month-to-month,Fiber,UPI,No,Yes,1,1
C105921,22.0,58,86.78,One year,Fiber,Card,No,No,1,0
C105922,29.0,48,67.61,Month-to-month,Fiber,UPI,Yes,No,0,1
C105923,32.0,70,25.26,Month-to-month,DSL,UPI,No,No,0,1
C105924,54.0,66,30.68,Month-to-month,DSL,UPI,Yes,No,3,0
C105925,19.0,8,65.86,Month-to-month,Fiber,Cash,No,No,2,0
C105926,77.0,54,73.08,One year,Fiber,UPI,No,Yes,3,0
C105927,61.0,43,10.0,Two year,None,UPI,Yes,Yes,1,0
C105928,74.0,9,69.96,Month-to-month,Fiber,UPI,No,Yes,1,1
C105929,19.0,19,61.88,Month-to-month,Fiber,Card,No,Yes,6,1
C105930,35.0,67,30.9,One year,DSL,Bank transfer,No,No,0,0
C105931,45.0,40,46.06,Month-to-month,DSL,Cash,No,No,2,0
C105932,65.0,25,28.02,Month-to-month,None,Bank transfer,No,Yes,3,1
C105933,58.0,24,40.84,Two year,DSL,Cash,Yes,No,3,0
C105934,43.0,61,25.09,Two year,None,UPI,Yes,No,2,0
C105935,36.0,21,32.88,Two year,DSL,Bank transfer,No,No,1,0
C105936,38.0,12,69.61,Month-to-month,Fiber,Card,No,Yes,4,0
C105937,40.0,42,22.42,Month-to-month,DSL,Cash,No,Yes,0,0
C105938,60.0,72,60.13,Month-to-month,Fiber,UPI,No,No,2,0
C105939,71.0,14,36.01,Two year,DSL,Card,No,No,1,0
C105940,47.0,19,61.04,Month-to-month,Fiber,Bank transfer,Yes,No,1,0
C105941,,34,25.52,Month-to-month,None,UPI,Yes,No,1,0
C105942,36.0,15,69.6,Month-to-month,Fiber,Cash,Yes,Yes,1,1
C105943,71.0,47,32.62,One year,DSL,Bank transfer,No,Yes,2,0
C105944,18.0,19,65.15,One year,Fiber,Cash,No,No,0,1
C105945,64.0,10,73.61,One year,Fiber,UPI,No,Yes,1,1
C105946,76.0,19,40.42,Month-to-month,DSL,UPI,No,No,2,1
C105947,35.0,68,62.96,One year,Fiber,Bank transfer,No,No,1,0
C105948,60.0,68,15.8,Month-to-month,None,Card,Yes,No,3,0
C105949,22.0,37,68.49,Month-to-month,Fiber,Card,No,No,0,0
C105950,70.0,29,72.57,Month-to-month,Fiber,Cash,No,Yes,1,0
C105951,48.0,60,72.47,Month-to-month,Fiber,Cash,Yes,Yes,2,1
C105952,44.0,14,69.18,Month-to-month,Fiber,Cash,No,No,1,1
C105953,75.0,48,40.67,Two year,DSL,Card,Yes,No,0,0
C105954,75.0,49,68.91,Month-to-month,Fiber,,Yes,No,5,0
C105955,31.0,52,58.83,Month-to-month,Fiber,Cash,No,Yes,1,0
C105956,77.0,16,45.7,One year,DSL,Card,No,No,0,1
C105957,30.0,52,,One year,DSL,UPI,No,Yes,1,0
C105958,,45,10.0,Month-to-month,None,UPI,No,Yes,1,1
C105959,66.0,64,36.43,One year,DSL,Cash,No,No,1,0
C105960,49.0,13,45.4,Month-to-month,DSL,UPI,No,Yes,0,0
C105961,54.0,45,32.57,Month-to-month,DSL,Card,Yes,Yes,1,0
C105962,42.0,60,41.17,One year,DSL,UPI,Yes,Yes,0,0
C105963,43.0,21,28.88,One year,None,Card,No,No,0,0
C105964,49.0,54,72.15,Month-to-month,Fiber,Bank transfer,No,Yes,0,0
C105965,71.0,8,87.14,Month-to-month,Fiber,UPI,Yes,Yes,3,0
C105966,47.0,52,75.2,Month-to-month,Fiber,UPI,Yes,Yes,4,0
C105967,54.0,44,70.82,Month-to-month,Fiber,UPI,Yes,No,0,0
C105968,61.0,14,68.66,Two year,Fiber,Card,Yes,Yes,2,0
C105969,75.0,5,19.62,Month-to-month,None,Card,No,No,0,0
C105970,71.0,54,65.48,Two year,Fiber,Cash,No,No,1,0
C105971,40.0,18,61.09,Month-to-month,Fiber,UPI,No,Yes,0,1
C105972,71.0,36,62.81,Two year,Fiber,UPI,No,Yes,2,0
C105973,45.0,5,18.86,Month-to-month,None,UPI,No,Yes,5,1
C105974,23.0,70,41.43,Month-to-month,DSL,Cash,Yes,Yes,0,0
C105975,22.0,40,72.61,Month-to-month,Fiber,Bank transfer,No,Yes,2,0
C105976,30.0,68,71.35,Month-to-month,Fiber,Card,No,No,4,0
C105977,40.0,12,86.96,Two year,Fiber,UPI,No,Yes,0,0
C105978,42.0,15,33.46,One year,None,UPI,No,Yes,0,0
C105979,29.0,44,62.7,One year,Fiber,Bank transfer,No,Yes,2,0
C105980,29.0,44,40.64,Month-to-month,DSL,Cash,Yes,Yes,2,0
C105981,20.0,57,60.5,One year,Fiber,Bank transfer,Yes,Yes,1,0
C105982,74.0,67,22.14,One year,None,Cash,Yes,Yes,4,0
C105983,33.0,60,59.02,Two year,Fiber,UPI,No,No,1,0
C105984,58.0,11,15.14,One year,None,UPI,No,Yes,1,0
C105985,48.0,23,24.99,One year,None,UPI,Yes,Yes,0,0
C105986,40.0,66,16.36,Month-to-month,None,Bank transfer,Yes,No,3,0
C105987,33.0,40,26.37,Two year,DSL,Card,No,Yes,0,0
C105988,21.0,63,64.5,Month-to-month,Fiber,UPI,No,No,0,0
C105989,24.0,41,12.45,Month-to-month,None,Card,No,Yes,1,0
C105990,59.0,4,23.3,Two year,None,Card,Yes,Yes,1,0
C105991,45.0,35,44.62,Month-to-month,DSL,Cash,No,Yes,2,1
C105992,78.0,60,33.42,Month-to-month,DSL,Card,No,No,1,0
C105993,27.0,48,43.24,Month-to-month,DSL,Bank transfer,No,No,0,0
C105994,75.0,10,65.41,Month-to-month,Fiber,UPI,Yes,Yes,1,0
C105995,23.0,16,19.19,Two year,None,Bank transfer,No,Yes,1,0
C105996,63.0,62,84.27,Two year,Fiber,Cash,No,Yes,3,0
C105997,77.0,71,33.58,Month-to-month,DSL,Bank transfer,No,Yes,1,0
C105998,27.0,55,43.56,Two year,DSL,Bank transfer,Yes,Yes,0,0
C105999,47.0,8,14.24,One year,None,Card,No,No,1,0
C101782,79.0,2,35.51,Two year,DSL,Card,No,No,0,1
C103917,24.0,62,12.74,One year,None,Bank transfer,Yes,Yes,1,0
C100221,77.0,33,29.75,Two year,DSL,UPI,Yes,No,2,0
C102135,54.0,50,18.76,Month-to-month,None,Cash,Yes,Yes,0,0
C105224,47.0,39,74.92,Month-to-month,Fiber,Cash,No,Yes,1,0
C101168,72.0,72,33.39,Month-to-month,None,Card,No,Yes,1,0
C100879,74.0,46,68.38,Month-to-month,Fiber,Bank transfer,No,Yes,2,1
C100156,51.0,10,66.32,Month-to-month,Fiber,UPI,Yes,No,1,0
C101657,58.0,63,65.24,Month-to-month,Fiber,Card,Yes,Yes,2,1
C100323,43.0,66,73.91,Two year,Fiber,Card,Yes,No,3,0
C105302,,13,75.9,Month-to-month,Fiber,UPI,Yes,Yes,4,1
C102611,63.0,67,72.21,One year,Fiber,UPI,Yes,Yes,0,0
C100811,62.0,64,64.99,Month-to-month,Fiber,UPI,Yes,Yes,0,0
C100393,50.0,44,37.78,Month-to-month,DSL,UPI,Yes,No,0,0
C103593,53.0,41,67.98,Two year,Fiber,Card,No,Yes,3,0
C102638,18.0,11,14.78,Month-to-month,None,Cash,No,Yes,3,1
C102187,45.0,19,63.75,Month-to-month,Fiber,Cash,No,Yes,2,1
C105351,38.0,37,61.91,Two year,Fiber,UPI,Yes,Yes,0,0
C100319,24.0,56,34.48,Month-to-month,DSL,Card,No,Yes,3,0
C100167,43.0,13,33.7,Month-to-month,DSL,Bank transfer,No,No,1,0
C100746,42.0,39,63.21,Month-to-month,Fiber,UPI,No,Yes,2,0
C105470,20.0,43,27.74,Month-to-month,DSL,Bank transfer,Yes,No,1,0
C103707,33.0,55,28.95,Month-to-month,DSL,Card,No,No,2,0
C102764,77.0,15,18.77,Month-to-month,None,Card,Yes,No,3,0
C105112,58.0,72,67.46,Two year,Fiber,UPI,No,Yes,2,0
C104006,68.0,19,50.68,Two year,Fiber,Cash,Yes,No,2,0
C101871,22.0,15,43.1,Month-to-month,DSL,Bank transfer,No,Yes,3,0
C105756,23.0,24,29.77,Month-to-month,DSL,Cash,Yes,No,1,0
C103193,63.0,14,73.76,Month-to-month,Fiber,UPI,No,No,2,1
C103754,21.0,3,15.76,Month-to-month,None,Card,Yes,Yes,1,1
C105625,50.0,50,47.56,Month-to-month,DSL,Card,Yes,Yes,5,0
C104894,74.0,35,28.73,Month-to-month,DSL,Bank transfer,No,Yes,2,0
C104102,71.0,14,69.18,One year,Fiber,UPI,Yes,Yes,3,1
C101261,70.0,67,13.18,Two year,None,Cash,No,No,3,0
C102338,72.0,4,80.83,Two year,Fiber,UPI,No,Yes,1,0
C100084,33.0,46,33.08,One year,DSL,UPI,No,Yes,2,1
C103821,36.0,1,34.7,Two year,DSL,UPI,Yes,No,0,0
C102653,68.0,27,65.61,Month-to-month,Fiber,Bank transfer,No,Yes,1,1
C105545,23.0,64,60.49,Month-to-month,Fiber,UPI,No,No,5,0
C102746,53.0,17,34.44,Month-to-month,DSL,Cash,Yes,No,2,1
